frame,t,unix,latency_ms,proc_ms,face,closed,ear,iris_h,blink_bs,jaw,mouth_ap,jaw_s,head_yaw_mp,head_pitch_mp,est_yaw,zone,speaking,n_hands,hands_on_wheel,hand_dash,skin_l,skin_r,skin_dash,cal
0,0.0301,1790926277.0168,296.77605628967285,63.120126724243164,1,0,0.3253289659600669,0.5021768423504811,0.05441270396113396,0.06215713918209076,0.0013458472880389111,0.0,-2.5842432969164855,9.688653661840384,0.0,n/a,0,0,2,0,0.46401515151515155,0.3717049319727891,0.06556766055045872,1
1,0.1137,1790926277.0633,270.7388401031494,20.462751388549805,1,0,0.33103735630863007,0.5075299476431362,0.04307657852768898,0.06080717220902443,0.0012564722998070353,0.0,-2.4746776676758255,9.863497843404488,0.0,n/a,0,1,2,0,0.4639290633608815,0.36724064625850344,0.06573967889908257,1
2,0.1555,1790926277.1333,224.13992881774902,24.410724639892578,1,0,0.3296656316590453,0.5089942595003573,0.04203890636563301,0.05560610443353653,0.0012997783361835354,0.0,-2.4435519610710275,10.095954676475147,0.0,n/a,0,1,2,0,0.46332644628099173,0.3675595238095238,0.06571100917431193,1
3,0.1933,1790926277.1682,236.57512664794922,46.32568359375,1,0,0.3288823681569546,0.5085495596031148,0.04241576045751572,0.0511137880384922,0.0014420125259988269,0.0,-2.460065194810628,10.276025172072842,0.0,n/a,0,1,2,0,0.4627238292011019,0.36724064625850344,0.06573967889908257,1
4,0.2282,1790926277.1781,253.42917442321777,27.754545211791992,1,0,0.3284727635426052,0.5082556400781532,0.042483698576688766,0.04848192259669304,0.0015003454204916117,0.0,-2.501765831548116,10.302404966926153,0.0,n/a,0,1,2,0,0.46207816804407714,0.3667091836734694,0.06568233944954129,1
5,0.283,1790926277.2595,194.92506980895996,21.413087844848633,1,0,0.3278545822488954,0.5078470642439402,0.04288865998387337,0.046461328864097595,0.0015649672130828036,0.0001100081337115677,-2.53411703599472,10.367958362628123,0.0,n/a,0,0,2,0,0.4604855371900826,0.36825042517006806,0.06559633027522936,1
6,0.3201,1790926277.3268,159.99078750610352,22.22609519958496,1,0,0.32747411986317687,0.50811908266798,0.04283600673079491,0.04558099806308746,0.0015826034492960313,0.00011994154191655481,-2.5555218235210755,10.395029009244332,0.0,n/a,0,0,2,0,0.46070075757575757,0.3675595238095238,0.06559633027522936,1
7,0.3874,1790926277.338,189.6989345550537,17.604827880859375,1,0,0.3273357091327579,0.5081611112281905,0.04301545023918152,0.04493404179811478,0.0015832825727077895,0.00012346808369959755,-2.5738551038310415,10.448043518994776,0.0,n/a,0,1,2,0,0.46134641873278237,0.3667091836734694,0.06539564220183486,1
8,0.4336,1790926277.4108,227.53572463989258,52.76775360107422,1,0,0.32682938630957514,0.5081130434174692,0.04311623424291611,0.04457021877169609,0.0016080152007929476,0.00012694045369917122,-2.576614980100123,10.46329152938452,0.0,n/a,0,1,2,0,0.46108815426997246,0.3664434523809524,0.06553899082568806,1
9,0.4721,1790926277.4858,182.99531936645508,31.48508071899414,1,0,0.32663670192297056,0.5076935168338176,0.043220095336437225,0.04448634013533592,0.0016088488673667884,0.00012794389261364965,-2.5837727924593388,10.480118777966489,0.0,n/a,0,1,2,0,0.4619059917355372,0.36628401360544216,0.06545298165137614,1
10,0.5467,1790926277.4981,222.98336029052734,36.170244216918945,1,0,0.3261834908879747,0.5074372608621681,0.04320293292403221,0.044254105538129807,0.0016314143655101138,0.00012959886544531028,-2.5832463512547137,10.48696419853055,0.0,n/a,0,1,2,0,0.4615185950413223,0.36548681972789115,0.06551032110091742,1
11,0.6026,1790926277.5799,244.9934482574463,23.61440658569336,1,0,0.32607575767251046,0.5072254454631507,0.04321947693824768,0.04408342391252518,0.0016291191559212968,0.0001296551797996649,-2.5906663505494945,10.489384964405566,0.0,n/a,0,1,2,0,0.45953856749311295,0.3638924319727891,0.06533830275229359,1
12,0.6397,1790926277.6451,229.96878623962402,32.060861587524414,1,0,0.32585658304259724,0.5070869525442576,0.04326993227005005,0.04404698684811592,0.0016339055794283032,0.0001292609202504076,-2.5889857696610385,10.491475798953097,0.0,n/a,0,1,2,0,0.4591511707988981,0.36474277210884354,0.06530963302752295,1
13,0.7056,1790926277.658,294.5828437805176,34.433841705322266,1,0,0.3250152387103349,0.5061728756488999,0.043720122426748276,0.044142160564661026,0.001631223036123987,0.00012814378465623798,-2.5936567809423985,10.502659572565603,0.0,n/a,0,1,2,0,0.46018422865013775,0.3645833333333333,0.06539564220183486,1
14,0.7614,1790926277.7631,283.9770317077637,60.034990310668945,1,0,0.32455860625942023,0.506094284957585,0.043863363564014435,0.04406718164682388,0.0016657722011447467,0.00012883993975552,-2.591079806929789,10.505637928323793,0.0,n/a,0,1,2,0,0.4597107438016529,0.36394557823129253,0.06533830275229359,1
15,0.8238,1790926277.8407,244.79031562805176,30.852317810058594,1,0,0.32455613087800317,0.5058032115622588,0.04390105977654457,0.043824683874845505,0.0016624923517708121,0.00012867137144765932,-2.594288638119466,10.504920689006864,0.0,n/a,0,1,2,0,0.46121728650137744,0.36516794217687076,0.06548165137614678,1
16,0.9029,1790926277.8593,301.7163276672363,49.208879470825195,1,0,0.3244256541201052,0.5056653541429421,0.043942004442214966,0.04344752058386803,0.0016681192509624735,0.000128396977441931,-2.5940293074407257,10.504327621918746,0.0,n/a,0,1,2,0,0.4619059917355372,0.3645833333333333,0.06545298165137614,1
17,0.9205,1790926277.911,284.60216522216797,34.59453582763672,1,0,0.32442239289614005,0.5054115473426666,0.043937236070632935,0.043379947543144226,0.0016689419328185559,0.00012782292645239132,-2.595996691666495,10.505683949789592,0.0,n/a,0,1,2,0,0.4612603305785124,0.3645833333333333,0.0654243119266055,1
18,0.9716,1790926277.9618,267.01855659484863,27.820348739624023,1,0,0.3242543669303332,0.5051574604049843,0.043896663933992386,0.04332922026515007,0.001678891695847945,0.000127470788559061,-2.5931816804933936,10.508801268809947,0.0,n/a,0,1,2,0,0.46057162534435264,0.366390306122449,0.06548165137614678,1
19,1.0232,1790926278.0168,280.7302474975586,38.43569755554199,1,0,0.3240766140880209,0.5034554561853174,0.04390118643641472,0.043182212859392166,0.0016757676615037048,0.00012672909314865257,-2.5964963701551995,10.509913612265356,0.0,n/a,0,1,2,0,0.4616046831955923,0.36575255102040816,0.06536697247706422,1
20,1.0776,1790926278.0582,280.03883361816406,38.663387298583984,1,0,0.32390919828148557,0.5033473474870548,0.04398464411497116,0.04305156320333481,0.001691995367003617,0.00011874449511680018,-2.5966106673148674,10.508288949596317,0.0,n/a,0,1,2,0,0.4615185950413223,0.3664965986394558,0.06539564220183486,1
21,1.1202,1790926278.1077,298.78950119018555,51.96499824523926,1,0,0.32366317774255526,0.5027177986655801,0.0442308634519577,0.042946264147758484,0.0016903826011823836,9.393132112638829e-05,-2.5997315592207046,10.51105548344573,0.0,n/a,0,1,2,0,0.4617768595041322,0.3671875,0.06565366972477064,1
22,1.1699,1790926278.1506,289.7472381591797,33.858299255371094,1,0,0.3234706223160045,0.5029508983901885,0.044418297708034515,0.042893022298812866,0.0016897136217887984,6.410084326970218e-05,-2.5986910227203515,10.51368310571313,0.0,n/a,0,1,2,0,0.4616477272727273,0.3679315476190476,0.06556766055045872,1
23,1.2116,1790926278.192,282.9172611236572,22.52030372619629,1,0,0.32345849248887015,0.5029403920313031,0.04450928047299385,0.04284827783703804,0.001686785933673711,4.966109110195381e-05,-2.6014160665257005,10.516226519485674,0.0,n/a,0,1,2,0,0.46100206611570244,0.3679315476190476,0.06556766055045872,1
24,1.2539,1790926278.2475,282.75465965270996,20.6758975982666,1,0,0.3233569673789639,0.5032017740127877,0.0445684939622879,0.042847562581300735,0.0016867040199147138,3.946481978928791e-05,-2.6019921556408767,10.518830739871719,0.0,n/a,0,1,2,0,0.4617768595041322,0.36777210884353745,0.06556766055045872,1
25,1.3096,1790926278.2882,288.4173393249512,29.31976318359375,1,0,0.323176160264106,0.5033598312239019,0.0448014922440052,0.04289983585476875,0.0016801949482731363,3.526346483256971e-05,-2.605625185980931,10.531053241646344,0.0,n/a,0,1,2,0,0.46194903581267216,0.36654974489795916,0.06568233944954129,1
26,1.3498,1790926278.337,305.6149482727051,56.54144287109375,1,0,0.32294757691959497,0.5037239802964766,0.044952310621738434,0.04290562495589256,0.001682568363244153,3.1896273309540575e-05,-2.60414352092807,10.533901610079797,0.0,n/a,0,1,2,0,0.462508608815427,0.3679315476190476,0.06576834862385321,1
27,1.3988,1790926278.3804,300.4415035247803,34.507036209106445,1,0,0.3230503817796181,0.5040744659581752,0.044847529381513596,0.04286873713135719,0.0016796468854823991,2.7226380999399547e-05,-2.6107961222522236,10.532998466018698,0.0,n/a,0,1,2,0,0.46255165289256195,0.3676126700680272,0.06571100917431193,1
28,1.441,1790926278.4229,295.4545021057129,26.549577713012695,1,0,0.3229854728111571,0.5039539152350959,0.04482053592801094,0.042749401181936264,0.001679823193645382,2.4388095990202807e-05,-2.6042999868256955,10.536992293297567,0.0,n/a,0,1,2,0,0.4628960055096419,0.3671875,0.06556766055045872,1
29,1.4846,1790926278.4749,751.6908645629883,24.405717849731445,1,0,0.3231496398570556,0.5035753425338292,0.04452712833881378,0.04268032684922218,0.0016752653663094988,2.059037752941497e-05,-2.6086567823556677,10.537852896476007,0.0,n/a,0,1,2,0,0.4638429752066116,0.3681972789115646,0.06568233944954129,1
30,1.5355,1790926278.5126,823.6427307128906,23.571252822875977,1,0,0.32347558940351107,0.5036919139547583,0.04421519488096237,0.042606957256793976,0.0016805526114123761,2.0233116765570395e-05,-2.604331322271081,10.537898922748044,0.0,n/a,0,1,2,0,0.4638429752066116,0.367453231292517,0.06559633027522936,1
31,1.5735,1790926279.1538,269.8805332183838,37.74380683898926,1,1,0.12348730108185663,0.5235506977036131,0.42351436614990234,0.049561068415641785,0.001729796276700815,2.2070819863834548e-05,-2.3760335507430526,9.455396766031772,0.0,n/a,0,1,2,0,0.4610451101928375,0.3671875,0.0659690366972477,1
32,1.9068,1790926279.2592,316.821813583374,17.34328269958496,1,0,0.30130255839216724,0.536001060609496,0.06606978178024292,0.04710037633776665,0.0016390372640602653,1.7110447650334116e-05,-2.415843675959987,9.859585244820375,0.0,n/a,0,1,2,0,0.4637568870523416,0.3679315476190476,0.065625,1
33,2.0129,1790926279.3167,340.0557041168213,35.92991828918457,1,0,0.30861559135362404,0.5229686813313912,0.0598253458738327,0.0394415408372879,0.0015506805883988832,3.7351718534634815e-05,-0.24369925359641206,10.281257395859072,0.0,n/a,0,1,2,0,0.4630681818181818,0.3674000850340136,0.06573967889908257,1
34,2.0701,1790926279.376,332.19432830810547,33.98609161376953,1,0,0.30709888340740454,0.6730177544583805,0.06068519130349159,0.04157475009560585,0.0019191713683174277,7.155144125774057e-05,1.7838644394277343,9.663398336906978,0.0,n/a,0,1,2,0,0.4619059917355372,0.3673469387755102,0.06565366972477064,1
35,2.1285,1790926279.431,343.6572551727295,44.53396797180176,1,0,0.30463761079645063,0.7083088504792152,0.06699497252702713,0.03173869103193283,0.002275858718282947,0.0001679019873837437,3.3855208816741977,10.023467354249709,0.0,n/a,0,1,2,0,0.462379476584022,0.367718962585034,0.06556766055045872,1
36,2.1838,1790926279.4847,330.1587104797363,33.38146209716797,1,0,0.30370256763386105,0.7172799573328574,0.06529037654399872,0.029221363365650177,0.0024936620095506114,0.0002571760912705512,4.405976539351915,10.366048888960092,0.0,n/a,0,1,2,0,0.4640581955922865,0.367718962585034,0.06553899082568806,1
37,2.2371,1790926279.5337,312.1771812438965,26.25441551208496,1,0,0.30772246952539234,0.7117377851003746,0.05786542594432831,0.029179250821471214,0.002893450112352584,0.000380689540372948,5.360130347266613,10.521939507890563,0.0,n/a,0,1,2,0,0.46534951790633605,0.36814413265306123,0.06545298165137614,1
38,2.2871,1790926279.5857,318.36581230163574,37.056684494018555,1,0,0.30786198904903267,0.723020286459403,0.058766309171915054,0.02629903145134449,0.002926552041588377,0.00046187051147895296,5.829189603573337,10.657712208823146,0.0,n/a,0,1,2,0,0.4663395316804408,0.3697916666666667,0.06539564220183486,1
39,2.3386,1790926279.6369,305.9055805206299,32.64617919921875,1,0,0.30866723707678445,0.7209942884203053,0.06013558804988861,0.030770963057875633,0.0032799415676140905,0.000563949980530396,6.19700258244789,10.601163772331281,0.0,n/a,0,1,2,0,0.4669851928374656,0.3697916666666667,0.06553899082568806,1
40,2.3948,1790926279.7047,306.318998336792,42.679786682128906,1,0,0.3070157282572457,0.7177538684560578,0.0626940205693245,0.031183090060949326,0.003270769117367846,0.0006288048841519557,6.238230756088804,10.222675309739166,0.0,n/a,0,1,2,0,0.4700843663911846,0.37255527210884354,0.06548165137614678,1
41,2.4596,1790926279.7605,295.96400260925293,26.43728256225586,1,0,0.3072816010231134,0.7167003842558021,0.06135127320885658,0.027941348031163216,0.0032520401817492427,0.0006678402417553564,6.379633539175409,10.214754717635577,0.0,n/a,0,1,2,0,0.4711604683195592,0.3745748299319728,0.06530963302752295,1
42,2.5125,1790926279.8139,296.79083824157715,42.73200035095215,1,0,0.30753849693096924,0.7167887925354293,0.06238401681184769,0.026697080582380295,0.003273005872588103,0.0006787660358321429,6.3857807403429385,10.239499198587305,0.0,n/a,0,1,2,0,0.47068698347107435,0.3761160714285714,0.06522362385321101,1
43,2.5684,1790926279.8633,291.4564609527588,28.865575790405273,1,0,0.3078396417578982,0.7141830837537311,0.06412660330533981,0.02621040679514408,0.003373181725591735,0.0006760817261833513,6.3986267421534295,10.187493078439715,0.0,n/a,0,1,2,0,0.4697400137741047,0.3801551870748299,0.0654243119266055,1
44,2.6162,1790926279.9046,301.1646270751953,45.72868347167969,1,0,0.3075984059058761,0.7149333853046989,0.06449494510889053,0.02578183263540268,0.0034613230669116764,0.0006607435639010753,6.400700404415133,10.175831298544,0.0,n/a,0,1,2,0,0.46870695592286504,0.3820684523809524,0.06513761467889909,1
45,2.6577,1790926279.9556,290.44294357299805,35.08496284484863,1,0,0.3076126462958445,0.7162578880431786,0.06382434070110321,0.02523052878677845,0.0034836829181957656,0.0006649559844692512,6.360461570116868,10.1338067944411,0.0,n/a,0,1,2,0,0.468879132231405,0.3810586734693877,0.06539564220183486,1
46,2.7089,1790926279.9991,274.6546268463135,25.33555030822754,1,0,0.30875612813521625,0.7162967128965999,0.06060611829161644,0.02491045743227005,0.0035066235225354936,0.0006666611551117466,6.478230704878457,10.272107568689078,0.0,n/a,0,1,2,0,0.46952479338842973,0.382015306122449,0.06516628440366973,1
47,2.7511,1790926280.0488,295.0012683868408,31.772375106811523,1,0,0.309480640485542,0.7164113318762364,0.05930363014340401,0.024450210854411125,0.0035225602751950942,0.0006663057648604431,6.559474099782583,10.316035233201395,0.0,n/a,0,1,2,0,0.46879304407713496,0.38137755102040816,0.06548165137614678,1
48,2.802,1790926280.0933,294.22783851623535,24.71780776977539,1,0,0.3102873580654093,0.7175085633292679,0.05708492174744606,0.024377796798944473,0.0035596946205207047,0.0006657551116250889,6.614214041095049,10.377248986139278,0.0,n/a,0,1,2,0,0.46883608815426997,0.3823873299319728,0.06525229357798165,1
49,2.8454,1790926280.1396,303.5590648651123,40.11106491088867,1,0,0.31047703619330147,0.7163945751657448,0.05689556524157524,0.024387575685977936,0.0035923758254598572,0.0006649480307679403,6.651955656964819,10.400198113223816,0.0,n/a,0,1,2,0,0.4702995867768595,0.38387542517006806,0.06522362385321101,1
50,2.8937,1790926280.1849,303.234338760376,33.39576721191406,1,0,0.31070806359222736,0.7159365758777306,0.0562254898250103,0.024400098249316216,0.003596585629345034,0.0006626560167727279,6.667270554235414,10.422160164760486,0.0,n/a,0,1,2,0,0.47296831955922863,0.38493835034013607,0.06579701834862386,1
51,2.9373,1790926280.2251,312.90245056152344,48.36416244506836,1,0,0.31087119253369566,0.7157102642329074,0.05630233511328697,0.024569818750023842,0.003598406487467915,0.000592662602302676,6.6854134823212625,10.46183380700666,0.0,n/a,0,1,2,0,0.47417355371900827,0.3843537414965986,0.06571100917431193,1
52,2.9778,1790926280.2801,287.1205806732178,29.218196868896484,1,0,0.3112440103842926,0.7164211281491705,0.055305544286966324,0.02469080314040184,0.0036055738766620268,0.0005882231282755096,6.708865523008405,10.49422828956528,0.0,n/a,0,1,2,0,0.47546487603305787,0.3866390306122449,0.0658256880733945,1
53,3.0324,1790926280.323,310.2242946624756,51.956892013549805,1,0,0.3109927462629357,0.7160133639760065,0.05626533925533295,0.024798642843961716,0.0036171643621326706,0.00047348488227130125,6.725018890781069,10.486494461004309,0.0,n/a,0,1,2,0,0.4780475206611571,0.38865858843537415,0.06556766055045872,1
54,3.0753,1790926280.3775,284.50679779052734,28.278350830078125,1,0,0.3111002362876508,0.7158813250384299,0.05607596039772034,0.024904826655983925,0.0036275037273508105,0.0003737901967720876,6.736464302409796,10.490877547924127,0.0,n/a,0,1,2,0,0.4792527548209366,0.39126275510204084,0.06571100917431193,1
55,3.1311,1790926280.425,281.8922996520996,20.772695541381836,1,0,0.3110309609114058,0.7150632156312026,0.056663502007722855,0.02494187466800213,0.003631203703226583,0.00029452576422835233,6.737000343008858,10.487599777981822,0.0,n/a,0,1,2,0,0.4797692837465565,0.3935480442176871,0.06565366972477064,1
56,3.177,1790926280.471,289.0737056732178,43.55287551879883,1,0,0.31142961686432846,0.7154299613649222,0.05594847351312637,0.025094138458371162,0.0036389616165355067,0.00029274032906677854,6.742353406961857,10.517724442831483,0.0,n/a,0,1,2,0,0.4817062672176309,0.39306972789115646,0.06553899082568806,1
57,3.2247,1790926280.519,281.80480003356934,28.687000274658203,1,0,0.3113686611218301,0.7151789989727946,0.056236978620290756,0.025112856179475784,0.0036468889258114085,0.0002179240236648965,6.745819794940533,10.518960994886257,0.0,n/a,0,1,2,0,0.4790375344352617,0.3945578231292517,0.06553899082568806,1
58,3.2713,1790926280.5571,294.1396236419678,43.26462745666504,1,0,0.3114409747888376,0.7151066294946634,0.056144751608371735,0.02518494427204132,0.003652220987634619,0.00018357862671656078,6.745919041770303,10.53312612179747,0.0,n/a,0,1,2,0,0.4806732093663912,0.3940263605442177,0.0654243119266055,1
59,3.3091,1790926280.6061,276.7453193664551,31.60572052001953,1,0,0.31146183391232923,0.714978706247218,0.05621542036533356,0.025234317407011986,0.0036542752213833754,0.00013871164809311397,6.748019769341031,10.546458192106485,0.0,n/a,0,1,2,0,0.4792527548209366,0.3921662414965986,0.0654243119266055,1
60,3.3585,1790926280.6434,305.0816059112549,43.95294189453125,1,0,0.3115871796030975,0.714844707746314,0.05628299340605736,0.025281235575675964,0.00365475916804864,0.00013104251913739821,6.747010811256349,10.546233265079934,0.0,n/a,0,1,2,0,0.47503443526170797,0.3904655612244898,0.06545298165137614,1
61,3.4294,1790926280.7252,255.5677890777588,26.65257453918457,1,0,0.31187387781367926,0.714182136730348,0.05632350593805313,0.02535981498658657,0.0036597494820869566,0.00011947395174237588,6.764335743453169,10.552299404823241,0.0,n/a,0,1,2,0,0.47413050964187325,0.38483205782312924,0.06536697247706422,1
62,3.4771,1790926280.8023,213.6237621307373,24.565458297729492,1,0,0.31194813786288444,0.7130018251642254,0.05641764774918556,0.02533273957669735,0.0036568174956779064,0.00010055911479878461,6.767272419043461,10.534217711126576,0.0,n/a,0,1,2,0,0.47215048209366395,0.3818027210884354,0.06533830275229359,1
63,3.5556,1790926280.8165,270.83373069763184,34.400224685668945,1,0,0.31259072892664386,0.7136942577703586,0.05589321628212929,0.025447504594922066,0.003639838116323138,7.594859058323286e-05,6.761339955821786,10.552581654752945,0.0,n/a,0,1,2,0,0.4714187327823691,0.3789328231292517,0.06536697247706422,1
64,3.5997,1790926280.8921,229.12168502807617,26.45134925842285,1,0,0.3127266828991231,0.7132643408535049,0.05575738102197647,0.025440845638513565,0.003621828482652803,5.873346616170898e-05,6.764943811507623,10.551788750224018,0.0,n/a,0,1,2,0,0.4714187327823691,0.3781356292517007,0.06545298165137614,1
65,3.6445,1790926280.9648,207.0772647857666,44.99936103820801,1,0,0.31296793121409083,0.7134554057443911,0.05558734014630318,0.02559780329465866,0.003613954273896095,4.970797686158134e-05,6.748882041974366,10.554442773851589,0.0,n/a,0,1,2,0,0.47236570247933884,0.3751594387755102,0.06539564220183486,1
66,3.7168,1790926280.9777,250.87428092956543,34.35802459716797,1,0,0.3132659732182611,0.713431203018941,0.05532672256231308,0.025604715570807457,0.0036220815837466266,3.404126448981232e-05,6.753011730868982,10.563180544274681,0.0,n/a,0,1,2,0,0.4690943526170799,0.37367134353741494,0.06551032110091742,1
67,3.7682,1790926281.0631,226.22919082641602,52.83617973327637,1,0,0.3133148455047477,0.7133835172768668,0.0553702674806118,0.02562563680112362,0.00361299267809439,2.569953555052013e-05,6.754777343697581,10.571693617537184,0.0,n/a,0,1,2,0,0.4690943526170799,0.3711203231292517,0.06553899082568806,1
68,3.815,1790926281.1448,173.67029190063477,28.633832931518555,1,0,0.31330988452382325,0.7137118152168163,0.05545129254460335,0.025649262592196465,0.003609277724943667,2.127737562757836e-05,6.758350553577366,10.57788359161982,0.0,n/a,0,1,2,0,0.46754476584022037,0.3717049319727891,0.06513761467889909,1
69,3.897,1790926281.1561,198.8997459411621,20.709753036499023,1,0,0.31333552244148244,0.7134913827597575,0.055771343410015106,0.025766069069504738,0.0035977656529627574,2.0092519146854185e-05,6.753248060937615,10.592273788215715,0.0,n/a,0,1,2,0,0.46642561983471076,0.3719706632653061,0.065625,1
70,3.9086,1790926281.2077,193.7408447265625,46.441078186035156,1,0,0.31334595701617357,0.7135131626563558,0.05581652745604515,0.025774706155061722,0.0035984913268907377,2.0719926831907205e-05,6.752971071492207,10.591376552565679,0.0,n/a,0,1,2,0,0.4665547520661157,0.3721301020408163,0.06556766055045872,1
71,3.9612,1790926281.2602,190.14930725097656,30.73596954345703,1,0,0.3134376063293173,0.7134568457093944,0.05585722252726555,0.025804860517382622,0.003609158930298119,2.00748599993966e-05,6.749047400362512,10.602170480499426,0.0,n/a,0,1,2,0,0.46577995867768596,0.3714392006802721,0.0658256880733945,1
72,4.0129,1790926281.2989,183.2273006439209,20.32947540283203,1,0,0.30835255418195867,0.7084166677618826,0.05005422607064247,0.03799887374043465,0.0035256634031974716,2.982828234320817e-05,3.1822150559591282,10.581191852628038,0.0,n/a,0,1,2,0,0.46668388429752067,0.37069515306122447,0.06568233944954129,1
73,4.0523,1790926281.3437,211.70759201049805,43.27702522277832,1,0,0.3152792974936065,0.5952234384019754,0.048176370561122894,0.04444560781121254,0.003788337639720364,4.642642453999014e-05,-1.6602484552853245,11.133321798633014,0.0,n/a,0,1,2,0,0.4662534435261708,0.3751594387755102,0.06559633027522936,1
74,4.0967,1790926281.3848,208.27436447143555,29.894351959228516,1,1,0.06044532048603721,0.5218355266307515,0.5422618389129639,0.027847222983837128,0.002427441608872729,0.00026689455378098884,-7.462901560082062,8.228040671003798,0.0,n/a,0,1,2,0,0.4622933884297521,0.3745216836734694,0.06505160550458715,1
75,4.1361,1790926281.4216,200.39010047912598,21.210193634033203,1,1,0.12118946073004049,0.4888433874671506,0.40787526965141296,0.0357387401163578,0.002181868496198568,0.0004032202976714171,-11.90195315611735,8.102110577093633,0.0,n/a,0,1,2,0,0.4642734159779614,0.37441539115646255,0.06513761467889909,1
76,4.1753,1790926281.4734,200.514554977417,41.76521301269531,1,0,0.20240373449333005,0.36882010966744316,0.2786858081817627,0.021609075367450714,0.001603428723055516,0.0005639851866525639,-15.560241370967297,8.669983928675432,0.0,n/a,0,1,2,0,0.46461776859504134,0.37595663265306123,0.06522362385321101,1
77,4.2267,1790926281.5185,205.4450511932373,34.16585922241211,1,0,0.34310629798640535,0.343349925235643,0.04228353872895241,0.014416767284274101,0.0013750464213920888,0.0007211418409861996,-19.079477086667914,8.24797623344898,0.0,n/a,0,1,2,0,0.46453168044077137,0.3788265306122449,0.06539564220183486,1
78,4.2702,1790926281.5596,216.58849716186523,50.75263977050781,1,0,0.37954913796313017,0.32637378568182773,0.02936282753944397,0.01490667276084423,0.001168453393261876,0.0008357592981714827,-21.012825611789136,8.40342012747098,0.0,n/a,0,1,2,0,0.46569387052341593,0.38063350340136054,0.06568233944954129,1
79,4.3117,1790926281.6094,199.04804229736328,32.26757049560547,1,0,0.38890115345610765,0.33716558988192297,0.024968121200799942,0.012178135104477406,0.0015215192099958517,0.0009125793732055211,-22.368902886340532,8.288533703210367,0.0,n/a,0,1,2,0,0.4659521349862259,0.3793579931972789,0.06525229357798165,1
80,4.3616,1790926281.651,231.44078254699707,58.20012092590332,1,0,0.3919467124700613,0.3057392109500944,0.02180352807044983,0.011119391769170761,0.0016963005515408412,0.0009473209597492676,-22.912000131570377,7.714844891482653,0.0,n/a,0,1,2,0,0.46681301652892565,0.382015306122449,0.06545298165137614,1
81,4.4033,1790926281.6918,214.08438682556152,24.474620819091797,1,0,0.39682867458083615,0.30613902094017287,0.021149128675460815,0.009368772618472576,0.001954153604047722,0.0009488137201773962,-23.52301397711687,7.308353198774648,0.0,n/a,0,1,2,0,0.46943870523415976,0.3825999149659864,0.06525229357798165,1
82,4.4461,1790926281.7459,194.02837753295898,24.689435958862305,1,0,0.4039687497286454,0.3099086134407304,0.02113749273121357,0.011712959036231041,0.001988354534340038,0.0009525745696485264,-23.75320270986611,7.604399655461463,0.0,n/a,0,1,2,0,0.4682334710743802,0.3823873299319728,0.06528096330275229,1
83,4.4981,1790926281.7844,214.48659896850586,32.14001655578613,1,0,0.4061482581622527,0.31470650953128143,0.02141335792839527,0.013762200251221657,0.0021242778734382713,0.0009450478702144357,-23.763165259952213,7.701068576096605,0.0,n/a,0,1,2,0,0.4692665289256198,0.3835565476190476,0.06545298165137614,1
84,4.5367,1790926281.8388,199.37705993652344,28.9154052734375,1,0,0.4058267169916223,0.3159027583740894,0.021920794621109962,0.012808606959879398,0.0022121478189788893,0.0009302483849261467,-23.769469049796594,7.676260275639723,0.0,n/a,0,1,2,0,0.4689652203856749,0.38249362244897955,0.06551032110091742,1
85,4.5916,1790926281.8784,224.71857070922852,44.124603271484375,1,0,0.40773626244930283,0.3184707564572664,0.021680904552340508,0.010707225650548935,0.0022553040487852003,0.0009133464579388811,-24.286723348000812,7.461758859173041,0.0,n/a,0,1,2,0,0.46883608815426997,0.38477891156462585,0.06545298165137614,1
86,4.6297,1790926281.9258,218.87850761413574,35.333871841430664,1,0,0.40805581006107733,0.3264118129978731,0.02197660505771637,0.011258996091783047,0.002304737348699704,0.000891810641142252,-24.264260217085575,7.318635174115467,0.0,n/a,0,1,2,0,0.4700843663911846,0.38616071428571425,0.06551032110091742,1
87,4.6786,1790926281.9688,232.43069648742676,51.45692825317383,1,0,0.40811399252042313,0.3254791368282448,0.022309552878141403,0.010819944553077221,0.002187704375407436,0.0008678953507397961,-24.405971353561444,7.1454679626414865,0.0,n/a,0,1,2,0,0.4699121900826446,0.38849914965986393,0.06528096330275229,1
88,4.7204,1790926282.0113,223.70243072509766,28.273344039916992,1,0,0.4100894732849315,0.33936212536263854,0.02257659286260605,0.010813979431986809,0.0022227761656573686,0.0008372793996447938,-24.393444195092936,7.080972261747656,0.0,n/a,0,1,2,0,0.4693956611570248,0.38658588435374147,0.06525229357798165,1
89,4.7658,1790926282.0605,226.5145778656006,40.43006896972656,1,0,0.4111416389141513,0.33217381095289306,0.021952994167804718,0.010220288299024105,0.0020787590789913897,0.000822958224693449,-24.63421581735813,6.920797224308981,0.0,n/a,0,1,2,0,0.4705578512396694,0.38972151360544216,0.0650802752293578,1
90,4.8136,1790926282.1016,217.47517585754395,32.06062316894531,1,0,0.4118282811570754,0.3326917144819722,0.02254326082766056,0.011026661843061447,0.0020693329559760745,0.0007886476024125123,-24.60635092981511,6.82322925161616,0.0,n/a,0,1,2,0,0.47081611570247933,0.3902529761904762,0.06505160550458715,1
91,4.8542,1790926282.1524,212.9378318786621,20.08962631225586,1,0,0.41153285783853577,0.3344912261266708,0.022038370370864868,0.010464637540280819,0.002018077732593275,0.0007478906478183498,-24.706496616280944,6.912650563944172,0.0,n/a,0,1,2,0,0.4696539256198347,0.3913159013605442,0.06482224770642203,1
92,4.9055,1790926282.1936,221.13442420959473,37.550926208496094,1,0,0.4093054667830397,0.33417961659492756,0.021721793338656425,0.01003347709774971,0.0019818045301052897,0.0006995009434636905,-24.66105738904967,6.910333231321602,0.0,n/a,0,1,2,0,0.46922348484848486,0.39221938775510207,0.06499426605504587,1
93,4.9677,1790926282.2644,202.93498039245605,19.91558074951172,1,0,0.4066374743576968,0.3337271260972761,0.0220626350492239,0.009463847614824772,0.001967266067215883,0.000576057628486756,-24.70212452384845,6.892809335221953,0.0,n/a,0,1,2,0,0.4690082644628099,0.3933886054421769,0.06530963302752295,1
94,5.0163,1790926282.3374,180.4366111755371,43.86734962463379,1,0,0.4056683267474762,0.3271193876346877,0.022892069071531296,0.008836610242724419,0.0019434621745394033,0.00048821819842632215,-24.730771872002112,6.809969906925159,0.0,n/a,0,1,2,0,0.468879132231405,0.3936543367346939,0.06528096330275229,1
95,5.0907,1790926282.3544,213.09733390808105,19.98591423034668,1,0,0.4021659762710802,0.3202887136004894,0.024357624351978302,0.00859803520143032,0.001960024411696881,0.0003069865004526766,-24.598127171759717,6.725212194457393,0.0,n/a,0,1,2,0,0.46952479338842973,0.3973214285714286,0.06453555045871559,1
96,5.1355,1790926282.4194,224.6072292327881,29.589176177978516,1,0,0.4019634538209028,0.31614113635392493,0.02480516955256462,0.008342485874891281,0.001984264577643218,0.0002900924754515084,-24.598159346720987,6.7352736686839485,0.0,n/a,0,1,2,0,0.46961088154269975,0.39625850340136054,0.06456422018348623,1
97,5.1715,1790926282.4955,207.9768180847168,50.6134033203125,1,0,0.40226049361300975,0.31578670743900106,0.024809204041957855,0.00831388309597969,0.001994228039023546,0.0002857407519500459,-24.578495792164706,6.7605393907545785,0.0,n/a,0,1,2,0,0.46870695592286504,0.3986500850340136,0.06430619266055046,1
98,5.2482,1790926282.5056,221.29392623901367,23.416996002197266,1,0,0.40351964201082435,0.31477887358608714,0.024111682549118996,0.008308961987495422,0.0019972410549812494,0.0002516189024321292,-24.579226776495354,6.85883495381049,0.0,n/a,0,1,2,0,0.46788911845730025,0.399234693877551,0.0648795871559633,1
99,5.3002,1790926282.5904,227.555513381958,39.998769760131836,1,0,0.4040666819904306,0.31391312834397855,0.023926207795739174,0.008359749801456928,0.0019868521700369844,0.00017391658344903136,-24.59671607814984,6.857665023467503,0.0,n/a,0,1,2,0,0.4665977961432507,0.39838435374149656,0.06439220183486238,1
100,5.3419,1790926282.662,188.40622901916504,28.9914608001709,1,0,0.4040612129273245,0.31394327652414383,0.023811476305127144,0.008412886410951614,0.001986781389463232,0.00013384997024618901,-24.599044538823183,6.860910394091418,0.0,n/a,0,1,2,0,0.4674156336088154,0.3988095238095238,0.0647362385321101,1
101,5.4154,1790926282.6753,247.3902702331543,40.73071479797363,1,0,0.4040409350222117,0.31371653600933697,0.023678241297602654,0.00846695713698864,0.001988903491288164,0.00011031205646414554,-24.603961280882178,6.916969630988123,0.0,n/a,0,1,2,0,0.4671143250688706,0.40056335034013607,0.0648795871559633,1
102,5.4625,1790926282.757,210.63876152038574,34.75236892700195,1,0,0.403616679160348,0.3139108249872247,0.023686792701482773,0.008512835949659348,0.0019966652330276717,0.0001100468758709056,-24.57680945692198,6.940991830242695,0.0,n/a,0,1,2,0,0.4663395316804408,0.4017325680272109,0.06462155963302753,1
103,5.5101,1790926282.8282,168.8070297241211,27.31490135192871,1,0,0.4040516862385244,0.3126852912366687,0.023405607789754868,0.008419143967330456,0.0020020167584121795,0.00010987045809683167,-24.530655586643835,7.01633676066671,0.0,n/a,0,1,2,0,0.46612431129476584,0.4008290816326531,0.06399082568807339,1
104,5.5811,1790926282.8478,205.93762397766113,28.75351905822754,1,0,0.40360156387142354,0.31600327582170357,0.023030055686831474,0.0089182760566473,0.0020247087041048275,0.0001040707989633659,-24.431965684664704,7.0195372033928125,0.0,n/a,0,1,2,0,0.4658660468319559,0.40045705782312924,0.06499426605504587,1
105,5.6019,1790926282.8928,227.42772102355957,54.424285888671875,1,0,0.4036759981655381,0.3164743666617484,0.02284517139196396,0.00905221700668335,0.0020187609262754314,9.25964189009301e-05,-24.430550333313153,7.031408410268749,0.0,n/a,0,1,2,0,0.46612431129476584,0.4014668367346939,0.06482224770642203,1
106,5.6449,1790926282.9319,209.9912166595459,23.18572998046875,1,0,0.4039152775513778,0.3167415265033172,0.022737771272659302,0.009418927133083344,0.0021210081241252545,7.235234680986098e-05,-24.385344003975703,7.026726989444586,0.0,n/a,0,1,2,0,0.4660812672176309,0.4010416666666667,0.06427752293577982,1
107,5.6836,1790926282.9818,228.40332984924316,27.670860290527344,1,0,0.403448868247088,0.3184398972239243,0.022807732224464417,0.009779566898941994,0.0021845820839468035,7.200696082568503e-05,-24.34709784067059,7.0264254772794805,0.0,n/a,0,1,2,0,0.46577995867768596,0.4013605442176871,0.06470756880733945,1
108,5.7333,1790926283.0208,242.9037094116211,43.63512992858887,1,0,0.40395385138755147,0.32003900710174615,0.022744080051779747,0.009824997745454311,0.002193714099743399,6.822273079124261e-05,-24.346366413380128,7.066844048654627,0.0,n/a,0,1,2,0,0.4663395316804408,0.40088222789115646,0.06493692660550458,1
109,5.7724,1790926283.0648,233.22200775146484,29.633522033691406,1,0,0.40439966089699914,0.32131024028235855,0.022670021280646324,0.00993248913437128,0.002193001572769767,7.674190799848466e-05,-24.352017366147233,7.080514993664289,0.0,n/a,0,1,2,0,0.465736914600551,0.4010416666666667,0.06462155963302753,1
110,5.8183,1790926283.1056,262.86792755126953,53.1764030456543,1,0,0.4041427351033136,0.32297230817735195,0.02281060256063938,0.010030243545770645,0.002163926302584384,8.173374158565913e-05,-24.348208742659274,7.111630046566926,0.0,n/a,0,1,2,0,0.46556473829201106,0.40194515306122447,0.06482224770642203,1
111,5.8577,1790926283.1466,255.42831420898438,32.05251693725586,1,0,0.40378564624059726,0.3241688194204018,0.022908523678779602,0.010175957344472408,0.0021829361724298338,8.767204524876448e-05,-24.348345132637313,7.148395244507747,0.0,n/a,0,1,2,0,0.46577995867768596,0.4012011054421769,0.06502293577981651,1
112,5.8986,1790926283.2036,224.5800495147705,26.151657104492188,1,0,0.40391448013908204,0.3242736200021753,0.02292727306485176,0.010144657455384731,0.002190410694784422,9.109197638130988e-05,-24.34536567332165,7.142319563712427,0.0,n/a,0,1,2,0,0.4663395316804408,0.4012011054421769,0.06476490825688073,1
113,5.9572,1790926283.2484,247.44772911071777,38.522958755493164,1,0,0.4033120574723442,0.3231979702240935,0.02307388000190258,0.010159175843000412,0.0021813910187283747,9.379056684201551e-05,-24.32862395989601,7.142081649233086,0.0,n/a,0,1,2,0,0.4662103994490358,0.4012011054421769,0.06490825688073394,1
114,6.0006,1790926283.297,235.86773872375488,37.019968032836914,1,0,0.3970212354678446,0.3329904935214206,0.022482888773083687,0.012497605755925179,0.0022945569377398694,0.00010373493490365836,-23.107212157646416,8.036291224271896,0.0,n/a,0,1,2,0,0.4665977961432507,0.4008290816326531,0.06476490825688073,1
115,6.0507,1790926283.3415,254.852294921875,42.77467727661133,1,0,0.3888104052409177,0.4333615425751964,0.025489207357168198,0.017691070213913918,0.002045479024308934,9.9740880794131e-05,-19.99725503765304,8.108678528478958,0.0,n/a,0,1,2,0,0.4671143250688706,0.4019982993197279,0.06502293577981651,1
116,6.0934,1790926283.3849,250.33092498779297,33.40601921081543,1,0,0.37069546897016714,0.38940222748605013,0.027131013572216034,0.01798262819647789,0.0021257008741742867,9.63919940223347e-05,-16.842820656829065,8.723719296696274,0.0,n/a,0,1,2,0,0.4672004132231405,0.4010948129251701,0.06525229357798165,1
117,6.1392,1790926283.4388,225.88682174682617,24.573087692260742,1,0,0.3560604693539309,0.3700644668530552,0.02836938388645649,0.02372920699417591,0.0016750946461890539,0.00012920390531435776,-14.133316961913028,9.471065000671487,0.0,n/a,0,1,2,0,0.4673725895316804,0.3988626700680272,0.06465022935779817,1
118,6.1929,1790926283.484,241.61791801452637,31.04877471923828,1,0,0.346903007894929,0.3608791284687674,0.027016589418053627,0.03206827491521835,0.0012455028662502869,0.00021859781405910917,-11.647124357193306,9.383377228966745,0.0,n/a,0,1,2,0,0.46732954545454547,0.3988626700680272,0.06470756880733945,1
119,6.2376,1790926283.5433,218.74713897705078,26.42083168029785,1,0,0.3497228083363888,0.3719797962087389,0.025961652398109436,0.034525372087955475,0.0015143822798541087,0.00023981591751910325,-10.223756630328923,10.256926120906884,0.0,n/a,0,1,2,0,0.4668560606060606,0.3995535714285714,0.06447821100917431,1
120,6.2965,1790926283.59,233.612060546875,36.66114807128906,1,0,0.34394465262805884,0.4170115148029063,0.030446894466876984,0.037122663110494614,0.0010940015079723329,0.00030709420117249674,-9.129524350775288,10.394312893274591,0.0,n/a,0,1,2,0,0.46745867768595045,0.3991284013605442,0.0643348623853211,1
121,6.3422,1790926283.6362,223.16360473632812,33.156633377075195,1,0,0.3415535634663138,0.41057945750736197,0.031078385189175606,0.03614336997270584,0.0008736562344454236,0.0003917552324169046,-8.491002539284787,10.301376668090418,0.0,n/a,0,1,2,0,0.46788911845730025,0.39939413265306123,0.06485091743119266,1
122,6.3907,1790926283.6812,243.7727451324463,41.474342346191406,1,0,0.3396418893727271,0.4272514164843056,0.03171008080244064,0.035739440470933914,0.0006996724989529777,0.00045941459183101427,-8.133554269277909,10.328019802865809,0.0,n/a,0,1,2,0,0.46745867768595045,0.3995535714285714,0.06510894495412844,1
123,6.4332,1790926283.7195,245.47100067138672,34.09147262573242,1,0,0.33922117315785727,0.42529102523272,0.03353027626872063,0.04027188941836357,0.000881357460044991,0.0005017150491760321,-7.662312663257368,10.416437729418096,0.0,n/a,0,1,2,0,0.4678460743801653,0.39965986394557823,0.06470756880733945,1
124,6.4733,1790926283.7692,240.36598205566406,43.08462142944336,1,0,0.3377301847892896,0.42479821508931925,0.0349997952580452,0.03861426189541817,0.0010038419666540631,0.0005272349280060691,-7.631652378351702,10.879256831454969,0.0,n/a,0,1,2,0,0.4672865013774105,0.3986500850340136,0.0647362385321101,1
125,6.5223,1790926283.8094,239.0305995941162,32.69338607788086,1,0,0.3371665873972294,0.4217793360390144,0.03475036472082138,0.040189411491155624,0.0008878626845300282,0.000555154686439744,-7.571768643733337,10.73014764007607,0.0,n/a,0,1,2,0,0.46801825068870523,0.3991284013605442,0.06536697247706422,1
126,6.5616,1790926283.8539,230.77082633972168,27.406692504882812,1,0,0.3369971689976272,0.43128574182644325,0.03574521467089653,0.04087661951780319,0.0009386406638418535,0.0005657349825250059,-7.506303966891755,10.68417231835482,0.0,n/a,0,1,2,0,0.46797520661157027,0.39976615646258506,0.06453555045871559,1
127,6.6055,1790926283.8953,242.7811622619629,47.6534366607666,1,0,0.3379588870282904,0.4359332928849131,0.0368015319108963,0.04159523919224739,0.0009515732119076422,0.0005869711463196447,-7.591255196635749,10.547996211044874,0.0,n/a,0,1,2,0,0.46745867768595045,0.3994472789115646,0.06499426605504587,1
128,6.6472,1790926283.9365,227.80585289001465,26.224851608276367,1,0,0.33580897261403775,0.4404304706862263,0.038360752165317535,0.04050389677286148,0.000925215513057498,0.0005934009079588861,-7.580886365503861,10.539323135319789,0.0,n/a,0,1,2,0,0.46732954545454547,0.39976615646258506,0.06465022935779817,1
129,6.6907,1790926283.9851,219.53248977661133,21.764039993286133,1,0,0.3362780714305952,0.4363011738983897,0.03868350759148598,0.039845045655965805,0.0009530450291792295,0.0005904642293448976,-7.554254949601282,10.423359875546373,0.0,n/a,0,1,2,0,0.46801825068870523,0.3989158163265306,0.06525229357798165,1
130,6.7383,1790926284.0248,230.6349277496338,47.225236892700195,1,0,0.33661438272329264,0.43742722543981505,0.03930768370628357,0.04061780497431755,0.0009821266384081409,0.0005805233511522082,-7.585534685014799,10.370287936269936,0.0,n/a,0,1,2,0,0.4675878099173554,0.39950042517006806,0.06450688073394495,1
131,6.8052,1790926284.1018,210.4041576385498,19.94800567626953,1,0,0.3373825949096285,0.4343335076386868,0.03975430130958557,0.04043416306376457,0.0008714159282787657,0.0005692858262706973,-7.565860143466494,10.234606020141994,0.0,n/a,0,1,2,0,0.46676997245179064,0.398968962585034,0.0647362385321101,1
132,6.8541,1790926284.1727,199.54824447631836,25.73108673095703,1,0,0.3365294062823373,0.43585625799164585,0.040852390229701996,0.04028739407658577,0.0008384232585657752,0.0005546325041968884,-7.577800998099652,10.21221635276491,0.0,n/a,0,1,2,0,0.4673725895316804,0.3997130102040816,0.06485091743119266,1
133,6.9283,1790926284.191,249.73487854003906,47.76144027709961,1,0,0.33587339881164546,0.43305011415494876,0.04092700406908989,0.03995267674326897,0.0007711563811981402,0.0005064838939145019,-7.565002491279492,10.172133517278645,0.0,n/a,0,1,2,0,0.46754476584022037,0.4002444727891156,0.06430619266055046,1
134,6.9702,1790926284.258,222.14221954345703,26.59010887145996,1,0,0.3361876666677584,0.4334794743311425,0.04029008001089096,0.04018448293209076,0.0007353250270884324,0.0004688675879693222,-7.550411489317078,10.145069802013206,0.0,n/a,0,1,2,0,0.4668560606060606,0.4013073979591837,0.0648795871559633,1
135,7.0116,1790926284.3331,182.87253379821777,28.59807014465332,1,0,0.3360287789635853,0.43394489340838943,0.04059812054038048,0.04044727608561516,0.0007053156905231821,0.00040284433693627925,-7.534972914215199,10.12091371247533,0.0,n/a,0,1,2,0,0.465650826446281,0.40093537414965985,0.06465022935779817,1
136,7.0851,1790926284.3418,257.30252265930176,37.73236274719238,1,0,0.3361653919669061,0.43391361794631833,0.04028237238526344,0.04071026295423508,0.0006861471773360574,0.00034832641137062315,-7.525635853996828,10.100713915048878,0.0,n/a,0,1,2,0,0.46487603305785125,0.40375212585034015,0.06490825688073394,1
137,7.138,1790926284.4283,244.98581886291504,34.989356994628906,1,1,0.08016827488129791,0.5076262341893082,0.5022236108779907,0.04175340011715889,0.0006716717090011984,0.0002523843586566029,-7.698072642941543,8.818699080868388,0.0,n/a,0,1,2,0,0.46173381542699726,0.4025297619047619,0.06528096330275229,1
138,7.1796,1790926284.5012,229.78639602661133,52.96897888183594,1,1,0.13920194545221815,0.5102076302329228,0.3513862192630768,0.0437956340610981,0.0007134861826882983,0.000197570584044957,-7.25205739088074,8.449750864145262,0.0,n/a,0,1,2,0,0.4616046831955923,0.40465561224489793,0.06436353211009174,1
139,7.2551,1790926284.5191,268.33033561706543,32.45377540588379,1,0,0.30617119031205864,0.46166241241384187,0.05615277215838432,0.04321416839957237,0.0005285598949515885,0.0001374872215304178,-7.3689358823639965,9.824925893167121,0.0,n/a,0,1,2,0,0.4634125344352617,0.4039115646258503,0.06462155963302753,1
140,7.3029,1790926284.6103,244.06766891479492,45.60208320617676,1,0,0.3316672383326881,0.43850393400707544,0.04140287637710571,0.041673921048641205,0.0005586464459339115,0.00013668995631500478,-7.416445903086824,9.980079145978994,0.0,n/a,0,1,2,0,0.46121728650137744,0.4057716836734694,0.06424885321100918,1
141,7.3636,1790926284.7012,198.45318794250488,23.865699768066406,1,0,0.3403939168488842,0.4331218951818961,0.03498414158821106,0.04153246060013771,0.0005615788767111958,0.0001459042127853681,-7.37206512805616,10.027444340534236,0.0,n/a,0,1,2,0,0.46070075757575757,0.40816326530612246,0.06456422018348623,1
142,7.4534,1790926284.7113,266.40796661376953,35.15911102294922,1,0,0.3446206465672025,0.42901305601061024,0.036264076828956604,0.041191067546606064,0.0006412285215866316,0.00015065160531634438,-7.4127614948611384,10.068719621656554,0.0,n/a,0,1,2,0,0.45876377410468316,0.4077912414965986,0.0643348623853211,1
143,7.5048,1790926284.8036,209.03968811035156,28.59807014465332,1,1,0.11501603077192056,0.49019578989050927,0.42374706268310547,0.043059706687927246,0.0007333623541242813,0.00014187439090541278,-7.458833046554154,8.799214087603913,0.0,n/a,0,1,2,0,0.45510502754820936,0.4099702380952381,0.0643348623853211,1
144,7.5569,1790926284.8702,199.71537590026855,42.75703430175781,1,1,0.10227910435697027,0.4968687865010029,0.4327532947063446,0.04269964247941971,0.0007339512377846804,0.0001393596490019623,-7.273550407418012,8.328921917911062,0.0,n/a,0,1,2,0,0.4529097796143251,0.4095450680272109,0.06313073394495414,1
145,7.6225,1790926284.8865,226.24993324279785,33.171653747558594,1,0,0.2718300462151418,0.44602197366016605,0.1079997643828392,0.039943549782037735,0.0005107695175906807,0.0001385170540570079,-7.212369195033846,9.134348201171493,0.0,n/a,0,1,2,0,0.45204889807162535,0.41188350340136054,0.06327408256880734,1
146,7.6391,1790926284.9291,215.52348136901855,30.373096466064453,1,0,0.30532782518575075,0.4415309742472945,0.07098760455846786,0.03922271728515625,0.000591086610657199,0.00013829340297537475,-7.378607667211757,9.454097603510656,0.0,n/a,0,1,2,0,0.45127410468319556,0.41236181972789115,0.0632454128440367,1
147,7.6808,1790926284.9695,199.1283893585205,24.00493621826172,1,0,0.3312694084951468,0.4287420249714499,0.03911594673991203,0.03975231945514679,0.0006101503988384871,0.0001316261638811167,-7.34870224404429,9.700330128270497,0.0,n/a,0,1,2,0,0.4505423553719008,0.4138499149659864,0.06315940366972478,1
148,7.7213,1790926285.018,213.24777603149414,32.438039779663086,1,0,0.3412134032165416,0.4266804864643853,0.03661186620593071,0.03959063068032265,0.0006501135615577693,0.00011830332020680804,-7.413803998012241,9.854259332534454,0.0,n/a,0,1,2,0,0.4501980027548209,0.4140625,0.0628440366972477,1
149,7.7703,1790926285.0588,209.9015712738037,33.35762023925781,1,0,0.3425108464528467,0.41876061395596575,0.033911749720573425,0.039189353585243225,0.000656239830490078,9.613555140269637e-05,-7.4140187933974095,9.89056927313083,0.0,n/a,0,1,2,0,0.44761535812672176,0.4129464285714286,0.06281536697247705,1
150,7.8103,1790926285.0994,192.57211685180664,23.77629280090332,1,0,0.3436741512932927,0.41947519815928536,0.03399867191910744,0.03893047198653221,0.0006570955504043097,8.387048725637497e-05,-7.4121701973983605,9.92191418533576,0.0,n/a,0,1,2,0,0.44692665289256195,0.4132121598639456,0.06275802752293579,1
151,7.8533,1790926285.1575,197.71480560302734,28.612375259399414,1,0,0.3440753496792881,0.4187244655203701,0.03425899147987366,0.03882259503006935,0.0006709127031952663,8.177682170510005e-05,-7.415889214671914,9.93617578659133,0.0,n/a,0,1,2,0,0.4462809917355372,0.4153380102040816,0.06241399082568807,1
152,7.9093,1790926285.1956,199.63383674621582,21.674633026123047,1,0,0.34378155340947214,0.4187430361785458,0.03531952574849129,0.03903179615736008,0.0006734309093883086,7.111592781572532e-05,-7.42649175758969,9.947357372308119,0.0,n/a,0,1,2,0,0.4447744490358127,0.4149128401360544,0.06252866972477064,1
153,7.9477,1790926285.2353,208.55045318603516,45.02391815185547,1,0,0.343223950424385,0.41764824582857063,0.03573599085211754,0.03903448209166527,0.0006724513606042161,6.598562379357474e-05,-7.425891788775244,9.955348540002182,0.0,n/a,0,1,2,0,0.44490358126721763,0.41193664965986393,0.062041284403669725,1
154,7.9899,1790926285.2845,197.43633270263672,30.822277069091797,1,0,0.34316027743951083,0.41999905333033294,0.03687018156051636,0.03935344144701958,0.0006823540862142204,6.344460900911492e-05,-7.441566131994794,9.981420229717468,0.0,n/a,0,1,2,0,0.4433539944903581,0.41315901360544216,0.06198394495412844,1
155,8.038,1790926285.324,189.67342376708984,22.571086883544922,1,0,0.34329981869459353,0.411756932967607,0.03681078180670738,0.04124109447002411,0.0007946259326653705,7.027770123905955e-05,-7.160201781096448,10.046516692909663,0.0,n/a,0,1,2,0,0.44201962809917356,0.41236181972789115,0.06181192660550459,1
156,8.0762,1790926285.3672,174.70383644104004,23.60844612121582,1,0,0.3394302133665553,0.5094057729081232,0.041389428079128265,0.05013221129775047,0.0009768137419241137,9.772819428186e-05,-6.485629313778966,10.158309936744239,0.0,n/a,0,1,2,0,0.4415891873278237,0.4145408163265306,0.061496559633027525,1
157,8.1211,1790926285.4123,192.37422943115234,42.88315773010254,1,0,0.3399656591713198,0.5013467896992874,0.040774911642074585,0.052144914865493774,0.0009302933993997694,0.00011284982364126518,-5.539672386547473,10.416664298358292,0.0,n/a,0,1,2,0,0.440728305785124,0.41464710884353745,0.06198394495412844,1
158,8.1648,1790926285.4505,181.25557899475098,27.607202529907227,1,0,0.33877600756159754,0.5218121904343587,0.04021293669939041,0.04649180546402931,0.001439962593787553,0.00019775872155251934,-4.71643374998006,10.583798360113509,0.0,n/a,0,1,2,0,0.4399965564738292,0.41496598639455784,0.06129587155963303,1
159,8.2028,1790926285.4996,167.30690002441406,19.925355911254883,1,0,0.3369784636091636,0.5204115389812441,0.041755255311727524,0.04964835196733475,0.001308772082360821,0.00023488073866049806,-3.9582243500369345,10.572809662289476,0.0,n/a,0,1,2,0,0.4389634986225895,0.4168261054421769,0.061697247706422015,1
160,8.2519,1790926285.5424,184.63397026062012,33.24317932128906,1,0,0.3326848039144489,0.5119474666186377,0.039845116436481476,0.047833703458309174,0.001428187058029151,0.00027035108031452787,-3.669517588513499,10.439796031624,0.0,n/a,0,1,2,0,0.4371556473829201,0.4153380102040816,0.06092316513761468,1
161,8.2952,1790926285.5823,184.46755409240723,36.46445274353027,1,0,0.33146224557039716,0.5100079020087913,0.040554601699113846,0.04781007766723633,0.001596495247938656,0.0003143594814267709,-3.220069907811623,10.329612283677973,0.0,n/a,0,1,2,0,0.43797348484848486,0.4170918367346939,0.06186926605504587,1
162,8.3334,1790926285.619,206.2690258026123,46.7839241027832,1,0,0.33203023264523523,0.5106285088704479,0.04071129858493805,0.04566849023103714,0.0014803098405641534,0.0003370962368257257,-3.063923283133132,10.506770232038903,0.0,n/a,0,1,2,0,0.43732782369146006,0.4175170068027211,0.061840596330275235,1
163,8.3715,1790926285.6669,192.7504539489746,22.810697555541992,1,0,0.3322838994867492,0.5121142270490757,0.04079532250761986,0.04528525471687317,0.0013504134197728005,0.00034492163413240423,-2.8212823070744495,10.370715836740327,0.0,n/a,0,1,2,0,0.4361656336088154,0.4177295918367347,0.061840596330275235,1
164,8.4192,1790926285.7048,203.89890670776367,20.8590030670166,1,0,0.3315781992618918,0.5234297417150121,0.03924811631441116,0.04421975836157799,0.0013204339336911528,0.0003480905351493553,-2.7443734432045255,10.155405126563366,0.0,n/a,0,1,2,0,0.43672520661157027,0.41602891156462585,0.06186926605504587,1
165,8.4838,1790926285.7718,193.0232048034668,21.1334228515625,1,0,0.33073047567685515,0.5188026525085431,0.039703141897916794,0.04698469117283821,0.0013356536353808029,0.00035287525450883864,-2.615936434202427,10.043255663248232,0.0,n/a,0,1,2,0,0.4358212809917355,0.4164540816326531,0.061754587155963304,1
166,8.5247,1790926285.8357,172.0263957977295,25.102615356445312,1,0,0.3295900496934455,0.5180878353833818,0.039293497800827026,0.045062169432640076,0.001357163064922283,0.00035925132410239905,-2.6744433229950326,10.067435406921051,0.0,n/a,0,1,2,0,0.4365960743801653,0.4161352040816326,0.061783256880733946,1
167,8.5883,1790926285.8473,221.18282318115234,39.801597595214844,1,0,0.32953433277398475,0.5155347206484648,0.039364516735076904,0.043979089707136154,0.0014238467576767305,0.0003665894063054556,-2.5589763963249172,10.12877473617111,0.0,n/a,0,1,2,0,0.43694042699724517,0.4168261054421769,0.061439220183486236,1
168,8.6261,1790926285.9145,201.6587257385254,27.17757225036621,1,0,0.32866305751877833,0.5120269486686901,0.039402853697538376,0.044766053557395935,0.0014257323710952926,0.0003603783139420594,-2.5193198664365077,10.197950355511791,0.0,n/a,0,1,2,0,0.43599345730027544,0.4158694727891156,0.061783256880733946,1
169,8.6665,1790926285.9762,163.52510452270508,22.971391677856445,1,0,0.3284680965294173,0.5114011400502412,0.03917885199189186,0.04452581703662872,0.0014105709844746822,0.0003542076495516901,-2.535150863549964,10.207681006224018,0.0,n/a,0,1,2,0,0.43564910468319556,0.41576318027210885,0.061439220183486236,1
170,8.73,1790926285.9933,195.64247131347656,20.16901969909668,1,0,0.3282742936255485,0.509311181260174,0.03926882520318031,0.04433102905750275,0.0014374587435686203,0.00033942793485740205,-2.5071008799830623,10.237001412430175,0.0,n/a,0,1,2,0,0.43599345730027544,0.41677295918367346,0.06186926605504587,1
171,8.777,1790926286.0615,188.0350112915039,23.241519927978516,1,0,0.3282674482581301,0.508180738905085,0.03890097886323929,0.043206289410591125,0.0014453850034196096,0.0003281644238306866,-2.515416073662102,10.247953123068772,0.0,n/a,0,1,2,0,0.43668216253443526,0.41725127551020413,0.06186926605504587,1
172,8.8132,1790926286.1357,169.4653034210205,30.256986618041992,1,0,0.3281233216313777,0.5076869193704039,0.03897371515631676,0.04317239299416542,0.0014415883892703832,0.0003123480123364933,-2.514610243507855,10.287729681155923,0.0,n/a,0,1,2,0,0.4377152203856749,0.41634778911564624,0.06181192660550459,1
173,8.888,1790926286.1453,215.73591232299805,21.82912826538086,1,0,0.3281149786555153,0.5073833130688996,0.038996029645204544,0.04269445687532425,0.0014378271978001016,0.0002924892516817751,-2.5160189270137483,10.2897896641194,0.0,n/a,0,1,2,0,0.437370867768595,0.4176764455782313,0.061754587155963304,1
174,8.9316,1790926286.2217,200.54316520690918,27.95696258544922,1,0,0.32801770168839206,0.5073058247173772,0.03910323604941368,0.04271669685840607,0.0014314784778976376,0.0002667529058332286,-2.5141482125372785,10.29234340218865,0.0,n/a,0,1,2,0,0.4389634986225895,0.4164009353741497,0.06163990825688073,1
175,8.973,1790926286.283,169.75045204162598,20.296096801757812,1,0,0.32801234261274476,0.5081058580391653,0.038997236639261246,0.04254855960607529,0.0014222432329845628,0.00023288837946059394,-2.5183874184741293,10.292052710608305,0.0,n/a,0,1,2,0,0.4400396005509642,0.41512542517006806,0.06163990825688073,1
176,9.0349,1790926286.2935,221.17066383361816,36.08393669128418,1,0,0.3278013043397668,0.5078923215547861,0.039286091923713684,0.042642928659915924,0.0014153252605869008,0.0001885481533612836,-2.506424213315088,10.301112001000384,0.0,n/a,0,1,2,0,0.4396522038567493,0.4164009353741497,0.06152522935779817,1
177,9.0862,1790926286.3735,231.72926902770996,50.566911697387695,1,0,0.32765843922943466,0.509113494867968,0.03930061683058739,0.04245232790708542,0.0014080575820663221,0.00011948362588417205,-2.50930243878144,10.303783847170289,0.0,n/a,0,1,2,0,0.4410296143250689,0.41183035714285715,0.06192660550458715,1
178,9.1248,1790926286.4429,185.8367919921875,23.507356643676758,1,0,0.32724284904726564,0.5088691660316198,0.039514534175395966,0.04254988208413124,0.0014066953579551025,5.99002778204002e-05,-2.5079119015043125,10.307182912532348,0.0,n/a,0,1,2,0,0.4424070247933884,0.41220238095238093,0.06252866972477064,1
179,9.1967,1790926286.4538,218.80626678466797,22.768735885620117,1,0,0.32704486478837175,0.5089209149127724,0.03981209546327591,0.042680516839027405,0.0014014029544699579,5.971018831672414e-05,-2.5055614550561205,10.308896777367766,0.0,n/a,0,1,2,0,0.44537706611570244,0.41400935374149656,0.06212729357798165,1
180,9.24,1790926286.5279,210.38818359375,21.704912185668945,1,0,0.3269872038764431,0.5089293699465688,0.039833005517721176,0.042485736310482025,0.0014024562655074308,5.502976713876796e-05,-2.509407176844219,10.312512845820041,0.0,n/a,0,1,2,0,0.4454201101928375,0.41539115646258506,0.06258600917431192,1
181,9.2798,1790926286.5983,179.75354194641113,23.42534065246582,1,0,0.326525387920162,0.5074936365704904,0.04048853740096092,0.04254753515124321,0.0014109590550483691,5.500070783742298e-05,-2.4982036310385363,10.320632012357917,0.0,n/a,0,1,2,0,0.44606577134986225,0.41597576530612246,0.06275802752293579,1
182,9.35,1790926286.6083,222.23973274230957,27.722597122192383,1,0,0.32705683561944915,0.5084222826033193,0.04001292213797569,0.04227471351623535,0.0014102682807223803,3.488839582340612e-05,-2.5016519381013422,10.318171768230059,0.0,n/a,0,1,2,0,0.4486914600550964,0.4122555272108844,0.06281536697247705,1
183,9.4078,1790926286.7035,222.05281257629395,34.873247146606445,1,0,0.326844539657292,0.5082907403989589,0.040191370993852615,0.04254131019115448,0.001405732227051934,3.2588124378672665e-05,-2.4908636256477776,10.323906293024057,0.0,n/a,0,1,2,0,0.4489497245179063,0.4138499149659864,0.06270068807339449,1
184,9.4552,1790926286.7831,238.58380317687988,35.712242126464844,1,0,0.32662243405648594,0.5079546798499135,0.040358997881412506,0.04261581972241402,0.001408318141639351,2.5759711533821234e-05,-2.486197913155729,10.315406077600008,0.0,n/a,0,1,2,0,0.4509297520661157,0.41374362244897955,0.06298738532110092,1
185,9.5359,1790926286.7971,274.66893196105957,26.470422744750977,1,0,0.32667118688846325,0.5084340622807272,0.040077149868011475,0.04209376126527786,0.0014020452785766006,1.4113141414318447e-05,-2.4974876577814955,10.311560011659111,0.0,n/a,0,1,2,0,0.45394283746556474,0.41135204081632654,0.06344610091743119,1
186,9.5834,1790926286.9246,211.53807640075684,33.98609161376953,1,0,0.3266731453959866,0.5070139185944037,0.03977322205901146,0.04193408787250519,0.0014052564561689161,1.4045746193368751e-05,-2.494686533724828,10.32126551748759,0.0,n/a,0,1,2,0,0.45506198347107435,0.40853528911564624,0.06353211009174312,1
187,9.6763,1790926286.9976,184.9510669708252,24.01447296142578,1,0,0.3267161470905855,0.5068853127447883,0.03988973796367645,0.04149044305086136,0.0013898539977450605,1.5802655665623807e-05,-2.500611480481442,10.311940971419432,0.0,n/a,0,1,2,0,0.45742940771349866,0.4083227040816326,0.06413417431192661,1
188,9.753,1790926287.0132,231.71162605285645,30.918121337890625,1,0,0.3267506664997718,0.5069809965678509,0.03983153775334358,0.04129577800631523,0.0013907017189043506,1.58530688447123e-05,-2.499900757998561,10.313952516018897,0.0,n/a,0,1,2,0,0.4599690082644628,0.4067283163265306,0.06479357798165138,1
189,9.7656,1790926287.0632,211.15446090698242,29.442787170410156,1,0,0.3267463485830475,0.5069672965382719,0.039855580776929855,0.04130620136857033,0.0013901016928204945,1.626158522472945e-05,-2.499520873779263,10.3137546586032,0.0,n/a,0,1,2,0,0.46018422865013775,0.40747236394557823,0.06479357798165138,1
190,9.8172,1790926287.1077,227.0979881286621,44.502973556518555,1,0,0.32671415238658946,0.5077184044037812,0.040026962757110596,0.04116987809538841,0.0013874875114430643,1.33073882328254e-05,-2.5037377089674355,10.304524054094399,0.0,n/a,0,1,2,0,0.46143250688705234,0.4083227040816326,0.0643348623853211,1
191,9.8604,1790926287.1545,208.5428237915039,28.244733810424805,1,0,0.32656098818854984,0.507459526564955,0.04023348167538643,0.041188400238752365,0.001394416218939449,1.3254304033980076e-05,-2.5011053790855735,10.30771225713191,0.0,n/a,0,1,2,0,0.46117424242424243,0.405718537414966,0.06447821100917431,1
192,9.9082,1790926287.2001,196.01106643676758,28.38420867919922,1,0,0.3263777814653195,0.5087606904036025,0.04070436209440231,0.0410379022359848,0.001388948057731633,1.1525723926939333e-05,-2.5049075174970206,10.300860350530694,0.0,n/a,0,1,2,0,0.46388601928374656,0.40529336734693877,0.06439220183486238,1
193,9.9518,1790926287.2338,220.2591896057129,37.11438179016113,1,0,0.3262149604150023,0.508987180985414,0.04090367257595062,0.041115324944257736,0.001386614537538594,1.0118182715775785e-05,-2.5036741798710556,10.300721508978235,0.0,n/a,0,1,2,0,0.4613894628099174,0.405718537414966,0.06510894495412844,1
194,9.9852,1790926287.2779,216.82381629943848,37.180185317993164,1,0,0.3261488027456706,0.5097096853042815,0.041154857724905014,0.04108128324151039,0.0013840572297850445,9.55841090198582e-06,-2.509799570773121,10.29414309274058,0.0,n/a,0,1,2,0,0.4641873278236915,0.4039115646258503,0.06516628440366973,1
195,10.0304,1790926287.3162,200.43253898620605,19.907474517822266,1,0,0.32591156373731334,0.5094759251946354,0.04142698273062706,0.04113784804940224,0.001387042494187607,9.69818185273765e-06,-2.506215302937263,10.30048634623825,0.0,n/a,0,1,2,0,0.46423037190082644,0.40194515306122447,0.06422018348623854,1
196,10.0689,1790926287.3551,210.2830410003662,34.36756134033203,1,0,0.3262202232456034,0.5101078914759395,0.04125167429447174,0.04102664068341255,0.001381883453765,9.584867712439353e-06,-2.5128701683908874,10.29286751544608,0.0,n/a,0,1,2,0,0.46448863636363635,0.4028486394557823,0.06413417431192661,1
197,10.1085,1790926287.4103,194.3211555480957,28.823375701904297,1,0,0.3261733756756411,0.5099176656299432,0.041310448199510574,0.04105191305279732,0.0013866587791313398,9.497598674200546e-06,-2.5111452328913897,10.304055458653291,0.0,n/a,0,1,2,0,0.465650826446281,0.4027954931972789,0.06422018348623854,1
198,10.1624,1790926287.447,228.9285659790039,44.63696479797363,1,0,0.3260115481988629,0.5095265268130433,0.041600700467824936,0.04129635542631149,0.001381677909025365,9.658613836361836e-06,-2.5143876124211104,10.302090836461831,0.0,n/a,0,1,2,0,0.4663395316804408,0.4010416666666667,0.06476490825688073,1
199,10.2291,1790926287.5223,212.25452423095703,22.270679473876953,1,0,0.32591165546074774,0.5093767494537862,0.041664108633995056,0.04124074429273605,0.0013892711146095478,9.605321633787619e-06,-2.5174063400562536,10.313675689230775,0.0,n/a,0,1,2,0,0.4665977961432507,0.4010416666666667,0.06490825688073394,1
200,10.2758,1790926287.5905,188.78555297851562,42.47021675109863,1,0,0.32540516588435214,0.5079993062106256,0.04237735643982887,0.04157084599137306,0.001414046333914349,1.040319158654792e-05,-2.515151903299355,10.316290367003631,0.0,n/a,0,1,2,0,0.46745867768595045,0.3991284013605442,0.06401949541284403,1
201,10.346,1790926287.6103,207.89289474487305,33.32710266113281,1,0,0.3253601827259369,0.5079915781683432,0.04236171394586563,0.04158851131796837,0.0014227854097225885,1.157666365833996e-05,-2.514182520602459,10.320864586695693,0.0,n/a,0,1,2,0,0.46732954545454547,0.3986500850340136,0.06384747706422018,1
202,10.3825,1790926287.6693,204.33878898620605,37.37688064575195,1,0,0.3252693241713259,0.5074929807261795,0.04247139021754265,0.041707593947649,0.0014236904127001193,1.275102956761269e-05,-2.512785773845737,10.324105024646583,0.0,n/a,0,1,2,0,0.4674156336088154,0.39875637755102045,0.06396215596330275,1
203,10.4211,1790926287.7394,198.92525672912598,17.470359802246094,1,0,0.32522281977225165,0.5073710438607986,0.04245922714471817,0.04177035018801689,0.0014232266990670207,1.3932011323671179e-05,-2.5143530009448734,10.324271646889752,0.0,n/a,0,1,2,0,0.4681473829201102,0.39939413265306123,0.06459288990825689,1
204,10.4928,1790926287.7517,242.85531044006348,23.736238479614258,1,0,0.32507655139786773,0.5068972055710593,0.04256516322493553,0.04239668324589729,0.0014278133129519324,1.531031022258278e-05,-2.5070186783783486,10.334583305656567,0.0,n/a,0,1,2,0,0.4674156336088154,0.399234693877551,0.06467889908256881,1
205,10.5368,1790926287.8281,205.1551342010498,25.217771530151367,1,0,0.32523812052814666,0.5068689376671495,0.04227883741259575,0.042198240756988525,0.001429385454311717,1.6772060523849304e-05,-2.513102326634392,10.331334081272983,0.0,n/a,0,1,2,0,0.4675017217630854,0.39902210884353745,0.06493692660550458,1
206,10.6084,1790926287.9255,193.59302520751953,38.17272186279297,1,0,0.3253360102353993,0.5062631537074052,0.041878584772348404,0.04239775612950325,0.0014270558687886482,1.7803855497430626e-05,-2.5084500460284733,10.342504298760927,0.0,n/a,0,1,2,0,0.4677169421487603,0.3994472789115646,0.06502293577981651,1
207,10.689,1790926287.9714,227.3690700531006,35.10928153991699,1,0,0.32616103722041734,0.5067140470749302,0.040568944066762924,0.04152549430727959,0.0014245383722748428,1.8378361992734778e-05,-2.528804755558566,10.315226443059066,0.0,n/a,0,1,2,0,0.4676308539944904,0.39960671768707484,0.06490825688073394,1
208,10.7252,1790926288.0201,208.58073234558105,29.389142990112305,1,0,0.32615031753293244,0.5065929869096439,0.040514908730983734,0.041730429977178574,0.0014194159391869882,1.8311892358413015e-05,-2.527387757582823,10.319113340871104,0.0,n/a,0,1,2,0,0.46732954545454547,0.3988626700680272,0.06462155963302753,1
209,10.7739,1790926288.0868,187.09659576416016,42.91868209838867,1,0,0.32630343378860904,0.5075082133793505,0.04045461490750313,0.041519537568092346,0.0014159919295685097,1.847756869147002e-05,-2.525567211610899,10.314367322758914,0.0,n/a,0,1,2,0,0.46801825068870523,0.39960671768707484,0.06485091743119266,1
210,10.8406,1790926288.1403,174.6683120727539,28.58448028564453,1,0,0.3254763029882883,0.5076140950850616,0.04143168032169342,0.04185127839446068,0.0014153225600590873,1.8166801887580685e-05,-2.518059859699521,10.319810193220468,0.0,n/a,0,1,2,0,0.4675878099173554,0.3992878401360544,0.06424885321100918,1
211,10.8964,1790926288.1546,206.9237232208252,23.962974548339844,1,0,0.32549968887480196,0.5084615456152517,0.041541580110788345,0.04182420298457146,0.0014120955477175106,1.8001673601477124e-05,-2.506771738507852,10.312137092113556,0.0,n/a,0,1,2,0,0.4670712809917355,0.399234693877551,0.06442087155963303,1
212,10.9197,1790926288.2136,194.3364143371582,35.71915626525879,1,0,0.32540089012622964,0.5086246084913956,0.041684988886117935,0.04188664257526398,0.0014050139408679342,1.7527017631394934e-05,-2.5035628333441218,10.311677163244763,0.0,n/a,0,1,2,0,0.46702823691460055,0.39907525510204084,0.06465022935779817,1
213,10.9701,1790926288.2833,169.27719116210938,18.36419105529785,1,0,0.32509534199417545,0.5081112508256306,0.042251504957675934,0.04225930571556091,0.001420157031990276,1.7009144918035596e-05,-2.4926944989533757,10.310219279948818,0.0,n/a,0,1,2,0,0.4672865013774105,0.39934098639455784,0.06390481651376147,1
214,11.0358,1790926288.3313,198.6865997314453,52.22606658935547,1,0,0.3261809164615521,0.5101113453214812,0.040750544518232346,0.04184843972325325,0.001396149949488041,1.580444708832273e-05,-2.5046578332850884,10.290988000748555,0.0,n/a,0,1,2,0,0.46745867768595045,0.40088222789115646,0.06476490825688073,1
215,11.0865,1790926288.3492,213.8195037841797,27.4660587310791,1,0,0.3259993863420126,0.5087142486444787,0.040245089679956436,0.041716884821653366,0.0013975391967284007,1.4608068732834123e-05,-2.4976098334548245,10.299555242351577,0.0,n/a,0,1,2,0,0.4667269283746556,0.4019982993197279,0.06456422018348623,1
216,11.1318,1790926288.4184,180.6201934814453,22.672414779663086,1,0,0.3260400961153674,0.508747480799493,0.04014109447598457,0.04171076416969299,0.0013822421168579087,1.5041396414448753e-05,-2.5101809089079654,10.2958716383661,0.0,n/a,0,1,2,0,0.4663395316804408,0.4010416666666667,0.0641915137614679,1
217,11.1749,1790926288.4965,173.45666885375977,24.23691749572754,1,0,0.32564668656661827,0.5067025246146621,0.04047011211514473,0.04160740599036217,0.0013835725715937838,1.4845245420322534e-05,-2.501171169289523,10.308556606997994,0.0,n/a,0,1,2,0,0.465736914600551,0.4015731292517007,0.06396215596330275,1
218,11.251,1790926288.5361,230.0412654876709,44.04449462890625,1,0,0.32558887416417137,0.5065864744298236,0.040575090795755386,0.040975574404001236,0.0013526446526101977,1.936921039032333e-05,-2.508366457517313,10.294159579827808,0.0,n/a,0,1,2,0,0.4660812672176309,0.40056335034013607,0.06422018348623854,1
219,11.293,1790926288.5794,220.9465503692627,34.20543670654297,1,0,0.32508107397826136,0.5055439199949423,0.04115214943885803,0.04103619605302811,0.0013559482193182544,2.279446419980919e-05,-2.5054880977330396,10.315484179606303,0.0,n/a,0,1,2,0,0.4663395316804408,0.40141369047619047,0.06479357798165138,1
220,11.3345,1790926288.6482,213.01770210266113,59.07034873962402,1,0,0.3251690556186916,0.5059968792036604,0.04104483127593994,0.04086458310484886,0.0013642299939500922,2.4100599272976637e-05,-2.513799614880401,10.31303612482343,0.0,n/a,0,1,2,0,0.4658660468319559,0.4005102040816326,0.06439220183486238,1
221,11.4004,1790926288.693,202.11052894592285,28.662681579589844,1,0,0.3243060111886959,0.5048916838809929,0.04234342649579048,0.04120008274912834,0.0013854287491295732,2.423770319065293e-05,-2.5193789739368535,10.328542239823541,0.0,n/a,0,1,2,0,0.4662964876033058,0.4007759353741497,0.06496559633027522,1
222,11.4469,1790926288.7052,215.13915061950684,19.410371780395508,1,0,0.32438742752106386,0.5051062113111244,0.04233991727232933,0.04110822081565857,0.0014086844391529372,2.3780231285669513e-05,-2.5131304435380346,10.330678859806373,0.0,n/a,0,1,2,0,0.46612431129476584,0.40141369047619047,0.06453555045871559,1
223,11.4946,1790926288.788,220.33166885375977,30.80010414123535,1,0,0.3242949989770285,0.5051561495235637,0.04241296648979187,0.04107777401804924,0.0014104207633744235,2.3062967031902563e-05,-2.521392751594048,10.339094437315298,0.0,n/a,0,1,2,0,0.46569387052341593,0.4007759353741497,0.06424885321100918,1
224,11.5417,1790926288.8643,180.65357208251953,27.79984474182129,1,0,0.324221962257944,0.504886287728714,0.04261919483542442,0.04116634652018547,0.001428787189771428,2.3023620199721433e-05,-2.52067976039363,10.337324864866005,0.0,n/a,0,1,2,0,0.46603822314049587,0.40056335034013607,0.06427752293577982,1
225,11.6246,1790926288.889,223.9692211151123,28.995752334594727,1,0,0.32521806183132757,0.5073494322985,0.04188795015215874,0.04089949280023575,0.0014173733984934466,2.2527030584512268e-05,-2.5251968859858662,10.33924457805552,0.0,n/a,0,1,2,0,0.4660812672176309,0.40056335034013607,0.06436353211009174,1
226,11.6585,1790926288.9584,231.80031776428223,40.192604064941406,1,0,0.32515172412837334,0.507198140550903,0.04207010939717293,0.041319865733385086,0.0014105122010601421,2.2081190042903232e-05,-2.511946197792971,10.332625435659136,0.0,n/a,0,1,2,0,0.4666408402203857,0.40114795918367346,0.06467889908256881,1
227,11.7106,1790926289.0475,188.60507011413574,33.01095962524414,1,0,0.32518839674818356,0.50801019962412,0.04233645647764206,0.04127885028719902,0.0014170153314519219,2.1726371778210165e-05,-2.5171652115765353,10.329501200286026,0.0,n/a,0,1,2,0,0.4665547520661157,0.40098852040816324,0.06462155963302753,1
228,11.8001,1790926289.0608,231.7800521850586,34.54923629760742,1,0,0.3251043688915183,0.5087899419352159,0.042314618825912476,0.04164498671889305,0.0014215841213460723,2.2078423602954415e-05,-2.519988423342268,10.343231578658358,0.0,n/a,0,1,2,0,0.46732954545454547,0.3991284013605442,0.06396215596330275,1
229,11.8529,1790926289.1485,227.2641658782959,20.63274383544922,1,0,0.32506552258619076,0.5087694471058798,0.04231269285082817,0.04166613519191742,0.0014197197463035422,2.2268481978338338e-05,-2.5153945851398167,10.340029129680627,0.0,n/a,0,1,2,0,0.4670712809917355,0.39934098639455784,0.06436353211009174,1
230,11.9034,1790926289.231,174.41034317016602,19.678592681884766,1,0,0.3250164498059529,0.5088114467442537,0.042392466217279434,0.04179208353161812,0.0014202793699747817,2.2586231751909242e-05,-2.515000626064121,10.334613680508832,0.0,n/a,0,1,2,0,0.4677169421487603,0.3991284013605442,0.06513761467889909,1
231,11.9889,1790926289.2936,187.58869171142578,26.006221771240234,1,0,0.32536072827410545,0.5088077671150095,0.041816942393779755,0.041809532791376114,0.0014251227386556612,2.3442944963266046e-05,-2.5178110800630487,10.333562712327302,0.0,n/a,0,1,2,0,0.46943870523415976,0.3975871598639456,0.06482224770642203,1
232,12.0483,1790926289.365,172.42765426635742,41.84460639953613,1,0,0.3253787660663123,0.5069771459778849,0.04152249917387962,0.0419452078640461,0.001423936042127955,2.4055473138009158e-05,-2.5134322529168744,10.343697628834017,0.40778061450014036,n/a,0,1,2,0,0.47004132231404955,0.397906037414966,0.06456422018348623,0
233,12.1183,1790926289.4193,180.57560920715332,30.25031089782715,1,0,0.32560234531703813,0.5066460619382441,0.04116310924291611,0.04165942594408989,0.0014336973084032262,2.5135411168758633e-05,-2.510670584669024,10.34072516052866,0.42400008140451817,road,0,1,2,0,0.46948174931129477,0.39317602040816324,0.06556766055045872,0
234,12.1746,1790926289.4358,183.49313735961914,19.417524337768555,1,0,0.32531568747535666,0.5057544641861393,0.041418369859457016,0.041841600090265274,0.0014320997666894429,2.5396989441801788e-05,-2.507654929114733,10.330086124212594,0.440219548308896,road,0,1,2,0,0.4696539256198347,0.39306972789115646,0.06556766055045872,0
235,12.1989,1790926289.492,202.46076583862305,25.725841522216797,1,0,0.32530434026588106,0.5056895207647978,0.04138608276844025,0.04187401384115219,0.0014289375483503206,2.5280130133845074e-05,-2.5078035908643557,10.329181835752827,0.5312553216020461,road,0,1,2,0,0.4709022038567493,0.39232568027210885,0.06551032110091742,0
236,12.2448,1790926289.5608,185.88662147521973,40.4207706451416,1,0,0.3251057365255351,0.5052084043147614,0.04158001393079758,0.041998762637376785,0.0014229726500218265,2.4811695902232825e-05,-2.506838582811759,10.335895501951171,0.5381927723279958,road,0,1,2,0,0.46948174931129477,0.39120960884353745,0.06482224770642203,0
237,12.312,1790926289.5702,219.29574012756348,28.687000274658203,1,0,0.325022447507584,0.5053336145768551,0.041593052446842194,0.042009446769952774,0.001418633633388893,1.6500302013785164e-05,-2.5035927704763763,10.32873663519222,0.5720302329250728,road,0,1,2,0,0.4702995867768595,0.38903061224489793,0.06548165137614678,0
238,12.363,1790926289.6535,242.20681190490723,24.36232566833496,1,0,0.32481781978155244,0.5054654137311609,0.041761789470911026,0.04218653589487076,0.0014189200769897802,1.068276334231833e-05,-2.508081811535692,10.326615649364507,0.5720302329250728,road,0,1,2,0,0.4712896005509642,0.390625,0.06485091743119266,0
239,12.4057,1790926289.7354,212.29052543640137,43.09558868408203,1,0,0.3248160888386912,0.5055671963921003,0.041866909712553024,0.04243193566799164,0.0014160487304021323,6.978335379881627e-06,-2.496280745883025,10.324577989056746,0.5619372056097376,road,0,1,2,0,0.47025654269972456,0.3891369047619047,0.06476490825688073,0
240,12.4896,1790926289.7467,238.32321166992188,20.255088806152344,1,0,0.32478152895955925,0.5066746684659624,0.04197414219379425,0.042153019458055496,0.0013943155914992807,8.88277586785228e-06,-2.5092004990615573,10.321429534776989,0.5414392210725083,road,0,1,2,0,0.4705578512396694,0.3869579081632653,0.0659690366972477,0
241,12.545,1790926289.8407,233.0782413482666,27.010440826416016,1,0,0.32461972049243837,0.5065424640619381,0.042086564004421234,0.04226749762892723,0.001396006373656031,1.027946354150186e-05,-2.4968261568333925,10.33673992746501,0.4395695632533929,road,0,1,2,0,0.46930957300275483,0.3843005952380953,0.06591169724770642,0
242,12.5929,1790926289.9305,230.31163215637207,54.1226863861084,1,0,0.3245798597067101,0.5064336814992856,0.042270638048648834,0.04241809621453285,0.0014037496049741874,1.0557353722285672e-05,-2.4922391682109946,10.337471533316878,0.4395695632533929,road,0,1,2,0,0.4685347796143251,0.3840880102040816,0.06559633027522936,0
243,12.6825,1790926289.9398,274.5668888092041,28.50174903869629,1,0,0.3247121492789067,0.5073722635741608,0.042217403650283813,0.04225684702396393,0.0013791081947228515,1.4132697370469995e-05,-2.499865069346734,10.319751182002808,0.4395695632533929,road,0,1,2,0,0.4685347796143251,0.3823873299319728,0.06536697247706422,0
244,12.7408,1790926290.0308,296.48423194885254,23.85854721069336,1,0,0.3246492759968046,0.5073496762932607,0.04210678115487099,0.04205140471458435,0.0013792758891758175,1.6556435215017615e-05,-2.495964930325028,10.322719980666557,0.35503690997887816,road,0,1,2,0,0.4693526170798898,0.3824404761904762,0.06539564220183486,0
245,12.783,1790926290.1644,222.9135036468506,39.525508880615234,1,0,0.32475649788414906,0.5075183333434857,0.041937343776226044,0.04211505129933357,0.0013778795657768477,1.8070527226627676e-05,-2.497688777499274,10.309299428484296,0.3541616063144062,road,0,1,2,0,0.46668388429752067,0.3823341836734694,0.06536697247706422,0
246,12.9169,1790926290.2199,267.11297035217285,37.850379943847656,1,0,0.3249469340427601,0.5076108956564909,0.04188771918416023,0.042065344750881195,0.0013770548939428021,2.0343587655316463e-05,-2.495349094103024,10.309865223595416,0.3379007207390643,road,0,1,2,0,0.4658660468319559,0.3782950680272109,0.06519495412844037,0
247,12.9899,1790926290.2823,245.26619911193848,36.96751594543457,1,1,0.07967641340932013,0.5209370111066588,0.5575466752052307,0.049240052700042725,0.0014216573484560032,2.0177748890155587e-05,-2.1408130243616443,9.11052974510478,0.3379007207390643,road,0,1,2,0,0.46401515151515155,0.3748937074829932,0.06513761467889909,0
248,13.0365,1790926290.3445,205.74522018432617,22.67909049987793,1,1,0.15013456422506033,0.5205425601178213,0.39711254835128784,0.049748361110687256,0.0013659522864387012,2.1908886547934166e-05,-2.3019626011941425,9.143151358750881,0.3379007207390643,road,0,1,2,0,0.46513429752066116,0.37468112244897955,0.06510894495412844,0
249,13.0979,1790926290.3917,221.6963768005371,35.61687469482422,1,0,0.29617767363361786,0.5176140961481254,0.07423397898674011,0.04238557070493698,0.0014495630505205555,2.3927381777085185e-05,-2.2642357368718207,9.777150670914633,0.32624249471866307,road,0,1,2,0,0.4663395316804408,0.3729272959183674,0.06571100917431193,0
250,13.1441,1790926290.4429,206.0384750366211,26.73792839050293,1,0,0.3232333646025187,0.5104188218716561,0.040903959423303604,0.04047509655356407,0.0014405225622628132,2.4427106596206036e-05,-2.328897578152048,9.926893627267772,-0.10685701656954905,road,0,1,2,0,0.46676997245179064,0.3731930272108844,0.0658256880733945,0
251,13.1953,1790926290.488,234.18569564819336,31.07166290283203,1,0,0.32960661673092395,0.5101780649451895,0.038228876888751984,0.040444012731313705,0.0014261107812485463,2.410679586035041e-05,-2.4106974333593634,9.999879547711632,-0.10685701656954905,road,0,1,2,0,0.4660812672176309,0.37026998299319724,0.06588302752293579,0
252,13.243,1790926290.5562,218.07265281677246,28.939485549926758,1,0,0.3320005643058205,0.5081648378947488,0.0369747094810009,0.040203455835580826,0.0014262780406166023,2.397129802608413e-05,-2.4340822140057012,10.077244474464413,-0.013535354313034986,road,0,1,2,0,0.46638257575757575,0.3715986394557823,0.06571100917431193,0
253,13.3099,1790926290.605,245.67103385925293,28.60093116760254,1,0,0.33146275683455334,0.5102092494618314,0.03838549181818962,0.04043086990714073,0.001413450842061458,2.3694379970754754e-05,-2.4768304252936773,10.104778575613054,0.03821899587909172,road,0,1,2,0,0.46612431129476584,0.3710140306122449,0.06533830275229359,0
254,13.3583,1790926290.6811,207.91363716125488,22.60875701904297,1,0,0.33039513011372434,0.5083254178557819,0.039220165461301804,0.040898941457271576,0.001409993933394621,2.351310383908824e-05,-2.482626186048279,10.152454372970475,0.21714647909477236,road,0,1,2,0,0.4672865013774105,0.36904761904761907,0.06556766055045872,0
255,13.434,1790926290.7301,229.4480800628662,30.870676040649414,1,0,0.3298368045024398,0.5094867924987734,0.039540499448776245,0.04113529250025749,0.0014061383301320054,2.3823149493466802e-05,-2.4969222905205153,10.187076702879876,0.13073548795882317,road,0,1,2,0,0.46831955922865015,0.36936649659863946,0.06556766055045872,0
256,13.4844,1790926290.798,201.66659355163574,20.605802536010742,1,0,0.32935665346724174,0.5078429316205356,0.039712466299533844,0.041417043656110764,0.0014108726059654196,2.316525791737048e-05,-2.49453405202663,10.241977917251262,0.24068987047545676,road,0,1,2,0,0.46922348484848486,0.36825042517006806,0.0650802752293578,0
257,13.5501,1790926290.8496,232.79428482055664,27.79674530029297,1,0,0.32938691168403544,0.5079715735065666,0.03931555524468422,0.04124319925904274,0.0014344628572644758,2.460695081401258e-05,-2.518933103608912,10.278070327838243,0.3012195071362882,road,0,1,2,0,0.4664686639118457,0.3698448129251701,0.06510894495412844,0
258,13.6048,1790926290.9132,190.5074119567871,18.562793731689453,1,0,0.3292662329137451,0.5077269586406666,0.039347607642412186,0.04138001799583435,0.0014336332794922554,2.536405591875843e-05,-2.5180632939657364,10.283794578361874,0.3080239262997537,road,0,1,2,0,0.46754476584022037,0.3695259353741497,0.06510894495412844,0
259,13.668,1790926290.9786,207.94129371643066,31.490564346313477,1,0,0.329149917811684,0.5073520190135488,0.03956415131688118,0.041544314473867416,0.001429460073218851,2.5051055194783197e-05,-2.51584080496111,10.29697454567089,0.3329647849019892,road,0,1,2,0,0.4672004132231405,0.3692602040816326,0.06539564220183486,0
260,13.7306,1790926291.0321,203.02414894104004,37.02378273010254,1,0,0.3293277412941852,0.50724324491171,0.0396212674677372,0.04198293387889862,0.0014381776540260361,2.4523154828853618e-05,-2.49719593302015,10.306906091694286,0.3663524705381107,road,0,1,2,0,0.4670712809917355,0.36835671768707484,0.06510894495412844,0
261,13.7846,1790926291.0872,204.31780815124512,23.232221603393555,1,0,0.329316794787599,0.5074888048634002,0.03943149372935295,0.04183371365070343,0.001431997218425111,2.167384029177182e-05,-2.5129516091679944,10.30769056266363,0.3663524705381107,road,0,1,2,0,0.46732954545454547,0.37016369047619047,0.06545298165137614,0
262,13.8418,1790926291.1314,205.31034469604492,43.12944412231445,1,0,0.32943367513314104,0.5068083453446507,0.03944085165858269,0.0419369712471962,0.0014265896292041946,2.108896922236763e-05,-2.510225985456206,10.315644722680096,0.3663524705381107,road,0,1,2,0,0.4685347796143251,0.3687287414965986,0.0650802752293578,0
263,13.8858,1790926291.1889,193.0677890777588,26.452302932739258,1,0,0.3294677796341675,0.5064557592909872,0.039422985166311264,0.04182303696870804,0.0014232334725997645,2.050725741509893e-05,-2.5098784769134377,10.313794577194601,0.42282311178924203,road,0,1,2,0,0.4684056473829201,0.36968537414965985,0.06519495412844037,0
264,13.9415,1790926291.231,173.9823818206787,20.397186279296875,1,0,0.3291207291999133,0.5050026603898905,0.039469312876462936,0.04199160635471344,0.0014239595105908574,1.7626044455637285e-05,-2.5117553776456085,10.311037602896523,0.4595267109911205,road,0,1,2,0,0.46745867768595045,0.3689944727891156,0.06556766055045872,0
265,13.9834,1790926291.2828,205.07383346557617,25.20751953125,1,0,0.3291483242418274,0.5048834072298581,0.0394311398267746,0.041962120682001114,0.0014232654639366122,1.7156134717552207e-05,-2.4987589435363597,10.30605827515481,0.6135451228541839,road,0,1,2,0,0.4670712809917355,0.36888818027210885,0.06565366972477064,0
266,14.0376,1790926291.3274,206.68816566467285,43.16234588623047,1,0,0.3288587589759963,0.5048134788015132,0.03915926814079285,0.042000506073236465,0.0014223941844827468,1.0958839330670386e-05,-2.494941784327412,10.290534176855479,0.6152432402692654,road,0,1,2,0,0.46590909090909094,0.36931335034013607,0.06522362385321101,0
267,14.0796,1790926291.3938,188.85326385498047,29.247283935546875,1,0,0.3287871377958324,0.5049195066837835,0.03911944106221199,0.04177949205040932,0.0014219936856154378,1.0706212350479115e-05,-2.4940876093741866,10.29003783483627,0.6152432402692654,road,0,1,2,0,0.46638257575757575,0.37218324829931976,0.06536697247706422,0
268,14.1466,1790926291.434,203.67932319641113,42.49453544616699,1,0,0.328484263100582,0.505072840497226,0.03917112573981285,0.04198043420910835,0.0014207116552755763,8.582875384295936e-06,-2.499212621014441,10.293056682365405,0.6075689460682341,road,0,1,2,0,0.4666408402203857,0.37069515306122447,0.06553899082568806,0
269,14.1866,1790926291.4919,183.98332595825195,25.914907455444336,1,0,0.3284354680255767,0.5060403774605451,0.0392572395503521,0.041806112974882126,0.001419353291307373,8.404738920184415e-06,-2.500747522991986,10.293283162174887,0.5957456994363142,road,0,1,2,0,0.465521694214876,0.3709077380952381,0.06573967889908257,0
270,14.2444,1790926291.5331,167.98639297485352,18.041610717773438,1,0,0.32804061286932,0.5064865120572372,0.03946923092007637,0.04188299924135208,0.0014298882556831724,8.720371188944896e-06,-2.502229382694621,10.29535359433069,0.4955104438749345,road,0,1,2,0,0.4662534435261708,0.37175807823129253,0.06530963302752295,0
271,14.2856,1790926291.5858,201.31778717041016,32.47642517089844,1,0,0.32789798949650895,0.5072551616383673,0.03960311785340309,0.04189058020710945,0.0014340343614970062,8.819150742215546e-06,-2.5038031132719216,10.295328429734225,0.4499357271512139,road,0,1,2,0,0.4659521349862259,0.37409651360544216,0.06594036697247706,0
272,14.3392,1790926291.6285,183.7308406829834,17.733097076416016,1,0,0.3274412995440156,0.5074440629935235,0.04016803950071335,0.04198161140084267,0.001439168442551047,9.085056597645695e-06,-2.5000979836774126,10.297983739605291,0.370599713829435,road,0,1,2,0,0.46612431129476584,0.37282100340136054,0.06522362385321101,0
273,14.3805,1790926291.6861,191.06698036193848,27.588844299316406,1,0,0.32726656188550796,0.5074900292256355,0.040530115365982056,0.042020417749881744,0.0014515552143447312,1.0100488589467238e-05,-2.5016554952496803,10.30618323466519,0.3476976309534692,road,0,1,2,0,0.46590909090909094,0.375797193877551,0.06525229357798165,0
274,14.4406,1790926291.731,192.1072006225586,17.06099510192871,1,0,0.32717122633142237,0.507541195986998,0.04055926576256752,0.041755300015211105,0.0014570902625426565,1.0832802988427787e-05,-2.5035903634886356,10.306522534696812,0.34417086273678166,road,0,1,2,0,0.4650051652892562,0.37616921768707484,0.06510894495412844,0
275,14.4831,1790926291.7913,185.69135665893555,28.619050979614258,1,0,0.327122945506705,0.5074820973569987,0.040644336491823196,0.041709691286087036,0.0014587885593372119,1.2271294734400051e-05,-2.5084322453965346,10.31142116539181,0.34417086273678166,road,0,1,2,0,0.4649621212121212,0.37749787414965985,0.06530963302752295,0
276,14.5431,1790926291.8338,184.63540077209473,22.628307342529297,1,0,0.3264148792432693,0.5061373007436218,0.041660889983177185,0.041788388043642044,0.0014595155392170883,1.2746969951695335e-05,-2.495409424487251,10.319922141002035,0.3506416789768565,road,0,1,2,0,0.4663395316804408,0.38031462585034015,0.06525229357798165,0
277,14.5856,1790926291.8812,197.36361503601074,26.98349952697754,1,0,0.32636493272330663,0.5061282916984923,0.04177016019821167,0.04170280322432518,0.0014610432765343171,1.404890907671254e-05,-2.4938403704159926,10.31895887069626,0.48053950812213486,road,0,1,2,0,0.46603822314049587,0.37930484693877553,0.0654243119266055,0
278,14.6363,1790926291.9322,177.24251747131348,20.10178565979004,1,0,0.3262577415661876,0.5066362334517442,0.04203224554657936,0.041973307728767395,0.0014338916638733303,1.4047495929281033e-05,-2.4985406021811256,10.31152269671876,0.48053950812213486,road,0,1,2,0,0.4669421487603306,0.3799426020408163,0.06579701834862386,0
279,14.6847,1790926291.9718,215.29793739318848,27.7862548828125,1,0,0.3258722955609983,0.5049663478723371,0.04250069335103035,0.04194987565279007,0.001432319186834012,1.4001754816536046e-05,-2.504042883615334,10.307270558052146,0.48053950812213486,road,0,1,2,0,0.4660812672176309,0.3816964285714286,0.06530963302752295,0
280,14.7246,1790926292.03,186.6762638092041,27.052640914916992,1,0,0.3265339403798606,0.5059912170083036,0.041635021567344666,0.041746631264686584,0.0014293098892674643,1.3726705293381844e-05,-2.5173184824290264,10.305469924792733,0.5144561995624812,road,0,1,2,0,0.46724345730027544,0.38148384353741494,0.06536697247706422,0
281,14.7821,1790926292.0756,207.50832557678223,34.21139717102051,1,0,0.3267770035282237,0.5062997676489795,0.041298072785139084,0.041786078363657,0.0014249333020907647,1.3876833967723783e-05,-2.522646791286661,10.300165275621877,0.5144561995624812,road,0,1,2,0,0.4677599862258953,0.3835565476190476,0.06539564220183486,0
282,14.8288,1790926292.1399,184.7536563873291,17.499446868896484,1,0,0.32678156139676884,0.5063426250893814,0.041265819221735,0.041813626885414124,0.0014361244999235951,1.3868858824168743e-05,-2.5233741570891888,10.297555938170822,0.48651701459577623,road,0,1,2,0,0.468879132231405,0.38190901360544216,0.0654243119266055,0
283,14.8928,1790926292.1856,203.15957069396973,29.910564422607422,1,0,0.32686020339040134,0.5059761449896198,0.041258763521909714,0.0421995110809803,0.0014573120417070546,1.4598535127804217e-05,-2.500963696873334,10.306067820671217,0.48651701459577623,road,0,1,2,0,0.468620867768595,0.382281037414966,0.06565366972477064,0
284,14.9423,1790926292.2425,177.96993255615234,29.65402603149414,1,0,0.3273335461516125,0.5067609434017235,0.04056292399764061,0.04162389785051346,0.0014516822601681222,1.4626537862655671e-05,-2.5290850592272136,10.287848559335458,0.4826256900813988,road,0,1,2,0,0.46930957300275483,0.38451318027210885,0.065625,0
285,14.9943,1790926292.2846,202.1346092224121,36.05294227600098,1,0,0.3272302878671243,0.5063631955799299,0.040506090968847275,0.04219438508152962,0.001457419802483909,1.4774074901102808e-05,-2.5330251156519585,10.336256530464519,0.48849758076195116,road,0,1,2,0,0.4692665289256198,0.38451318027210885,0.06536697247706422,0
286,15.0388,1790926292.3381,187.0877742767334,27.034997940063477,1,0,0.32543291909965166,0.5125947546740687,0.042931389063596725,0.040952324867248535,0.0015145913871030766,2.1456838791617648e-05,-2.265594830245304,10.31191320212748,0.44348820080752915,road,0,1,2,0,0.4685347796143251,0.3830250850340136,0.06536697247706422,0
287,15.0907,1790926292.3779,213.2267951965332,44.571638107299805,1,0,0.24423282088820586,0.6296954702023307,0.18874435126781464,0.054493729025125504,0.0015158160277727875,2.5826741698642838e-05,-0.33171912730058245,9.667349336267275,-0.3878235467428084,road,0,1,2,0,0.46793216253443526,0.3832376700680272,0.06493692660550458,0
288,15.1312,1790926292.4346,190.78826904296875,32.19175338745117,1,1,0.044519825769080965,0.542048550408951,0.6791293621063232,0.05733620002865791,0.0015381720224897076,3.1528391275001345e-05,1.5853094328606592,8.543641215733802,-0.3878235467428084,road,0,1,2,0,0.46681301652892565,0.383609693877551,0.06585435779816515,0
289,15.1904,1790926292.4784,205.27052879333496,41.54062271118164,1,1,0.12915284711249198,0.6270690781457493,0.41503995656967163,0.04485291987657547,0.0015631335460575544,3.814983649890176e-05,2.8292558234432255,8.48280893198471,-0.3878235467428084,road,0,1,2,0,0.4681473829201102,0.3832908163265306,0.06533830275229359,0
290,15.231,1790926292.5347,186.1553192138672,26.031017303466797,1,0,0.27785775645174743,0.7045406034441524,0.0835137665271759,0.032012589275836945,0.001786846225987021,7.850666704440559e-05,3.559492672511096,9.440638014393961,-14.282924469114782,road,0,1,2,0,0.46930957300275483,0.3836628401360544,0.0654243119266055,0
291,15.2871,1790926292.5777,212.8775119781494,46.79751396179199,1,0,0.3210151665739137,0.7139429879675924,0.046601712703704834,0.03239443898200989,0.002100640078723229,0.00015615768513965758,5.175606127486674,10.08222889928961,-25.373247747922242,road,0,1,2,0,0.4702995867768595,0.3843537414965986,0.0658256880733945,0
292,15.3295,1790926292.633,177.03914642333984,19.461631774902344,1,0,0.3272769280197031,0.7207999461036614,0.04309622570872307,0.03320522606372833,0.002747607401723048,0.0003038073274821238,5.94313725896195,10.145682140743316,-27.70442298899936,left_mirror,0,1,2,0,0.4697400137741047,0.38509778911564624,0.06545298165137614,0
293,15.3856,1790926292.6741,183.8850975036621,22.206544876098633,1,0,0.31533723319471635,0.7199189604552276,0.05589395761489868,0.03184659034013748,0.0031353680090655898,0.0004574021226288979,5.942438027064767,10.03874871597801,-28.96945718323851,left_mirror,0,1,2,0,0.46982610192837465,0.3866390306122449,0.065625,0
294,15.426,1790926292.7209,196.98047637939453,40.375471115112305,1,0,0.31805145352270425,0.717789968008157,0.05282248929142952,0.03132067620754242,0.003386032635649305,0.00057782592234826,6.376248840125693,10.449650502274865,-29.062470536768437,left_mirror,0,1,2,0,0.4697830578512397,0.38605442176870747,0.06551032110091742,0
295,15.4753,1790926292.7712,195.00184059143066,27.45962142944336,1,0,0.31670105406796456,0.7172522183894458,0.06019122526049614,0.03200362250208855,0.0033470934735877035,0.0006663609367425703,6.391560928960518,10.127053169385995,-29.063361240766447,left_mirror,0,1,2,0,0.46961088154269975,0.3848852040816326,0.06565366972477064,0
296,15.5244,1790926292.8141,208.756685256958,40.29130935668945,1,0,0.31450208384153167,0.7149233027281301,0.06322144716978073,0.03155142068862915,0.0033322282603634183,0.0007321634245168419,6.509789918335995,10.024808617115564,-29.063361240766447,left_mirror,0,1,2,0,0.4702995867768595,0.3861075680272109,0.06533830275229359,0
297,15.5671,1790926292.8775,190.16146659851074,26.126861572265625,1,0,0.3143939718853584,0.7168120856877103,0.06321367621421814,0.030193211510777473,0.0033639163493915138,0.0007850070043791985,6.505941422807793,10.0723650504151,-29.063361240766447,left_mirror,0,1,2,0,0.46930957300275483,0.38504464285714285,0.06556766055045872,0
298,15.6309,1790926292.9153,211.2898826599121,41.23115539550781,1,0,0.3109035339425099,0.7098834131700993,0.07454010099172592,0.02930779941380024,0.0033469587424672736,0.0008234292389628571,6.647018753961405,9.944288899075561,-28.917388094032383,left_mirror,0,1,2,0,0.4696539256198347,0.3843005952380953,0.06545298165137614,0
299,15.668,1790926292.9774,184.97157096862793,27.187824249267578,1,0,0.30962316226235487,0.7054209749980411,0.07861258089542389,0.03127473592758179,0.0034388010199027665,0.0008556997765306704,6.767729573381622,9.8782604140008,-28.50279294143025,left_mirror,0,1,2,0,0.47034263085399447,0.3832376700680272,0.06556766055045872,0
300,15.7315,1790926293.0213,208.8913917541504,45.27878761291504,1,0,0.30887218503472,0.7044592669334759,0.07865065336227417,0.0321543924510479,0.0034551598615173333,0.0008768363874124052,6.753151232593617,9.838899071897204,-28.13503916110232,left_mirror,0,1,2,0,0.4698691460055096,0.3851509353741497,0.06571100917431193,0
301,15.7731,1790926293.0756,190.45352935791016,24.519681930541992,1,0,0.30880686061508955,0.7072669266725828,0.07871696352958679,0.03189810365438461,0.0035011554377006532,0.0008907176637076203,6.764051623467003,9.87744579055868,-28.13503916110232,left_mirror,0,1,2,0,0.4690082644628099,0.38387542517006806,0.0650802752293578,0
302,15.8283,1790926293.1176,182.20186233520508,16.718149185180664,1,0,0.3085258104118829,0.7078036645583675,0.07875122129917145,0.03205432742834091,0.003474306085349632,0.0008913244056682254,6.747197103057064,9.890184478892513,-28.32565310323762,left_mirror,0,1,2,0,0.46918044077134985,0.38275935374149656,0.065625,0
303,15.8707,1790926293.1748,185.03952026367188,44.95596885681152,1,0,0.3083165855939637,0.7102089232823938,0.07850075513124466,0.03240445628762245,0.003473065728428325,0.0008818303387262676,6.734982611250744,9.899749002646272,-28.36794289304185,left_mirror,0,1,2,0,0.46892217630853994,0.38313137755102045,0.06559633027522936,0
304,15.9287,1790926293.2211,186.56277656555176,20.814180374145508,1,0,0.3084016421479662,0.7125274739607937,0.07644148170948029,0.031248606741428375,0.0035945793816876638,0.0008684783099623038,6.717963456727423,10.018791618301783,-28.61013554622182,left_mirror,0,1,2,0,0.46930957300275483,0.38467261904761907,0.06528096330275229,0
305,15.9728,1790926293.2707,156.8276882171631,17.23504066467285,1,0,0.30848351956235914,0.7114304944980138,0.07455107569694519,0.030620701611042023,0.003649066469278094,0.0008448319045582725,6.733879230060497,10.163502925330269,-28.73738270316266,left_mirror,0,1,2,0,0.46918044077134985,0.383343962585034,0.06536697247706422,0
306,16.0231,1790926293.3179,189.62931632995605,24.90377426147461,1,0,0.30962806824041683,0.7147805435140797,0.06983029842376709,0.029781658202409744,0.0036613972055011437,0.0008080875238800075,6.794371841570645,10.302170670693812,-28.839233199097784,left_mirror,0,1,2,0,0.4696539256198347,0.3827062074829932,0.06565366972477064,0
307,16.0719,1790926293.3609,184.56220626831055,25.731325149536133,1,0,0.31021421799536364,0.7151968599396441,0.06840995699167252,0.029859011992812157,0.0036910533942883746,0.0007618453812090462,6.757680119310223,10.348772152909627,-29.139197378656768,left_mirror,0,1,2,0,0.46918044077134985,0.3832376700680272,0.06536697247706422,0
308,16.1133,1790926293.4098,195.1000690460205,35.51316261291504,1,0,0.31114128770862226,0.715903133235263,0.06677335500717163,0.02906792238354683,0.003690013874365761,0.0006974644001787901,6.774912474981149,10.421832892794002,-29.15234713785855,left_mirror,0,1,2,0,0.46922348484848486,0.38164328231292516,0.06530963302752295,0
309,16.1633,1790926293.4566,202.93045043945312,28.607845306396484,1,0,0.3117683994240753,0.715336762862469,0.06600821763277054,0.02890334650874138,0.003687578236844549,0.0006119983842802618,6.769757726583968,10.427199501983816,-29.177074734528453,left_mirror,0,1,2,0,0.46831955922865015,0.3825999149659864,0.06528096330275229,0
310,16.2089,1790926293.501,209.0468406677246,46.76079750061035,1,0,0.31514539678357245,0.7099161817636652,0.06637868285179138,0.03175731748342514,0.003666734405087427,0.0004951138930510433,6.168929085738781,10.421359781407807,-29.177074734528453,left_mirror,0,1,2,0,0.4684486914600551,0.3829187925170068,0.06490825688073394,0
311,16.2543,1790926293.5664,188.94028663635254,25.011301040649414,1,0,0.31549433067950955,0.596378585123202,0.06409792602062225,0.03145042434334755,0.003127278918714926,0.00036339800172682617,4.091096841789651,10.363984934604614,-28.10843485397435,left_mirror,0,1,2,0,0.46918044077134985,0.38174957482993194,0.06533830275229359,0
312,16.3178,1790926293.6039,220.74246406555176,49.896955490112305,1,0,0.31786819974770536,0.5085549309444894,0.06066343933343887,0.03201634809374809,0.003069017900517978,0.00023891171665065496,2.0120762483304926,10.378655970267271,-14.467390941228324,left_mirror,0,1,2,0,0.4678460743801653,0.38217474489795916,0.06545298165137614,0
313,16.3563,1790926293.6561,199.93114471435547,30.858516693115234,1,0,0.31839425874688776,0.502394432898616,0.059605859220027924,0.03385716676712036,0.0029197298307419113,0.00021768268841755456,1.4185736312972617,10.398142613769254,-3.523222517917617,left_mirror,0,1,2,0,0.46827651515151514,0.3821215986394558,0.0650802752293578,0
314,16.4104,1790926293.7027,187.32500076293945,21.169424057006836,1,0,0.31727122838169264,0.5026408178055131,0.057673901319503784,0.03748226538300514,0.0028964245194526062,0.00023803099845577595,-0.2733436205826218,10.204963125819853,-2.383047419328797,road,0,1,2,0,0.4677599862258953,0.3831845238095238,0.06556766055045872,0
315,16.4546,1790926293.7543,217.81158447265625,27.997732162475586,1,0,0.3194749593946068,0.50632754225948,0.052483223378658295,0.03519149869680405,0.0028492089418536318,0.0002671083929057062,-0.8341461958890592,10.599026157078045,-1.0011322842961548,road,0,1,2,0,0.4677169421487603,0.3832908163265306,0.06545298165137614,0
316,16.5091,1790926293.8074,199.69439506530762,22.6595401763916,1,0,0.32190167434224026,0.5033889169729417,0.04787956923246384,0.03811109438538551,0.002614563332413657,0.00031436380591690657,-1.3194957652116053,10.677262546302426,-0.9213196424813219,road,0,1,2,0,0.46857782369146006,0.38249362244897955,0.06533830275229359,0
317,16.5599,1790926293.8673,199.72896575927734,24.11341667175293,1,0,0.322822397222563,0.5146655407254709,0.045268673449754715,0.04177083820104599,0.0027427375907242584,0.0003405714946770389,-1.7311614446822765,10.494401080802415,-0.9213196424813219,road,0,1,2,0,0.46780303030303033,0.38217474489795916,0.06545298165137614,0
318,16.6213,1790926293.9169,196.336030960083,26.294708251953125,1,0,0.3233521558199236,0.5099526928858629,0.043709926307201385,0.04310063645243645,0.0019949979222917483,0.00044322216324034405,-2.139067303671059,10.610045328379984,-0.21590045270502856,road,0,1,2,0,0.4684917355371901,0.38068664965986393,0.06553899082568806,0
319,16.6693,1790926293.9588,204.38861846923828,40.46010971069336,1,0,0.32263282836066143,0.5085403195395539,0.044028859585523605,0.04212366044521332,0.0017528844760998365,0.0005574459574932002,-2.276089655985965,10.75145808334324,-0.21590045270502856,road,0,0,2,0,0.46866391184573003,0.38137755102040816,0.0654243119266055,0
320,16.7148,1790926294.0222,191.91360473632812,28.124094009399414,1,0,0.321984921392116,0.50739023698398,0.04405607283115387,0.04072418436408043,0.001732452688248609,0.0006248152216172048,-2.456707137769261,10.709480821191654,0.04629332824523402,road,0,1,2,0,0.46879304407713496,0.3819621598639456,0.06533830275229359,0
321,16.7746,1790926294.0645,224.75814819335938,39.52479362487793,1,0,0.32189436114545633,0.5060491968066856,0.04566768556833267,0.04227721318602562,0.0016841303962511114,0.0006968170476396309,-2.4563520841902444,10.532930730320825,0.3172414676778956,road,0,1,2,0,0.46952479338842973,0.3823341836734694,0.06519495412844037,0
322,16.8173,1790926294.1248,205.59096336364746,24.094820022583008,1,0,0.3234486544819717,0.5096832373443083,0.04467076435685158,0.0417175255715847,0.0016851074054814214,0.0007353033054897343,-2.470265027760668,10.395277263163763,0.3172414676778956,road,0,0,2,0,0.4690943526170799,0.3835034013605442,0.06502293577981651,0
323,16.8791,1790926294.1672,185.70327758789062,17.351865768432617,1,0,0.3245300448505779,0.5127012837223469,0.04383483901619911,0.040924832224845886,0.0016661952123875803,0.0007782469259423777,-2.5703584673654643,10.29019749721882,0.08794455508367349,road,0,1,2,0,0.468620867768595,0.3844600340136054,0.06548165137614678,0
324,16.9209,1790926294.2354,193.6028003692627,29.331207275390625,1,0,0.3251637077146664,0.5110042054567108,0.04393681883811951,0.041279565542936325,0.001677027624539584,0.0007974614252515397,-2.569057642213369,10.32589535055793,0.03155149494668308,road,0,1,2,0,0.46956783746556474,0.3835565476190476,0.06553899082568806,0
325,16.9903,1790926294.2778,204.54812049865723,27.387380599975586,1,0,0.3254672953940069,0.5118128064388113,0.043639421463012695,0.04150301590561867,0.001589545972705729,0.0008014270620607177,-2.583890005831486,10.30027721642127,-0.040944263055145314,road,0,1,2,0,0.46952479338842973,0.3843005952380953,0.06571100917431193,0
326,17.031,1790926294.3315,194.5035457611084,41.962623596191406,1,0,0.3257743743499164,0.5124864783564674,0.04329673945903778,0.04112980142235756,0.0015899606616041025,0.0007939533802471367,-2.5765562017038097,10.274041635254735,-0.040944263055145314,road,0,1,2,0,0.4692665289256198,0.389827806122449,0.06553899082568806,0
327,17.0861,1790926294.3799,201.51209831237793,24.65510368347168,1,0,0.326192629395338,0.5113894226035736,0.043015386909246445,0.04132057726383209,0.0015447050746392372,0.0007726897204514463,-2.5740149896748448,10.278796591258965,-0.040944263055145314,road,0,1,2,0,0.47060089531680444,0.38010204081632654,0.06754587155963303,0
328,17.1331,1790926294.4229,210.7706069946289,47.776222229003906,1,0,0.3263860325161553,0.5107959870696879,0.042906031012535095,0.041313596069812775,0.0015357551631846565,0.0007358862037771864,-2.5627130162196363,10.277355346125209,-0.00474007256143949,road,0,1,2,0,0.46879304407713496,0.3585246598639456,0.06920871559633027,0
329,17.1747,1790926294.4808,190.79279899597168,28.295278549194336,1,0,0.3265366407232738,0.5102803095547737,0.04273419827222824,0.04145032912492752,0.0015206087504151835,0.0006813039555911913,-2.554352771763556,10.276148384306847,0.04811835592864355,road,0,1,2,0,0.4702134986225895,0.31972789115646255,0.07353784403669725,0
330,17.2342,1790926294.5194,230.44157028198242,47.82462120056152,1,0,0.32645177583971263,0.5088286987038213,0.042617861181497574,0.041610345244407654,0.001514861118908155,0.0006057950187922281,-2.54642246174558,10.280266477173832,0.09526621733204621,road,0,2,2,0,0.4712465564738292,0.2776360544217687,0.07895642201834861,0
331,17.2715,1790926294.5744,210.4346752166748,32.935142517089844,1,0,0.3265220302810973,0.5089985188379769,0.04242115095257759,0.041423048824071884,0.0015058211798081036,0.0005682677622869765,-2.556949886497959,10.277614787118042,0.23191051467173196,road,0,2,2,0,0.4703856749311294,0.2510097789115646,0.08308486238532109,0
332,17.3265,1790926294.623,205.3701877593994,22.350549697875977,1,0,0.32608386410118884,0.5071846439294574,0.042636688798666,0.04117933660745621,0.0015002447652780308,0.0005222986958945176,-2.5575366608958516,10.282794974614223,0.24096838279775312,road,0,2,2,0,0.4690082644628099,0.2228954081632653,0.08867545871559633,0
333,17.3754,1790926294.6769,222.43928909301758,38.43355178833008,1,0,0.3261140403181392,0.5064797012523875,0.04255165159702301,0.04073392599821091,0.0014987559287368054,0.00047694691163190664,-2.5543788578467095,10.283615829542743,0.42270749382311124,road,0,1,2,0,0.46982610192837465,0.20052083333333334,0.09369266055045872,0
334,17.4315,1790926294.73,212.7399444580078,23.73480796813965,1,0,0.32586600450478864,0.505648488514236,0.04251427203416824,0.040710873901844025,0.0014626825758020285,0.0004192588192602103,-2.551947947184995,10.280338496553211,0.4940414514523752,road,0,2,1,1,0.4690943526170799,0.1603954081632653,0.09971330275229358,0
335,17.4827,1790926294.7818,213.301420211792,41.131019592285156,1,0,0.325799317578641,0.5057489250214017,0.04245231673121452,0.040592338889837265,0.0014512693984914027,0.0003457893269713414,-2.5636696951557103,10.266862481357979,0.5784437557935718,road,0,2,1,1,0.4690943526170799,0.12765731292517007,0.10759747706422018,0
336,17.5386,1790926294.8496,202.20065116882324,18.863439559936523,1,0,0.32552575623738356,0.5052696795142864,0.04271581396460533,0.0405578538775444,0.0014731001955677185,0.0002803110234598285,-2.5587309678119996,10.283583724183035,0.5792282680334822,road,0,2,1,1,0.4682334710743802,0.10209396258503402,0.12282110091743119,0
337,17.6027,1790926294.8946,221.82917594909668,35.67647933959961,1,0,0.32499902571295214,0.5071253692131118,0.04238966479897499,0.04031001031398773,0.0014395930971103162,0.0001328119164274308,-2.581808042872237,10.27408328419384,0.5784437557935718,road,0,2,1,1,0.4662964876033058,0.07211947278911564,0.14389334862385322,0
338,17.6469,1790926294.9561,198.61245155334473,35.25829315185547,1,0,0.3248881485680509,0.5083883161751476,0.042810965329408646,0.04062316566705704,0.0014320577655648114,9.974127136590428e-05,-2.5825526931460847,10.306219681198383,0.4491215837851996,road,0,2,1,1,0.465650826446281,0.046875,0.17356651376146787,0
339,17.7093,1790926295.0002,220.1392650604248,50.61173439025879,1,0,0.3248872379531935,0.509471857965546,0.04291890934109688,0.04047383368015289,0.0014333113849613166,9.341293797434798e-05,-2.5884907484632635,10.300798739584245,0.31723486878678386,road,0,2,1,1,0.46379993112947654,0.014190051020408163,0.19997133027522937,0
340,17.7517,1790926295.0491,210.27803421020508,33.87260437011719,1,0,0.32462704936552195,0.5088749343384568,0.043396465480327606,0.040810491889715195,0.0014238171325485886,8.673269989415837e-05,-2.582260896063211,10.303362112232467,0.2659369062113015,road,0,2,1,1,0.4627238292011019,0.0020195578231292518,0.20559059633027524,0
341,17.8014,1790926295.0931,197.0045566558838,27.66108512878418,1,0,0.32471718132630645,0.5091986653214079,0.04345395416021347,0.04059591889381409,0.0014299667337755195,8.191379592175945e-05,-2.574656245838853,10.299286238012787,0.22564411283511987,road,0,2,1,1,0.46057162534435264,0.0015943877551020409,0.20928899082568808,0
342,17.8452,1790926295.1479,214.9033546447754,47.38759994506836,1,0,0.3245630581085187,0.5088649588274661,0.04356754571199417,0.04093365743756294,0.0014241011482096196,7.485279177363565e-05,-2.55639757263043,10.294605599251382,0.24546385518478075,road,0,2,1,1,0.4596246556473829,0.0014349489795918368,0.20845756880733946,0
343,17.9027,1790926295.1995,200.6843090057373,29.48927879333496,1,0,0.32471320410518956,0.5093249786222046,0.04329752177000046,0.04066723957657814,0.0014126426098692415,6.772356658922675e-05,-2.5598855082237146,10.285593352450917,0.22564411283511987,road,0,2,1,1,0.46018422865013775,0.001488095238095238,0.20711009174311926,0
344,17.9512,1790926295.24,242.79546737670898,50.79054832458496,1,0,0.32456390594932655,0.5085825536297425,0.04333449900150299,0.04082813486456871,0.001427464512832384,5.433230628495746e-05,-2.56239784881881,10.281330283170563,0.24546385518478075,road,0,2,1,1,0.456353305785124,0.001328656462585034,0.20607798165137614,0
345,17.9933,1790926295.3042,213.34409713745117,28.08237075805664,1,0,0.32501295615288894,0.5090929519993054,0.04296097531914711,0.040679629892110825,0.0014482421749944696,4.857722821765516e-05,-2.5564033207270396,10.281673027301293,0.22154797188548514,road,0,2,1,1,0.4566976584022039,0.001488095238095238,0.20708142201834862,0
346,18.0589,1790926295.3527,213.2563591003418,22.92323112487793,1,0,0.3252685447952929,0.5090201289704595,0.04263671115040779,0.040803778916597366,0.0014455543209679008,4.083819247847922e-05,-2.5562871960854316,10.285102224499845,0.22909182157573582,road,0,2,1,1,0.452995867768595,0.0014349489795918368,0.20705275229357797,0
347,18.1048,1790926295.4201,198.55833053588867,46.12612724304199,1,0,0.32571656758216994,0.5093145140062922,0.04221904277801514,0.04053471237421036,0.0014469967433102518,3.680282247518437e-05,-2.5804809939899176,10.267132325746609,0.22154797188548514,road,0,2,1,1,0.4506284435261708,0.0014349489795918368,0.20708142201834862,0
348,18.1729,1790926295.4653,189.23068046569824,24.440765380859375,1,0,0.3258743334990042,0.5087152872454475,0.042221467941999435,0.04027996212244034,0.0014453236124697367,3.271038982545826e-05,-2.589288842409093,10.294357424941763,0.22909182157573582,road,0,2,1,1,0.450111914600551,0.001328656462585034,0.20673738532110092,0
349,18.2181,1790926295.509,185.22262573242188,20.221948623657227,1,0,0.3259256263531114,0.5082971426956819,0.0421656034886837,0.040095895528793335,0.0014497351268391917,2.926562543647515e-05,-2.5849911409657045,10.299369542557686,0.2885344411862789,road,0,2,1,1,0.4480888429752066,0.001488095238095238,0.20682339449541284,0
350,18.2617,1790926295.5599,191.05768203735352,44.783592224121094,1,0,0.3258740679868073,0.507138702175262,0.04211355373263359,0.040183261036872864,0.0014601252330236603,2.572356772531906e-05,-2.5821489276404117,10.302663560747739,0.3288295579623366,road,0,2,1,1,0.44770144628099173,0.0013818027210884354,0.20708142201834862,0
351,18.3128,1790926295.6033,184.94153022766113,32.434940338134766,1,0,0.3256919393646825,0.5066350776571118,0.04228371009230614,0.04034493491053581,0.0014581768530467266,2.2497643423704993e-05,-2.5719149404957657,10.30419343390524,0.4480063457925425,road,0,2,1,1,0.4466683884297521,0.0014349489795918368,0.20656536697247707,0
352,18.3557,1790926295.6443,188.93194198608398,19.103050231933594,1,0,0.325434107600635,0.5057964889121843,0.042250026017427444,0.040551770478487015,0.001474860130082956,2.0112976128683556e-05,-2.5699841738045563,10.2976748200528,0.49233057283911563,road,0,2,1,1,0.44580750688705234,0.0014349489795918368,0.20688073394495413,0
353,18.4002,1790926295.6978,200.75154304504395,48.83718490600586,1,0,0.32535313230093776,0.5060421908220973,0.04242483898997307,0.04043462499976158,0.00146283487331051,1.6718553631698264e-05,-2.5725676750742887,10.297551599416852,0.5550783877195897,road,0,2,1,1,0.44503271349862256,0.0014349489795918368,0.2064506880733945,0
354,18.4507,1790926295.74,221.89807891845703,30.379295349121094,1,0,0.32522904199138725,0.505991881048904,0.042508069425821304,0.040346208959817886,0.0014592944447416112,1.6555834488042215e-05,-2.5810197582339582,10.286949598446233,0.5673893899856424,road,0,2,1,1,0.4452048898071625,0.050435799319727886,0.1519782110091743,0
355,18.4932,1790926295.7872,234.4954013824463,59.79728698730469,1,0,0.3251063592115605,0.5063354007507144,0.04281579330563545,0.04064877703785896,0.0014585016400617493,1.676811724661694e-05,-2.5760724356842304,10.29034848237228,0.5550783877195897,road,0,2,1,1,0.44524793388429756,0.056228741496598636,0.1499426605504587,0
356,18.5428,1790926295.8502,227.09321975708008,32.430171966552734,1,0,0.3248792722508967,0.506619810654765,0.04308699816465378,0.040781207382678986,0.00144905464445701,1.5548328152978014e-05,-2.5831366404840495,10.289643017878433,0.5272314354136256,road,0,2,1,1,0.44481749311294766,0.057185374149659865,0.14928325688073396,0
357,18.6022,1790926295.892,231.47201538085938,28.182029724121094,1,0,0.3243990863095033,0.5068266097441335,0.043651435524225235,0.04110410064458847,0.0014484278871285915,1.520180387826601e-05,-2.5777986563642816,10.29327882347969,0.5032694146038921,road,0,2,1,1,0.44339703856749313,0.053571428571428575,0.15022935779816515,0
358,18.6456,1790926295.9579,280.2624702453613,34.955501556396484,1,0,0.32447460174857923,0.5084409378833684,0.0437006913125515,0.04113123193383217,0.001444396369626505,1.516551079402604e-05,-2.582222874181213,10.28835097199012,0.47713090900243316,road,0,2,1,1,0.44300964187327824,0.0012755102040816326,0.20409977064220183,0
359,18.7108,1790926296.0113,270.77269554138184,28.588533401489258,1,0,0.32422113191976654,0.5077538880710024,0.04391566663980484,0.04127037525177002,0.0014420361196672774,1.5054410380461716e-05,-2.567194841686109,10.301873027953501,0.37101946294810517,road,0,2,1,1,0.4435261707988981,0.001488095238095238,0.2069954128440367,0
360,18.7639,1790926296.1035,256.43372535705566,41.40901565551758,1,1,0.07082680487653897,0.5268314957332485,0.5586435794830322,0.04691540449857712,0.0015660523826637913,2.9632594394084903e-05,-2.302158035043662,9.383395401369539,0.37101946294810517,road,0,2,1,1,0.4423209366391185,0.001488095238095238,0.20662270642201835,0
361,18.8683,1790926296.1789,227.91481018066406,21.85201644897461,1,0,0.28743944694036705,0.5241494673284646,0.07816775143146515,0.044267524033784866,0.00151248393208354,3.17505823730333e-05,-2.3528494732321232,9.74433209130103,0.31143945932682016,road,0,2,1,1,0.4431818181818182,0.001488095238095238,0.20696674311926605,0
362,18.9326,1790926296.23,242.66338348388672,53.35593223571777,1,0,0.3174748931713274,0.5123494338081862,0.04563204571604729,0.04161495342850685,0.0015323181910764803,3.382419656870051e-05,-2.229903038148825,9.930351112002016,-0.3917823632354782,road,0,2,1,1,0.44455922865013775,0.001488095238095238,0.2071387614678899,0
363,18.9839,1790926296.2908,221.39787673950195,32.867431640625,1,0,0.3274899508631036,0.5103166268174563,0.03409228473901749,0.039985887706279755,0.0014963243377897357,3.331098249428605e-05,-2.2646147961096665,9.955389280809332,-0.3917823632354782,road,0,2,1,1,0.4452048898071625,0.001488095238095238,0.20705275229357797,0
364,19.0445,1790926296.3387,198.66085052490234,23.592710494995117,1,0,0.3318600507150269,0.5092127110864099,0.03112063743174076,0.0392431803047657,0.0014556026623676057,3.311583305147631e-05,-2.3368562827521466,10.001450454326147,-0.1496215854035583,road,0,2,1,1,0.44524793388429756,0.0014349489795918368,0.20189220183486237,0
365,19.0904,1790926296.3965,190.79899787902832,31.34441375732422,1,0,0.33364603753445277,0.5094799642056006,0.03080851212143898,0.03893736004829407,0.0014624339872399475,3.2702872800996413e-05,-2.3811454263340948,10.027279607192524,0.026308196534962747,road,0,2,1,1,0.44567837465564736,0.05553784013605442,0.15031536697247708,0
366,19.148,1790926296.4425,184.21244621276855,25.980234146118164,1,0,0.33497477912148954,0.5086969017604499,0.03011941723525524,0.03854723647236824,0.0014572135648374604,3.240721883107118e-05,-2.4032745700761695,10.070700149201855,0.035119372507551816,road,0,2,1,1,0.44649621212121215,0.05707908163265306,0.14948394495412842,0
367,19.1971,1790926296.4862,193.87578964233398,28.687000274658203,1,0,0.33468554284579655,0.5088147356220399,0.0307800080627203,0.03856534883379936,0.001452321038027276,3.2160408924052216e-05,-2.4181068067329847,10.075009833032176,0.135667894535473,road,0,2,1,1,0.44649621212121215,0.05559098639455782,0.15,0
368,19.24,1790926296.5384,170.55106163024902,21.04020118713379,1,0,0.3349710386659033,0.5087644904948039,0.0310201458632946,0.038807500153779984,0.001430932783726744,3.306505138740541e-05,-2.416895292327718,10.10136432666403,0.13568961583347772,road,0,2,1,1,0.4461518595041322,0.0013818027210884354,0.20206422018348624,0
369,19.2928,1790926296.5848,217.09895133972168,41.57066345214844,1,0,0.3346044626961574,0.5090581151440469,0.03156426548957825,0.03870914876461029,0.0013998560547192724,3.6535643351519074e-05,-2.4400404228881714,10.082606116205874,0.135667894535473,road,0,2,1,1,0.44757231404958675,0.001488095238095238,0.20708142201834862,0
370,19.3379,1790926296.6256,204.2105197906494,21.6829776763916,1,0,0.33159904265141127,0.5068186044377532,0.035514071583747864,0.03920949622988701,0.0014147625414788387,3.8298531834113666e-05,-2.4397312551368873,10.131858835594176,0.13993148544731326,road,0,2,1,1,0.44761535812672176,0.001488095238095238,0.20682339449541284,0
371,19.3783,1790926296.6941,193.51506233215332,49.83854293823242,1,0,0.3314424598026614,0.5070545434861085,0.03597774729132652,0.03900891914963722,0.001405774880848834,4.0338540331113815e-05,-2.4667913161674475,10.13955186757253,0.36085244805316563,road,0,2,1,1,0.44886363636363635,0.001328656462585034,0.20613532110091742,0
372,19.4462,1790926296.7344,200.6373405456543,22.905826568603516,1,0,0.3307321634461868,0.5077923101263361,0.036620497703552246,0.039023660123348236,0.0014099069972951126,4.188315331649177e-05,-2.477368057320369,10.19008936581207,0.36085244805316563,road,0,2,1,1,0.45015495867768596,0.0014349489795918368,0.2071387614678899,0
373,19.4874,1790926296.7753,229.0208339691162,49.68452453613281,1,0,0.3302022218493317,0.5084572174198261,0.03714790195226669,0.03907114267349243,0.0013980586466594538,4.394730713584558e-05,-2.5083528476454857,10.184567184196194,0.2922476069318449,road,0,2,1,1,0.45088670798898073,0.0013818027210884354,0.20708142201834862,0
374,19.5308,1790926296.8401,194.88978385925293,30.651092529296875,1,0,0.3292277469018843,0.5082153232398844,0.03813359886407852,0.0393868051469326,0.0013999941366724042,4.5581948045896226e-05,-2.534927703145178,10.228805445696802,0.2922476069318449,road,0,2,1,1,0.45080061983471076,0.001488095238095238,0.20593463302752293,0
375,19.5937,1790926296.88,192.98028945922852,25.207996368408203,1,0,0.32903066694512006,0.5088536283482746,0.03848394751548767,0.03932814672589302,0.001401870077838353,4.691190575009771e-05,-2.5444117103019184,10.239287506326628,0.24826763366249338,road,0,2,1,1,0.45273760330578516,0.0012755102040816326,0.20997706422018347,0
376,19.6316,1790926296.935,186.84053421020508,43.497323989868164,1,0,0.32850440142632387,0.508223196115084,0.039294589310884476,0.03982770815491676,0.0014025341924212681,4.8046344530388e-05,-2.5389295751958483,10.2510644044991,0.29575846819988527,road,0,2,1,1,0.4544593663911846,0.001488095238095238,0.20751146788990826,0
377,19.6879,1790926296.9825,189.06378746032715,34.388065338134766,1,0,0.32839491852429925,0.5083442843318018,0.039439957588911057,0.03975830227136612,0.001403461815957466,4.90038438215129e-05,-2.5553979947978105,10.257299205996732,0.2982622302511331,road,0,2,1,1,0.4550189393939394,0.013499149659863945,0.2002006880733945,0
378,19.735,1790926297.0239,175.614595413208,22.821426391601562,1,0,0.3280151602494915,0.5070010186323111,0.03993787616491318,0.04073183238506317,0.001405389056999313,4.977477897535539e-05,-2.542303119349818,10.329712085196402,0.29926045891684083,road,0,2,1,1,0.45536329201101927,0.036989795918367346,0.18087729357798163,0
379,19.7772,1790926297.072,198.8844871520996,37.02974319458008,1,0,0.32797003758013876,0.5068130459750206,0.03997218236327171,0.040551695972681046,0.0014242282925945818,4.044486598937136e-05,-2.539948959000566,10.32299160848516,0.4292980365053083,road,0,2,1,1,0.4556646005509642,0.06223426870748299,0.15659403669724772,0
380,19.8245,1790926297.114,202.29339599609375,27.565717697143555,1,0,0.32796348232585193,0.5063172420737826,0.039896540343761444,0.04063042253255844,0.001424737975896162,3.948447809037103e-05,-2.544825576519213,10.314366454961815,0.4470610293923585,road,0,2,1,1,0.4560519972451791,0.08620323129251702,0.13159403669724773,0
381,19.8671,1790926297.1777,197.85165786743164,46.18215560913086,1,0,0.3279308842764167,0.5059353827842733,0.039925508201122284,0.04035025089979172,0.0014263947803308111,3.857164326486232e-05,-2.554118220886196,10.306755966388529,0.5031375596202636,road,0,2,1,1,0.4557076446280992,0.10507015306122448,0.12138761467889908,0
382,19.9301,1790926297.2237,208.91380310058594,36.238670349121094,1,0,0.32789334311612295,0.5051059677245033,0.039825864136219025,0.04047897085547447,0.0014252082242520512,3.437861096612093e-05,-2.545386212508944,10.316715590466911,0.5509335798526251,road,0,2,1,1,0.456353305785124,0.13743622448979592,0.10361238532110091,0
383,19.9765,1790926297.2644,192.49582290649414,23.295164108276367,1,0,0.3280499779150198,0.5057850298566721,0.03944580256938934,0.04020432010293007,0.0014203261214406867,2.5671720665020822e-05,-2.5654290208806954,10.302673973926204,0.5761195491461137,road,0,2,1,1,0.45704201101928377,0.16438137755102042,0.09905389908256881,0
384,20.0177,1790926297.3299,199.94664192199707,26.119470596313477,1,0,0.3279497121663719,0.5059495958025105,0.03943539783358574,0.04031367227435112,0.0014171900328427034,2.006848430710795e-05,-2.5724696999369416,10.316769394293,0.5761195491461137,road,0,2,1,1,0.45777376033057854,0.1988201530612245,0.09481077981651376,0
385,20.083,1790926297.3703,200.45137405395508,21.52562141418457,1,0,0.3281327947314606,0.5067690281023882,0.039045222103595734,0.04042763262987137,0.0014109638475967943,1.8585972452998073e-05,-2.571251161351668,10.312217796682452,0.5647117832910382,road,0,2,2,0,0.4587207300275482,0.23522534013605442,0.08747133027522935,0
386,20.1223,1790926297.4172,214.2786979675293,26.16405487060547,1,0,0.32805792622854457,0.5068396893276724,0.03910341486334801,0.040610019117593765,0.00141163180461961,1.584562688994387e-05,-2.5592300265452543,10.306179763567009,0.4777244142826689,road,0,2,2,0,0.45902203856749313,0.258078231292517,0.08340022935779817,0
387,20.1757,1790926297.4724,199.40972328186035,31.554698944091797,1,0,0.3281054991171488,0.5072497890832788,0.03887377306818962,0.04063359275460243,0.00142185222657441,1.3041442651875692e-05,-2.5589978766619734,10.302160257531972,0.46030852995744453,road,0,2,2,0,0.45863464187327824,0.29783163265306123,0.07746559633027522,0
388,20.2255,1790926297.5081,223.70672225952148,45.616865158081055,1,0,0.32797116338806104,0.5070505278188069,0.038893986493349075,0.04072706028819084,0.0014257795641218975,1.0333107619148625e-05,-2.5604466634216614,10.302822361756743,0.43920001142456044,road,0,2,2,0,0.4588498622589532,0.34603528911564624,0.0716743119266055,0
389,20.2608,1790926297.5656,194.5970058441162,28.390169143676758,1,0,0.3281914657054755,0.5072492056282022,0.03862215578556061,0.040958505123853683,0.001421971042065819,9.768777395639383e-06,-2.5319967716641383,10.300854276211496,0.41708838165293116,road,0,2,2,0,0.4589789944903581,0.37202380952380953,0.06915137614678898,0
390,20.3175,1790926297.6028,199.02610778808594,21.411418914794922,1,0,0.32798121488394405,0.5075622766601541,0.03887588158249855,0.04068979620933533,0.0014212505678860233,9.46114453796893e-06,-2.5209739749877818,10.299646356776426,0.39468323670132577,road,0,2,2,0,0.4588068181818182,0.40465561224489793,0.06668577981651376,0
391,20.3546,1790926297.6557,194.00715827941895,39.21866416931152,1,0,0.3271977739837145,0.5070787077004643,0.040112487971782684,0.0411527119576931,0.0014181205172045092,9.501545472025974e-06,-2.5010937334160395,10.284060098639204,0.38685862017044315,road,0,2,2,0,0.4575154958677686,0.4105017006802721,0.06476490825688073,0
392,20.4135,1790926297.7128,192.7511692047119,37.78362274169922,1,0,0.3270423714629861,0.508078816520626,0.040394071489572525,0.040944844484329224,0.00135865063747333,1.5115253452330434e-05,-2.5146130125665036,10.264633454038496,0.35266478749598207,road,0,2,2,0,0.45725723140495866,0.407047193877551,0.06356077981651376,0
393,20.4655,1790926297.7526,222.78213500976562,51.378726959228516,1,0,0.32497133821524404,0.5059642236977286,0.04316761717200279,0.041568659245967865,0.0013665710211611427,1.793856971018118e-05,-2.5009553451169775,10.27031147439884,0.38685862017044315,road,0,2,2,0,0.456138085399449,0.4075255102040816,0.06396215596330275,0
394,20.506,1790926297.8075,196.5796947479248,29.709815979003906,1,0,0.325863229377901,0.5079715946109417,0.04148472473025322,0.04131581261754036,0.0013694884374936536,1.976887609874136e-05,-2.519904263006453,10.236644835322775,0.30882976850186594,road,0,2,2,0,0.4560519972451791,0.40720663265306123,0.06361811926605505,0
395,20.5599,1790926297.8482,191.21551513671875,21.73471450805664,1,0,0.3238176721590206,0.5047543641557825,0.04445018246769905,0.04228327423334122,0.0014225527259433637,1.9892301645681e-05,-2.491941808570181,10.255163082894247,0.5036732896525962,road,0,2,2,0,0.4566976584022039,0.4075255102040816,0.06336009174311927,0
396,20.6006,1790926297.9081,189.6212100982666,45.906782150268555,1,0,0.32492697939390014,0.5057306614838153,0.04241769015789032,0.04174913465976715,0.0014147034690376375,1.984460123396962e-05,-2.5073712133377657,10.22393498836496,0.5335165950465068,road,0,2,2,0,0.4564393939393939,0.40768494897959184,0.06330275229357797,0
397,20.6622,1790926297.954,191.07937812805176,23.0710506439209,1,0,0.3230246546032743,0.5026128234975848,0.04544999077916145,0.04248599708080292,0.0014685452784583908,2.3315011504932243e-05,-2.4926730634672043,10.227695835470303,0.6231100058573347,road,0,2,2,0,0.45484676308539945,0.4090136054421769,0.06295871559633028,0
398,20.7064,1790926297.9939,208.52994918823242,50.62270164489746,1,0,0.324635058765355,0.5030236530694978,0.04289943352341652,0.04226899892091751,0.0014558899389732816,2.4883555511126183e-05,-2.5051928986877163,10.193121141447113,0.8157189609283435,road,0,2,2,0,0.4556646005509642,0.41055484693877553,0.06295871559633028,0
399,20.7466,1790926298.0452,190.4580593109131,32.80830383300781,1,0,0.32414167667217,0.5018797923753573,0.04374197497963905,0.04259531572461128,0.0014920593245543153,2.9564569233626015e-05,-2.4930172829984207,10.193799499772592,0.8484053483201777,road,0,2,2,0,0.45454545454545453,0.4111394557823129,0.06295871559633028,0
400,20.7972,1790926298.09,189.37921524047852,19.430160522460938,1,0,0.3254087033082983,0.5029793442931187,0.04161665961146355,0.04186742380261421,0.0014784700541247895,3.2090525029916955e-05,-2.510191776337896,10.16686232300462,0.8245270973053991,road,0,2,2,0,0.45407196969696967,0.4112988945578231,0.06327408256880734,0
401,20.8429,1790926298.1428,194.3516731262207,24.3682861328125,1,0,0.3244768799988071,0.5015932754537589,0.043121758848428726,0.042409367859363556,0.0015092775064104956,3.704050632733126e-05,-2.4893821149037967,10.180105095351523,0.9256001687485735,road,0,2,2,0,0.4513601928374656,0.4124149659863946,0.06327408256880734,0
402,20.8957,1790926298.1863,197.3593235015869,20.761966705322266,1,0,0.3257150759018309,0.5043707256251722,0.04112985357642174,0.04186927527189255,0.0015126913330115207,4.133661394043255e-05,-2.5027479810189384,10.155613293629477,0.8245270973053991,road,0,2,2,0,0.4513171487603306,0.41347789115646255,0.06321674311926606,0
403,20.9386,1790926298.2412,200.4849910736084,43.3804988861084,1,0,0.3244650735247169,0.502913340902604,0.043405842036008835,0.042731329798698425,0.0015381142283529983,4.720767013907122e-05,-2.4790725339759487,10.194007691875662,0.8055591936177322,road,0,2,2,0,0.45127410468319556,0.41438137755102045,0.06321674311926606,0
404,21.0025,1790926298.2954,205.2135467529297,25.272846221923828,1,0,0.3264598931851771,0.5072613085048086,0.04042751342058182,0.04206198453903198,0.0015044403173294623,4.92324614066217e-05,-2.493084896156104,10.17570986005542,0.6723520372428808,road,0,2,2,0,0.4501980027548209,0.4158694727891156,0.06278669724770641,0
405,21.0484,1790926298.3407,219.7246551513672,36.87620162963867,1,0,0.3254616618676924,0.5063303935699608,0.0421428456902504,0.042508285492658615,0.0015358763924014438,5.295970051018452e-05,-2.485416934433547,10.197694449570475,0.45232656625963585,road,0,2,2,0,0.44839015151515155,0.41342474489795916,0.06232798165137615,0
406,21.0948,1790926298.3963,212.29100227355957,26.749610900878906,1,0,0.3259370994270544,0.5078208680457854,0.041322011500597,0.04190574586391449,0.0015013769327073948,5.363468646933927e-05,-2.5242300647799274,10.172638349072106,0.36103666623539965,road,0,2,2,0,0.44795971074380164,0.41411564625850344,0.06270068807339449,0
407,21.1519,1790926298.4389,231.48036003112793,29.787540435791016,1,0,0.32568741068674356,0.5077692631401123,0.04162672907114029,0.042015694081783295,0.0015238175792177421,5.5116849120005766e-05,-2.534708449338805,10.216130613556173,0.3423759243063742,road,0,2,2,0,0.44882059228650134,0.4112988945578231,0.06232798165137615,0
408,21.2189,1790926298.5174,240.78106880187988,36.26823425292969,1,0,0.3271987424147796,0.5094211449103354,0.03960176557302475,0.04149753600358963,0.0015168978313197948,5.6077654771169764e-05,-2.553250636336191,10.197501869641748,0.32824304800113424,road,0,2,2,0,0.446883608815427,0.413796768707483,0.06272935779816513,0
409,21.2687,1790926298.601,185.8510971069336,25.853395462036133,1,0,0.3267378587565027,0.5089940560102313,0.04016726836562157,0.041608963161706924,0.0015236446124794582,5.7704304637609154e-05,-2.5441870143235783,10.251342911660723,0.2217593565135445,road,0,2,2,0,0.4458505509641873,0.41565688775510207,0.06227064220183486,0
410,21.3547,1790926298.6127,232.40041732788086,27.898550033569336,1,0,0.32699749245833704,0.5092188709471956,0.04011019691824913,0.04121057316660881,0.0015198067048220753,5.7981485293485504e-05,-2.546073188890861,10.250019787918394,0.19974154351404394,road,0,2,2,0,0.44658230027548207,0.41400935374149656,0.06212729357798165,0
411,21.4073,1790926298.7047,206.74562454223633,27.027130126953125,1,0,0.32682426848499496,0.5089734312151989,0.04027425870299339,0.04135322570800781,0.00152210052223292,5.746313419154548e-05,-2.5579515473739174,10.256784695743546,0.2217593565135445,road,0,2,2,0,0.44610881542699726,0.4157100340136054,0.06212729357798165,0
412,21.4565,1790926298.7731,184.1902732849121,23.740768432617188,1,0,0.3266874719380975,0.508618175252143,0.04030571132898331,0.04153706505894661,0.0015193014616916994,5.1290044353658663e-05,-2.535398150392865,10.263279906770826,0.2353761018031051,road,0,2,2,0,0.4456353305785124,0.41597576530612246,0.062041284403669725,0
413,21.5262,1790926298.7859,217.9739475250244,28.312206268310547,1,0,0.3258991804517879,0.5071430686534726,0.041221559047698975,0.04203934967517853,0.0015361991079100353,3.533183359403778e-05,-2.5340653357582443,10.262921564777642,0.25388333942720465,road,0,2,2,0,0.4455061983471074,0.41464710884353745,0.06192660550458715,0
414,21.5812,1790926298.869,177.5510311126709,24.691343307495117,1,0,0.3259224261484518,0.5070917600287937,0.041100747883319855,0.041809167712926865,0.0015303120547133563,3.084429815038118e-05,-2.5330118401445234,10.25214546481977,0.4075401080237455,road,0,2,2,0,0.4462809917355372,0.41528486394557823,0.06201261467889908,0
415,21.6205,1790926298.9552,176.20182037353516,36.24749183654785,1,0,0.32569860608849566,0.5062466251814717,0.04123138636350632,0.04176311939954758,0.0015263981506020933,2.2505693003519315e-05,-2.5418158863467166,10.257182942223906,0.4120467593922683,road,0,2,2,0,0.44722796143250687,0.4133184523809524,0.06192660550458715,0
416,21.7082,1790926298.9678,200.6850242614746,23.137331008911133,1,0,0.32563771414083387,0.5044612814230671,0.04131520912051201,0.04209684953093529,0.0015276950636222996,1.5381184537257766e-05,-2.4790979523930248,10.28943910162111,0.5080423442012076,road,0,2,2,0,0.4462809917355372,0.41602891156462585,0.062041284403669725,0
417,21.7192,1790926299.0177,203.44877243041992,48.415422439575195,1,0,0.3256422534884328,0.5045169471028869,0.041197631508111954,0.042050573974847794,0.00151639429838523,1.4973755363121023e-05,-2.4911130983150107,10.276752298486599,0.643172987149498,road,0,2,2,0,0.4460227272727273,0.4151785714285714,0.06201261467889908,0
418,21.7716,1790926299.0769,199.69463348388672,35.13669967651367,1,0,0.3258512288932791,0.504382251459975,0.041161537170410156,0.04191809147596359,0.0015068573478645708,1.3975296339267064e-05,-2.500062832584619,10.27462645627715,0.6473298787228785,road,0,2,2,0,0.447012741046832,0.41470025510204084,0.06224197247706422,0
419,21.8295,1790926299.1198,239.75634574890137,61.85770034790039,1,0,0.3264043942241124,0.5056252377891084,0.04094632342457771,0.04149306192994118,0.0014930879994074708,1.2021492775794811e-05,-2.523374638495836,10.255281081194902,0.6473298787228785,road,0,2,2,0,0.44860537190082644,0.4124149659863946,0.06218463302752293,0
420,21.8726,1790926299.1779,211.77244186401367,28.334856033325195,1,0,0.3263970116529796,0.5060588782627197,0.04103038087487221,0.041715361177921295,0.0014911099631041815,1.3412593933249099e-05,-2.5060784734803265,10.270740106602087,0.5578931781562702,road,0,2,2,0,0.4484331955922865,0.413265306122449,0.062098623853211014,0
421,21.931,1790926299.2212,258.81481170654297,43.66636276245117,1,0,0.326207517048869,0.5074919885078949,0.04084073007106781,0.04178370535373688,0.0014815047571417243,1.5701354971904007e-05,-2.5101564011785986,10.25933469657832,0.4980050056058474,road,0,2,2,0,0.4510158402203857,0.4154443027210884,0.06313073394495414,0
422,21.9741,1790926299.2842,226.29141807556152,29.480695724487305,1,0,0.3262262345180942,0.5081223944163176,0.040823038667440414,0.0416632778942585,0.001479941735850281,1.6833756830978896e-05,-2.5072848131216072,10.266051214244749,0.3510385054137686,road,0,2,2,0,0.4504562672176309,0.4133184523809524,0.06350344036697247,0
423,22.0381,1790926299.3596,202.2714614868164,22.302627563476562,1,0,0.326167616679469,0.5081782662922163,0.04073500633239746,0.04164678975939751,0.0014752330281722025,1.880974714356274e-05,-2.512929159680943,10.274697606683086,0.2825080469961847,road,0,2,2,0,0.4520058539944904,0.4119897959183674,0.06336009174311927,0
424,22.1181,1790926299.4204,208.28628540039062,29.408693313598633,1,0,0.3261774307807239,0.5082368124596353,0.040859151631593704,0.0414784736931324,0.0014619836029288642,2.1493560119089066e-05,-2.5168332069102974,10.278577931128691,0.2813424598135015,road,0,2,2,0,0.4552341597796143,0.4104485544217687,0.06298738532110092,0
425,22.1732,1790926299.4674,199.25522804260254,26.134967803955078,1,0,0.3261620450662835,0.5082626087941966,0.040914136916399,0.04154302179813385,0.0014584312261871114,2.3973435182301842e-05,-2.515803007598369,10.279575786128298,0.27844826849126036,road,0,2,2,0,0.4567837465564738,0.40720663265306123,0.06338876146788991,0
426,22.2197,1790926299.5105,247.94840812683105,33.42461585998535,1,0,0.32607256121115336,0.5079372889082429,0.04086139798164368,0.041693225502967834,0.001474023641825586,2.4772458676673536e-05,-2.5167193493335245,10.275737098586418,0.27844826849126036,road,0,2,2,0,0.4576015840220386,0.40688775510204084,0.06373279816513762,0
427,22.2637,1790926299.5674,228.8949489593506,31.685829162597656,1,0,0.32619680491954206,0.5084271390934647,0.04080555588006973,0.0415600948035717,0.0014580338337111083,2.6071520956740947e-05,-2.524659739459267,10.262246529389042,0.27488457899174534,road,0,2,2,0,0.45966769972451793,0.40757865646258506,0.06482224770642203,0
428,22.3368,1790926299.64,227.2179126739502,54.37612533569336,1,0,0.326257147160422,0.5081069621967902,0.040894731879234314,0.04140575975179672,0.0014655416862749547,2.6534961776822074e-05,-2.526673304792269,10.271003880554428,0.3002594295200254,road,0,2,2,0,0.4614755509641873,0.4083227040816326,0.06416284403669725,0
429,22.3988,1790926299.6985,213.4699821472168,31.202316284179688,1,0,0.32644291475568155,0.5084791806138651,0.040607716888189316,0.04106524586677551,0.001459346765938282,2.7231266524816513e-05,-2.54727681761375,10.250755530799328,0.2783501116475193,road,0,2,2,0,0.46336949035812675,0.4057716836734694,0.06490825688073394,0
430,22.4509,1790926299.7397,251.0530948638916,54.94832992553711,1,0,0.3249792630375127,0.5088953185273206,0.041562486439943314,0.0404808484017849,0.0015268396838606312,2.75090110340965e-05,-2.6687641999229434,10.329429169670039,0.3002594295200254,road,0,2,2,0,0.4641442837465565,0.40407100340136054,0.06465022935779817,0
431,22.4925,1790926299.8062,213.52410316467285,29.968738555908203,1,0,0.3254431337291777,0.4672886109280264,0.03974920138716698,0.04053806886076927,0.0013764303375754297,3.736021243257448e-05,-2.986595268906427,10.494133645159726,0.3357735953558034,road,0,2,2,0,0.4646608126721763,0.4021577380952381,0.06404816513761467,0
432,22.5588,1790926299.8542,218.08981895446777,29.796123504638672,1,0,0.33478328942032265,0.4383241172604446,0.036394983530044556,0.04155125468969345,0.0015079329255152274,3.58892950630781e-05,-3.9500225301205867,10.479415489904898,4.965532862414207,road,0,2,2,0,0.4669851928374656,0.40141369047619047,0.06436353211009174,0
433,22.6065,1790926299.9044,227.45847702026367,49.60775375366211,1,0,0.3363464942894782,0.44126239438274534,0.036428771913051605,0.04184157773852348,0.0014668703472389619,3.4450931980111483e-05,-4.764135455367485,10.38335782556924,8.806062459704286,road,0,2,2,0,0.4676308539944904,0.3999255952380953,0.06422018348623854,0
434,22.6576,1790926299.959,230.48114776611328,27.2672176361084,1,0,0.3384349759093457,0.4429653676256897,0.03596102073788643,0.04086584225296974,0.0015736499910962826,3.8989259505619334e-05,-5.316271528904459,10.443061142298982,9.175168683462132,hazard_right,0,2,2,0,0.4699982782369146,0.39753401360544216,0.06404816513761467,0
435,22.714,1790926300.0072,201.582670211792,18.76068115234375,1,0,0.3386044042327778,0.4332681920606147,0.03573116660118103,0.04142951965332031,0.0016530768108368862,5.36404284861388e-05,-5.7430978151488965,10.35148519534283,9.455902225253539,hazard_right,0,2,2,0,0.4696539256198347,0.3939200680272109,0.06496559633027522,0
436,22.7603,1790926300.079,222.59211540222168,37.78433799743652,1,0,0.3399920107897244,0.43175144935619697,0.03572111949324608,0.04131636023521423,0.0015180062103051515,5.368200907653863e-05,-6.206717755059886,10.353214924024906,10.828456071472566,hazard_right,0,2,2,0,0.46918044077134985,0.39285714285714285,0.06519495412844037,0
437,22.8312,1790926300.1245,251.07216835021973,57.6624870300293,1,0,0.34106537144068727,0.43330632204880726,0.037255432456731796,0.043511174619197845,0.0014170272587536988,5.7488622648189494e-05,-6.459632332405816,10.127676748428769,11.373346732216369,hazard_right,0,2,2,0,0.47025654269972456,0.3908375850340136,0.06467889908256881,0
438,22.8778,1790926300.189,223.41108322143555,35.82000732421875,1,0,0.34152214248873614,0.428344408711841,0.037763066589832306,0.041658829897642136,0.0013563595702956797,6.464241894863611e-05,-6.595351562912179,10.041153916271458,11.420650487697934,hazard_right,0,2,2,0,0.47025654269972456,0.38956207482993194,0.06522362385321101,0
439,22.9423,1790926300.2337,221.39573097229004,23.729324340820312,1,0,0.3401946550165306,0.4286288958571442,0.03826819732785225,0.04095090553164482,0.0012177885419504021,8.79495599129827e-05,-6.702266467489441,9.938604498510632,12.054171859392206,hazard_right,0,2,2,0,0.46952479338842973,0.390093537414966,0.06516628440366973,0
440,22.9862,1790926300.2843,235.0935935974121,37.625789642333984,1,0,0.3396726107527711,0.4218716705455846,0.038445845246315,0.04007052257657051,0.001169339476457162,0.00011061797731835435,-6.714241256539594,9.951199072081396,12.113282844639393,hazard_right,0,2,2,0,0.4701274104683196,0.3879676870748299,0.06522362385321101,0
441,23.046,1790926300.3491,204.65993881225586,32.8671932220459,1,0,0.33683287754244595,0.42455764069174395,0.039591338485479355,0.03883104398846626,0.0012184026472760723,0.00012196569844020018,-6.881427390778623,10.077160360788897,12.689503642314541,hazard_right,0,2,2,0,0.4705578512396694,0.3873299319727891,0.06539564220183486,0
442,23.1028,1790926300.4005,232.58686065673828,54.60476875305176,1,0,0.335266641886279,0.42343107712293065,0.04049873352050781,0.04017661511898041,0.0012443329255411167,0.0001259046492030063,-6.926459694108653,10.143792220869253,12.832203397502163,hazard_right,0,2,2,0,0.46982610192837465,0.3851509353741497,0.0654243119266055,0
443,23.1536,1790926300.4648,199.11694526672363,24.29056167602539,1,0,0.332904233203812,0.4227511309209949,0.042717527598142624,0.041704390197992325,0.001207693677888176,0.00013421463976271097,-6.937518076984352,10.264321096462792,12.845170105533242,hazard_right,0,2,2,0,0.46995523415977963,0.38493835034013607,0.06573967889908257,0
444,23.218,1790926300.5063,214.68043327331543,27.120590209960938,1,0,0.3320468832981526,0.4206429216621195,0.044369302690029144,0.042567312717437744,0.0011621541478618739,0.00014438050021718264,-6.932235522580749,10.195484992247883,12.925710099628098,hazard_right,0,2,2,0,0.4697830578512397,0.3843005952380953,0.06548165137614678,0
445,23.2587,1790926300.5678,201.57361030578613,39.39509391784668,1,0,0.3319781038388564,0.4223316420867357,0.04412580281496048,0.0433487631380558,0.0011480655755234065,0.00015288550807523036,-6.897319002510627,10.164250611610129,12.936274398508573,hazard_right,0,2,2,0,0.46956783746556474,0.3820684523809524,0.06528096330275229,0
446,23.3208,1790926300.6125,211.45391464233398,30.684947967529297,1,0,0.33272746710463075,0.4173474202672105,0.04306799918413162,0.044283244758844376,0.001035756953903326,0.00016919076690161524,-6.881628018409241,10.151669418117123,13.142504556647431,hazard_right,0,2,2,0,0.46870695592286504,0.38137755102040816,0.06551032110091742,0
447,23.3662,1790926300.6548,184.92817878723145,17.279624938964844,1,0,0.33272439819067756,0.4170782382148459,0.043095193803310394,0.0447324775159359,0.0010472646091960482,0.00018009656713371383,-6.870868629859008,10.141270032188778,13.446154961699527,hazard_right,0,2,2,0,0.46836260330578516,0.38121811224489793,0.06536697247706422,0
448,23.4083,1790926300.719,191.48659706115723,27.22764015197754,1,0,0.33275756838536347,0.41723188495627417,0.04337792843580246,0.04524804651737213,0.0010466128437511299,0.0001881280901182661,-6.8521468331332205,10.140688058184729,13.446154961699527,hazard_right,0,2,2,0,0.46827651515151514,0.3815369897959184,0.06545298165137614,0
449,23.4716,1790926300.7626,191.60723686218262,22.481203079223633,1,0,0.3325647542029633,0.4179816247661057,0.04341370612382889,0.045461807399988174,0.001027333318098858,0.00019089677430340012,-6.819444039124977,10.167276070010002,13.433746815974864,hazard_right,0,2,2,0,0.46754476584022037,0.38249362244897955,0.06559633027522936,0
450,23.5139,1790926300.822,188.65108489990234,40.51089286804199,1,0,0.3326228989892964,0.41709008193893937,0.04335559532046318,0.045632388442754745,0.0010220717971066889,0.0001981191986298695,-6.810532537636597,10.193236514308479,13.413999239399004,hazard_right,0,2,2,0,0.465736914600551,0.37946428571428575,0.06522362385321101,0
451,23.5751,1790926300.865,193.85576248168945,24.094343185424805,1,0,0.33270539055847786,0.41582649592232,0.043563734740018845,0.04563167691230774,0.0009404866113304364,0.0002020163666061557,-6.784262962502825,10.185782472319682,13.413999239399004,hazard_right,0,2,2,0,0.4671143250688706,0.38026147959183676,0.0650802752293578,0
452,23.6177,1790926300.9105,215.01946449279785,46.15378379821777,1,0,0.3324016505456042,0.4169093179753572,0.044150061905384064,0.04567091539502144,0.0008681030640330313,0.00020999263524120918,-6.789418105513212,10.149560891463775,13.415396360947305,hazard_right,0,2,2,0,0.46547865013774103,0.3799426020408163,0.06551032110091742,0
453,23.6677,1790926300.9636,193.4981346130371,27.032136917114258,1,0,0.33252455410252246,0.4201596788366817,0.043681394308805466,0.044156190007925034,0.0009223544112142485,0.00019974051162382128,-6.82613959907649,10.117686620257128,13.415396360947305,hazard_right,0,2,2,0,0.46603822314049587,0.3791454081632653,0.06516628440366973,0
454,23.7155,1790926301.0014,186.47432327270508,19.05655860900879,1,0,0.33369027796658945,0.41903660543512533,0.04247863590717316,0.04324108362197876,0.0009736906838468727,0.00016832843124064682,-6.838452601361055,10.035452215988219,13.23300420049673,hazard_right,0,2,2,0,0.4671143250688706,0.37962372448979587,0.06502293577981651,0
455,23.7536,1790926301.0538,198.4081268310547,44.1739559173584,1,0,0.33412222662153324,0.4217036021121728,0.042371317744255066,0.042388442903757095,0.0009924242890024116,0.00016693585622409895,-6.832244290763213,10.038917790396503,13.10492812416377,hazard_right,0,2,2,0,0.46651170798898073,0.37930484693877553,0.06571100917431193,0
456,23.8076,1790926301.1005,188.44366073608398,30.575275421142578,1,0,0.33557871795882666,0.42208619580825757,0.042111463844776154,0.04315390810370445,0.0009918881672672034,0.00014293915071856845,-6.791902639450825,10.021879001006667,12.948021680125464,hazard_right,0,2,2,0,0.46556473829201106,0.3801551870748299,0.06525229357798165,0
457,23.8517,1790926301.1436,187.32666969299316,23.897647857666016,1,0,0.3364885495354316,0.4251928063490446,0.041814174503088,0.0446765199303627,0.0009760620861562459,0.000125333023175628,-6.758786079069997,9.98759084652169,12.874314176669735,hazard_right,0,2,2,0,0.4662964876033058,0.37983630952380953,0.06482224770642203,0
458,23.8954,1790926301.1926,193.79520416259766,24.863004684448242,1,0,0.33649613853632776,0.4269318828765146,0.04142900928854942,0.04473100230097771,0.0010956673739053696,0.00010812279721684756,-6.749637498977712,10.056429176437163,12.520818998136676,hazard_right,0,2,2,0,0.46702823691460055,0.37946428571428575,0.06496559633027522,0
459,23.9468,1790926301.2401,189.07570838928223,26.784896850585938,1,0,0.33577984016954054,0.4265891128205328,0.041599296033382416,0.04644371196627617,0.0012757796931370082,0.00011284567413722833,-6.724727629595207,10.099520629959018,12.345982388229814,hazard_right,0,2,2,0,0.4662103994490358,0.3799426020408163,0.06533830275229359,0
460,23.9919,1790926301.2931,208.76598358154297,43.27249526977539,1,0,0.3352350237021698,0.4297533273148191,0.04154098406434059,0.04505796357989311,0.0013367767973242978,0.00012553099405548688,-6.64765904260558,10.200342869141492,12.330745862074139,hazard_right,0,2,2,0,0.4653925619834711,0.3791985544217687,0.06485091743119266,0
461,24.053,1790926301.347,201.8749713897705,26.899337768554688,1,0,0.33675064123286214,0.436477042839453,0.040715839713811874,0.047873180359601974,0.0013570724155240273,0.0001365179747161671,-6.429399521433799,10.315068503595676,11.949873066945202,hazard_right,0,2,2,0,0.46715736914600553,0.3798894557823129,0.06522362385321101,0
462,24.0993,1790926301.3881,193.07351112365723,22.762060165405273,1,1,0.1372637554971829,0.5044571397157973,0.36246493458747864,0.05354437232017517,0.001301353386039178,0.00014106908615756783,-6.399533633354857,8.683868965745543,11.949873066945202,hazard_right,0,2,2,0,0.4642734159779614,0.3791985544217687,0.06502293577981651,0
463,24.1413,1790926301.4456,187.03293800354004,41.75710678100586,1,1,0.08460640033825562,0.514686403862368,0.49768349528312683,0.05394379422068596,0.0012242687603780562,0.0001401120306091764,-6.123344997364138,8.641556482868246,11.949873066945202,hazard_right,0,2,2,0,0.4650051652892562,0.3811649659863946,0.06496559633027522,0
464,24.1984,1790926301.4898,201.56240463256836,32.14669227600098,1,0,0.1800776086357715,0.46612440120495024,0.26505476236343384,0.0441439114511013,0.0009610179263060012,0.00014034367002989338,-5.965023462336462,8.878629253630566,11.062828401299356,hazard_right,0,2,2,0,0.4652203856749311,0.3825999149659864,0.06522362385321101,0
465,24.2419,1790926301.5341,176.94854736328125,19.143342971801758,1,0,0.3207271984584577,0.42352788302958133,0.03971199691295624,0.038376227021217346,0.0010488355336706254,0.00013930379760854382,-5.848457969045028,9.661398605024079,11.062828401299356,hazard_right,0,2,2,0,0.4669421487603306,0.382546768707483,0.06551032110091742,0
466,24.2886,1790926301.5848,202.62384414672852,29.561996459960938,1,0,0.34952016219491505,0.4255879716964804,0.02433036081492901,0.037528377026319504,0.0014180312933941407,0.0001567403033348641,-5.935337539817125,9.884126628970987,11.794205781799747,hazard_right,0,2,2,0,0.46819042699724517,0.3816964285714286,0.06522362385321101,0
467,24.3359,1790926301.6229,193.068265914917,24.261951446533203,1,0,0.35646006062245983,0.42307526043294685,0.023682666942477226,0.038528673350811005,0.0015601438773893846,0.00018545598681443372,-5.9537680381943145,9.972894429408834,11.938058434499837,hazard_right,0,2,2,0,0.4693526170798898,0.3826530612244898,0.06530963302752295,0
468,24.3745,1790926301.6706,206.35032653808594,46.776771545410156,1,0,0.3553262875958462,0.4334531623546206,0.026224955916404724,0.03817012533545494,0.0015891955677915877,0.00021044096062175995,-5.898736311488497,10.075590820971776,11.794205781799747,hazard_right,0,2,2,0,0.468620867768595,0.3828125,0.06548165137614678,0
469,24.4243,1790926301.7318,205.01470565795898,24.442195892333984,1,0,0.34684172377589517,0.484843142012607,0.03157574683427811,0.04274870082736015,0.001657513866344543,0.00023623550319271287,-5.3703810028788075,10.511301225095961,10.938548828109113,hazard_right,0,2,2,0,0.46819042699724517,0.38185586734693877,0.06530963302752295,0
470,24.4833,1790926301.7713,187.06488609313965,15.920162200927734,1,0,0.3446651056938063,0.5021790485143169,0.03254564851522446,0.043317172676324844,0.002155572182577619,0.0003136232770957156,-4.517532279518461,10.787643141967845,5.107177457602994,hazard_right,0,2,2,0,0.4681043388429752,0.38137755102040816,0.06530963302752295,0
471,24.5242,1790926301.8279,196.23494148254395,47.112226486206055,1,0,0.3422210050481985,0.5108321859418997,0.03400120884180069,0.04727404937148094,0.0016761134732822126,0.0003244802041103552,-3.7763937567125896,10.757562203969426,2.578707212070526,road,0,2,2,0,0.4692665289256198,0.38159013605442177,0.06525229357798165,0
472,24.5832,1790926301.8709,196.88153266906738,33.0202579498291,1,0,0.34030471948776175,0.5108969777313179,0.03494305908679962,0.04488755762577057,0.0012608616233493553,0.00031684904698622336,-3.478199204666337,10.61013653396045,1.054167566268326,road,0,2,2,0,0.46892217630853994,0.3827062074829932,0.06528096330275229,0
473,24.6234,1790926301.9185,185.24408340454102,22.62258529663086,1,0,0.33668013806647057,0.5090803118292521,0.036751843988895416,0.0455988310277462,0.0013615138467357741,0.000304318277467413,-3.1035082426230565,10.594956825115498,0.7992559405554971,road,0,2,2,0,0.46969696969696967,0.383343962585034,0.06533830275229359,0
474,24.6743,1790926301.9669,183.16960334777832,45.51243782043457,1,0,0.33755680954187617,0.5106557625414032,0.03718360513448715,0.04429541528224945,0.001288783213399623,0.0002929030544859065,-2.902673922829017,10.529131476230852,0.6780946452161487,road,0,2,2,0,0.46961088154269975,0.38387542517006806,0.06536697247706422,0
475,24.7186,1790926302.0094,193.2353973388672,29.215335845947266,1,0,0.3388243335138682,0.511491977211723,0.03838283568620682,0.04819051921367645,0.0011999856369159262,0.00028438380021285684,-2.672862921204044,10.33030568792593,0.3456960952626815,road,0,2,2,0,0.4690943526170799,0.38504464285714285,0.06533830275229359,0
476,24.7608,1790926302.0517,174.32641983032227,18.748760223388672,1,0,0.33723434203831704,0.5223071332838605,0.037787843495607376,0.04725341498851776,0.0013110542133664635,0.0002748183663518029,-2.625520030846137,10.206706800014073,0.0667468211792368,road,0,2,2,0,0.46943870523415976,0.38525722789115646,0.0654243119266055,0
477,24.8038,1790926302.1046,188.2803440093994,24.456501007080078,1,0,0.33626272202238044,0.5189429919408073,0.037728164345026016,0.04673109948635101,0.0013248430397023525,0.0002685091982586555,-2.5852683571162416,10.12572795953463,-0.7878846561996724,road,0,2,2,0,0.4677599862258953,0.3838222789115646,0.06548165137614678,0
478,24.8564,1790926302.147,193.2201385498047,24.858951568603516,1,0,0.3351430864177706,0.5150876147984456,0.037452176213264465,0.04466373100876808,0.0014288843580619781,0.00025052764862502604,-2.630907179008657,10.137972482582995,-0.7878846561996724,road,0,2,2,0,0.4689652203856749,0.383609693877551,0.06545298165137614,0
479,24.8999,1790926302.2036,203.3405303955078,50.08506774902344,1,0,0.33417637864320504,0.5133126745268262,0.03800325095653534,0.04287741333246231,0.001433366888118043,0.00024293226461600943,-2.6006843792797816,10.163790029715772,-0.34541093607615636,road,0,2,2,0,0.4682334710743802,0.38371598639455784,0.06545298165137614,0
480,24.9558,1790926302.2505,208.29129219055176,26.454925537109375,1,0,0.3313453831592339,0.5097204589746795,0.03963198885321617,0.044351059943437576,0.0014616545791992597,0.00024202691654169557,-2.485806126754856,10.241946683713902,-0.18433412417164874,road,0,2,2,0,0.46819042699724517,0.3828125,0.06559633027522936,0
481,25.0031,1790926302.2908,235.10289192199707,58.872222900390625,1,0,0.3307957261470442,0.5087144650107073,0.038959432393312454,0.04418932646512985,0.0014187634368827283,0.0002416697261001323,-2.5122019737738066,10.26112812559675,0.09697034687604855,road,0,2,2,0,0.46857782369146006,0.38376913265306123,0.06545298165137614,0
482,25.0442,1790926302.3503,213.1326198577881,32.46951103210449,1,0,0.33025131331230084,0.5073022701320405,0.0391104556620121,0.04426269605755806,0.0014155293449910947,0.000236130552446348,-2.4774055538805597,10.276236888898948,0.22448032076258073,road,0,2,2,0,0.4689652203856749,0.3830250850340136,0.06545298165137614,0
483,25.1027,1790926302.3956,206.32410049438477,21.651744842529297,1,0,0.33047509944358583,0.5071331963338789,0.03849921375513077,0.04309071972966194,0.0014041194375125322,0.0002403707083416465,-2.4918028736228903,10.27915755434481,0.3436929907437829,road,0,2,2,0,0.4681043388429752,0.3823873299319728,0.06548165137614678,0
484,25.1485,1790926302.4588,202.22926139831543,44.371843338012695,1,0,0.33004377626085585,0.5064678495951884,0.0385003387928009,0.04290180653333664,0.0014059747803830468,0.00023679000592078075,-2.4886625743309803,10.277282459730765,0.3734112718955771,road,0,2,2,0,0.4692665289256198,0.3851509353741497,0.06545298165137614,0
485,25.2124,1790926302.5086,198.82488250732422,29.651165008544922,1,0,0.3308354521777287,0.5095070923235748,0.03762085735797882,0.042333267629146576,0.0014182256108037513,0.0002136429159724787,-2.4930228262371608,10.227039961350428,0.3734112718955771,road,0,2,2,0,0.46952479338842973,0.38376913265306123,0.06536697247706422,0
486,25.2621,1790926302.5562,195.6799030303955,27.189254760742188,1,0,0.3305153359481203,0.5099755316974042,0.03763363137841225,0.042635004967451096,0.0013858457699325655,0.00019555258274524205,-2.4881157174404858,10.216961706158278,0.125361101605435,road,0,2,2,0,0.46892217630853994,0.3823873299319728,0.06536697247706422,0
487,25.3092,1790926302.6136,196.47669792175293,45.790672302246094,1,0,0.3303107318538716,0.5103575225175625,0.037486687302589417,0.04268491640686989,0.0013742040033701255,0.00019617951681822485,-2.4869670522689438,10.198323371319958,0.07213024190608053,road,0,2,2,0,0.4690082644628099,0.3813244047619047,0.06525229357798165,0
488,25.3656,1790926302.6585,208.70471000671387,31.413555145263672,1,0,0.3294488386149862,0.5101436758491266,0.03754656761884689,0.04290544241666794,0.0013517923357821329,0.00019582431977540826,-2.481427403338248,10.200578825049028,0.04892380175135713,road,0,2,2,0,0.46827651515151514,0.382281037414966,0.06533830275229359,0
489,25.4099,1790926302.7111,179.73709106445312,22.13573455810547,1,0,0.32952176031850644,0.511026763644303,0.03722160682082176,0.04266061633825302,0.0013239733379618297,0.00019460097320606555,-2.4970939614206484,10.180500643474584,0.031096646935559136,road,0,2,2,0,0.4677599862258953,0.3812712585034014,0.06528096330275229,0
490,25.4644,1790926302.7606,213.14573287963867,28.70035171508789,1,0,0.3276597782570697,0.5092924899057676,0.039668306708335876,0.04331093281507492,0.001339777276898722,0.0001886916276312972,-2.478803929468325,10.204903268517116,0.04892380175135713,road,0,2,2,0,0.4693956611570248,0.3824404761904762,0.06530963302752295,0
491,25.5125,1790926302.8008,209.8715305328369,23.50163459777832,1,0,0.3283607833884383,0.5107937505419557,0.03860580548644066,0.04279151186347008,0.00134501674292032,9.124914343316303e-05,-2.4987263065579577,10.186039236141811,-0.004887347947850174,road,0,2,2,0,0.46745867768595045,0.3820684523809524,0.06522362385321101,0
492,25.5543,1790926302.8672,213.61565589904785,34.192562103271484,1,0,0.3274886935640411,0.5097971291885384,0.03970569744706154,0.04302959516644478,0.0013532893767341121,6.225661250658504e-05,-2.4818756974525704,10.212430629535955,0.08565590810668056,road,0,2,2,0,0.4673725895316804,0.3818027210884354,0.06528096330275229,0
493,25.6201,1790926302.9152,216.98427200317383,31.84652328491211,1,0,0.32747003037774636,0.5106902466322941,0.039828840643167496,0.04278600215911865,0.0013570815858276726,5.802213328959582e-05,-2.499205647567644,10.201724775160224,0.006370948143583632,road,0,2,2,0,0.4669421487603306,0.3802083333333333,0.06502293577981651,0
494,25.6676,1790926302.96,223.85764122009277,51.45907402038574,1,0,0.325860533072752,0.5089788181718449,0.04203014075756073,0.04331900551915169,0.0013761891386480294,5.8042125825720724e-05,-2.484164880134474,10.231448918990601,0.08565590810668056,road,0,2,2,0,0.46715736914600553,0.3797831632653061,0.06502293577981651,0
495,25.7125,1790926303.0203,206.5579891204834,27.957916259765625,1,0,0.3260902623583844,0.5093394640376631,0.04172607511281967,0.04310739040374756,0.0013776817436430804,5.532175537619254e-05,-2.4899547326668308,10.228486182935638,0.1403955662044183,road,0,2,2,0,0.46556473829201106,0.38063350340136054,0.06496559633027522,0
496,25.7723,1790926303.0659,201.31301879882812,19.97661590576172,1,0,0.3258321611992403,0.5089678998502916,0.04184960946440697,0.04317428544163704,0.0013715338284291572,3.766627366603645e-05,-2.4873527909804927,10.230884999309405,0.1734164669564393,road,0,2,2,0,0.4650051652892562,0.3789859693877551,0.06493692660550458,0
497,25.8219,1790926303.1355,228.2395362854004,34.08503532409668,1,0,0.32579485069286257,0.5092311442223427,0.04204944893717766,0.04302269592881203,0.0013537562955972906,3.5905242546877306e-05,-2.499886886555822,10.21356968216346,0.1600243838440889,road,0,2,2,0,0.46556473829201106,0.37781675170068024,0.06499426605504587,0
498,25.8879,1790926303.1787,261.6384029388428,50.98891258239746,1,0,0.3256622531899667,0.5087497148396128,0.042048342525959015,0.0429670587182045,0.0013527954175843245,3.505719331859542e-05,-2.498838377846844,10.209711841047787,0.17721451109806452,road,0,2,2,0,0.4665977961432507,0.3758503401360544,0.06551032110091742,0
499,25.9336,1790926303.2503,212.3260498046875,23.802757263183594,1,0,0.3256684761072638,0.5085054396805977,0.04201771691441536,0.04282216727733612,0.0013427186672905704,3.383609457617683e-05,-2.5105666852267263,10.192860902063577,0.2096627422187467,road,0,2,2,0,0.46780303030303033,0.3754783163265306,0.06548165137614678,0
500,26.0068,1790926303.3164,202.4223804473877,27.43387222290039,1,0,0.3256609644327415,0.5076336369686028,0.04189278185367584,0.04264991730451584,0.0013454830517610004,2.6655451407606757e-05,-2.50924006536255,10.191312482125582,0.24505026491485182,road,0,2,2,0,0.4662103994490358,0.37404336734693877,0.06588302752293579,0
501,26.0681,1790926303.3796,205.12652397155762,34.554243087768555,1,0,0.3259609217010804,0.5080193499210075,0.041550204157829285,0.0424644760787487,0.0013409666998851297,2.48175971194422e-05,-2.5262224157567865,10.171774410612379,0.3090764006690492,road,0,2,2,0,0.4661673553719008,0.37276785714285715,0.06594036697247706,0
502,26.1332,1790926303.4281,201.19047164916992,20.111083984375,1,0,0.32603920431953487,0.5079000148826086,0.04134956747293472,0.04244145378470421,0.001347720135753212,2.318877918405369e-05,-2.522546391152881,10.175753230938895,0.3185381866566743,road,0,2,2,0,0.46612431129476584,0.37042942176870747,0.06594036697247706,0
503,26.1798,1790926303.471,211.2424373626709,44.759273529052734,1,0,0.32715863138575074,0.5098072226304913,0.039804622530937195,0.04221881181001663,0.001344692458804635,2.0894013655952068e-05,-2.5345393066209625,10.1526651401817,0.3090764006690492,road,0,2,2,0,0.46590909090909094,0.3699511054421769,0.06602637614678898,0
504,26.2231,1790926303.5251,192.34347343444824,29.045820236206055,1,0,0.32658791481487454,0.5091616533358183,0.040552422404289246,0.04255836829543114,0.0013574002856708387,1.5351855555967495e-05,-2.5126302617491825,10.185025193737488,0.1779184207042519,road,0,2,2,0,0.4660812672176309,0.37383078231292516,0.06585435779816515,0
505,26.277,1790926303.5668,186.19394302368164,29.424190521240234,1,0,0.3270698972853213,0.5105634485847041,0.039687979966402054,0.042275331914424896,0.0013521725004156755,1.3502126524006931e-05,-2.534336819328365,10.176708259286599,0.12841585376241227,road,0,2,2,0,0.4664686639118457,0.37244897959183676,0.06576834862385321,0
506,26.3184,1790926303.6168,197.60632514953613,40.03286361694336,1,0,0.32670931015710825,0.5103375562643535,0.04010811820626259,0.04225042462348938,0.0013662596846486814,1.2952889947967708e-05,-2.520610455732616,10.222691793104914,0.06118457999475169,road,0,2,2,0,0.4662964876033058,0.3710140306122449,0.06591169724770642,0
507,26.3711,1790926303.663,189.0697479248047,36.954402923583984,1,0,0.3272170161440785,0.5114603016163353,0.039426159113645554,0.041462257504463196,0.001349730746881578,1.2968223984390482e-05,-2.5301483606258848,10.224196120716146,0.04890539875893296,road,0,2,2,0,0.46642561983471076,0.36931335034013607,0.0658256880733945,0
508,26.4146,1790926303.7053,178.21359634399414,23.012161254882812,1,0,0.3271517906580551,0.5114101987149707,0.03959014266729355,0.041641827672719955,0.0013460292603173067,1.1229900977429123e-05,-2.523589133661206,10.234137528291779,-0.04867595722026152,road,0,2,2,0,0.46681301652892565,0.36915391156462585,0.0658256880733945,0
509,26.4591,1790926303.7607,197.15619087219238,23.26488494873047,1,0,0.327091456227457,0.5114757808029758,0.0398702397942543,0.04163084924221039,0.0013388310204869639,1.141518173519697e-05,-2.5283880629895794,10.227384381850301,-0.04887687060575985,road,0,2,2,0,0.46806129476584024,0.36782525510204084,0.06571100917431193,0
510,26.5123,1790926303.7995,193.67098808288574,23.00858497619629,1,0,0.3270054529557037,0.5110269697203832,0.03987353295087814,0.04165785014629364,0.0013467089749871388,1.1110957509699177e-05,-2.5312963373348616,10.233532827796456,-0.04887687060575985,road,0,2,2,0,0.4684917355371901,0.36920705782312924,0.06559633027522936,0
511,26.5511,1790926303.8615,194.74005699157715,30.688047409057617,1,0,0.32697263815605415,0.510806822586505,0.039894893765449524,0.04171464592218399,0.001347120250453466,1.1041764205574701e-05,-2.5351836403880648,10.232966301691965,-0.002256314438191964,road,0,2,2,0,0.46788911845730025,0.3695790816326531,0.065625,0
512,26.6154,1790926303.9072,191.1334991455078,32.47523307800293,1,0,0.32700184154898865,0.5107368273333096,0.04000096768140793,0.041686587035655975,0.0013407557013871362,1.1381178501838554e-05,-2.5346738679584955,10.237455159547766,0.024075601834958604,road,0,2,2,0,0.4675017217630854,0.36750637755102045,0.06551032110091742,0
513,26.6585,1790926303.9465,224.39193725585938,26.732444763183594,1,0,0.326500544117839,0.5097979590266061,0.04070672392845154,0.04201958328485489,0.0013566540148119031,1.1373479820865555e-05,-2.5167345521371196,10.250037140325158,0.030995230022909936,road,0,2,2,0,0.46797520661157027,0.3689944727891156,0.06565366972477064,0
514,26.6992,1790926304.0031,202.50749588012695,26.862382888793945,1,1,0.1353778962191462,0.5240357315648654,0.4004601538181305,0.04696819558739662,0.0013796861480201267,1.1752877016398677e-05,-2.3755930950444326,9.073646912736795,0.030995230022909936,road,0,2,2,0,0.4641442837465565,0.36947278911564624,0.065625,0
515,26.7565,1790926304.0422,227.16879844665527,45.8369255065918,1,1,0.14026592223646334,0.5259997930940181,0.3817216753959656,0.04741291701793671,0.0013699435052141658,1.1037422403330617e-05,-2.2048688779945933,8.374340234887503,0.030995230022909936,road,0,2,2,0,0.4638429752066116,0.36936649659863946,0.06568233944954129,0
516,26.8344,1790926304.1254,254.23645973205566,44.597625732421875,1,0,0.3069511598512441,0.5272454977640124,0.05936698615550995,0.04751753807067871,0.0012879632631730845,1.7573097348090115e-05,-2.68650602800106,9.154677944032137,0.030995230022909936,road,0,2,2,0,0.4658660468319559,0.3705888605442177,0.06579701834862386,0
517,26.8779,1790926304.2115,197.11899757385254,29.533863067626953,1,0,0.32739231495354004,0.5220545735015683,0.04209953919053078,0.046373166143894196,0.001299832180701253,2.009907971133973e-05,-2.4386889002930565,9.91999696869777,-1.236308569946651,road,0,2,2,0,0.4662964876033058,0.3723426870748299,0.06568233944954129,0
518,26.9637,1790926304.224,259.80305671691895,48.34580421447754,1,0,0.3313112050977193,0.5170688942066508,0.03485989570617676,0.04223622754216194,0.0013834953938406135,2.2231925152868987e-05,-2.4875409610232557,10.019384643195988,-1.236308569946651,road,0,2,2,0,0.4649621212121212,0.37149234693877553,0.0658256880733945,0
519,27.0201,1790926304.3165,206.61067962646484,33.052921295166016,1,0,0.33194049499545564,0.5127393200780918,0.03616071492433548,0.04151054099202156,0.0013845598292333726,2.3713470069269647e-05,-2.4862998341915983,10.125424410928241,-0.6725718336423512,road,0,2,2,0,0.4662103994490358,0.37287414965986393,0.06588302752293579,0
520,27.0677,1790926304.3886,162.22238540649414,25.104999542236328,1,0,0.3313941114965627,0.5119997798582601,0.03653687611222267,0.04147101193666458,0.0013974667853385698,2.536721375591649e-05,-2.4775627399818676,10.154902056712896,-0.21935276979276352,road,0,2,2,0,0.46676997245179064,0.37441539115646255,0.06573967889908257,0
521,27.1422,1790926304.4025,183.29787254333496,19.576549530029297,1,0,0.33100329557262775,0.5119425373203419,0.03663792088627815,0.04173516854643822,0.001387586864894278,2.7019185236551426e-05,-2.4834826962772807,10.170293750434602,-0.14903116321927712,road,0,2,2,0,0.46827651515151514,0.37383078231292516,0.0650802752293578,0
522,27.1547,1790926304.4596,189.64552879333496,30.57265281677246,1,0,0.3309006410853274,0.5118520328913803,0.0368572399020195,0.0417056605219841,0.001387158583193879,2.7275826454412128e-05,-2.482920116333151,10.175711594890645,-0.13809965142038294,road,0,2,2,0,0.4672865013774105,0.37558460884353745,0.06530963302752295,0
523,27.212,1790926304.4988,190.3076171875,23.810863494873047,1,0,0.3305063439564513,0.5126187917627604,0.03730199113488197,0.0415194034576416,0.0013780479376602158,2.753954917258091e-05,-2.518901187949784,10.169513956181968,-0.13809965142038294,road,0,2,2,0,0.46453168044077137,0.3756909013605442,0.06505160550458715,0
524,27.2508,1790926304.5568,197.60870933532715,25.769472122192383,1,0,0.3303139843277484,0.5126816692476259,0.037501897662878036,0.04111460968852043,0.0013833187434776854,2.8091241842709493e-05,-2.516809882952441,10.208194569380364,-0.17958107266799317,road,0,2,2,0,0.46577995867768596,0.37797619047619047,0.06533830275229359,0
525,27.3091,1790926304.6024,197.6158618927002,29.6323299407959,1,0,0.33044399909444666,0.5133811438271414,0.037527136504650116,0.040911007672548294,0.0013778840540095824,2.832909820633517e-05,-2.52209134928624,10.201429829241606,-0.1879181515984527,road,0,2,2,0,0.4658230027548209,0.3801551870748299,0.0654243119266055,0
526,27.3559,1790926304.6493,212.36443519592285,45.78256607055664,1,0,0.33030291896240316,0.5124502723387303,0.03736618161201477,0.04081537574529648,0.001378893787682228,2.859121746609853e-05,-2.5167566740670346,10.212213750213921,-0.1879181515984527,road,0,2,2,0,0.4658230027548209,0.3801551870748299,0.06502293577981651,0
527,27.4018,1790926304.704,195.9547996520996,31.687021255493164,1,0,0.3301561900105471,0.5115854541762602,0.03746204078197479,0.04063538461923599,0.001369328979029848,2.8521096139130873e-05,-2.514874610280028,10.214432866422634,-0.16368464375266,road,0,2,2,0,0.4673725895316804,0.38222789115646255,0.06510894495412844,0
528,27.4614,1790926304.7493,193.85004043579102,19.755125045776367,1,0,0.3300247439460129,0.5111743085494824,0.03755784034729004,0.040854502469301224,0.0013698294174926801,2.8484641961590525e-05,-2.508076053103492,10.198441348503714,-0.07451533181883008,road,0,2,2,0,0.46788911845730025,0.38159013605442177,0.06528096330275229,0
529,27.5009,1790926304.8115,198.6086368560791,34.21902656555176,1,0,0.32946107820111364,0.5109986796111804,0.03838908299803734,0.0387236550450325,0.0021805223556591534,0.0001799936184925381,-2.494666261175819,9.943838165321647,-0.03703537586356731,road,0,2,2,0,0.4685347796143251,0.3829719387755102,0.06525229357798165,0
530,27.5638,1790926304.8556,209.89060401916504,33.06746482849121,1,0,0.3266174096457346,0.5049112114066006,0.04361119121313095,0.05190366879105568,0.008303572864277247,0.0015498166595541208,-2.1609396608764726,9.713756705262792,-0.02976634091427144,road,1,2,2,0,0.46866391184573003,0.383609693877551,0.06510894495412844,0
531,27.6081,1790926304.9043,185.87875366210938,24.688005447387695,1,0,0.3249984109506943,0.5051404219051493,0.043685976415872574,0.08629614859819412,0.014323710894980676,0.0031244519986465204,-2.076744939625967,9.63057271124798,0.23713951695054902,road,1,2,2,0,0.4696539256198347,0.3835565476190476,0.0654243119266055,0
532,27.6618,1790926304.9634,197.72028923034668,26.830673217773438,1,0,0.32426512489673465,0.5033198990017298,0.04446745663881302,0.08481401205062866,0.014484644609749691,0.004157545180503409,-2.2281122219938414,9.812455723787433,0.33124240344530875,road,1,2,2,0,0.4714187327823691,0.3848852040816326,0.06559633027522936,0
533,27.7153,1790926305.0051,176.804780960083,20.26200294494629,1,0,0.3225500336763005,0.5013362636838627,0.045864980667829514,0.0745343342423439,0.010458524247252715,0.004438956446521469,-2.2301501990669563,10.182622385856005,0.5540914207442853,road,1,2,2,0,0.4690082644628099,0.38839285714285715,0.06548165137614678,0
534,27.7583,1790926305.0642,196.3815689086914,27.014970779418945,1,0,0.3247520933245167,0.5033971821432537,0.04373256117105484,0.06462694704532623,0.009428399252182066,0.004585630597008412,-2.207015117263855,10.019983738159539,0.5540914207442853,road,1,2,2,0,0.46948174931129477,0.38871173469387754,0.06548165137614678,0
535,27.8176,1790926305.1063,235.31866073608398,54.601192474365234,1,0,0.32388473546932195,0.5010011361252921,0.045652784407138824,0.06017162650823593,0.009282876911380343,0.004612690589512845,-2.107434686437361,9.818865775810464,0.696962033029493,road,1,2,2,0,0.4703856749311294,0.3888711734693877,0.06505160550458715,0
536,27.8591,1790926305.1611,211.01832389831543,31.514883041381836,1,0,0.3225820611068404,0.5008137239571337,0.04612584412097931,0.09823425114154816,0.01739629470418801,0.005360065636153083,-2.07578863239421,9.767796747275243,0.6902938018052112,road,1,2,2,0,0.46879304407713496,0.39195365646258506,0.0647362385321101,0
537,27.9127,1790926305.2039,199.9490261077881,28.563976287841797,1,0,0.3214501959117836,0.5005924332661599,0.0473145991563797,0.09321607649326324,0.012454335660773046,0.005511954552956147,-2.1145866614393576,9.876450046132927,0.696962033029493,road,1,2,2,0,0.4698691460055096,0.39221938775510207,0.0648795871559633,0
538,27.9553,1790926305.2485,214.27536010742188,44.02518272399902,1,0,0.32071280553087045,0.4999349158204528,0.049516741186380386,0.06802663952112198,0.006189189818546115,0.005380229015385014,-2.1870704511664596,10.120789693013457,0.7457932849983209,road,1,2,2,0,0.4690513085399449,0.3930165816326531,0.06568233944954129,0
539,28.0017,1790926305.3097,211.40170097351074,35.74633598327637,1,0,0.3216841518602175,0.5021708752930955,0.04963693395256996,0.05573480203747749,0.004729720943696818,0.0052989679670243,-2.2105528920540425,10.189172465384067,0.7457932849983209,road,1,2,2,0,0.4689652203856749,0.3933886054421769,0.06548165137614678,0
540,28.0615,1790926305.3524,243.4365749359131,48.021793365478516,1,0,0.32130365039247644,0.5024909581038208,0.050412215292453766,0.05889222025871277,0.008348100418270941,0.005225950144643845,-2.0807683128177668,9.978195396442658,0.6600347859726057,road,1,2,2,0,0.46918044077134985,0.3975871598639456,0.06479357798165138,0
541,28.1053,1790926305.4182,208.9822292327881,32.398223876953125,1,0,0.3213473282037206,0.5024413996344781,0.04805959388613701,0.13212020695209503,0.023331580212515055,0.006254281317671935,-2.0203272019257046,9.930154357691631,0.5184645325301744,road,1,2,2,0,0.4700843663911846,0.3979591836734694,0.06424885321100918,0
542,28.1719,1790926305.4617,211.2722396850586,21.12603187561035,1,0,0.32235297545547026,0.5038764642150524,0.046310123056173325,0.16043759882450104,0.02891728787824507,0.007640148525575467,-2.030156980001961,9.931123395482652,0.47337389576372857,road,1,2,2,0,0.4672004132231405,0.3988626700680272,0.0641915137614679,0
543,28.213,1790926305.5274,194.61607933044434,40.84134101867676,1,0,0.3216651068469346,0.5022150397277849,0.04910508543252945,0.1278211623430252,0.01841882758356096,0.007703244893575607,-1.9976658086441244,9.880585568388152,0.47337389576372857,road,1,2,2,0,0.4668560606060606,0.3992878401360544,0.06407683486238532,0
544,28.2804,1790926305.5804,190.26613235473633,27.014493942260742,1,0,0.3218060369645989,0.5013049739687124,0.05134106054902077,0.06850998848676682,0.004218731872627454,0.007572830600078389,-2.322660249166092,10.044624754122095,0.4782677139274085,road,1,2,2,0,0.4659521349862259,0.4014668367346939,0.06413417431192661,0
545,28.3321,1790926305.6231,212.0654582977295,43.48397254943848,1,0,0.32360445788689585,0.5034967913660313,0.050204500555992126,0.05098651349544525,0.00341342834078489,0.007470625571125904,-2.313554602803215,9.92419371158375,0.6066247867194932,road,1,2,2,0,0.46534951790633605,0.4024234693877551,0.06387614678899083,0
546,28.376,1790926305.673,193.7386989593506,27.036666870117188,1,0,0.32319487259970436,0.5025457046209555,0.05067981034517288,0.0427313931286335,0.0030783576414158856,0.0073812145138177476,-2.321891246123548,9.73190998896307,0.7133477650420872,road,1,2,2,0,0.4641873278236915,0.4025829081632653,0.06387614678899083,0
547,28.4259,1790926305.7172,187.96920776367188,17.951250076293945,1,0,0.322567434127772,0.5011489422861155,0.0514865443110466,0.048949096351861954,0.007527794001667337,0.00713557385625954,-2.1685776431596135,9.662537472093172,0.7133477650420872,road,1,2,2,0,0.4640581955922865,0.4023703231292517,0.06407683486238532,0
548,28.4691,1790926305.7798,185.40477752685547,43.15638542175293,1,0,0.321373549250042,0.5013328016669042,0.05088856443762779,0.0667605921626091,0.01256277544233307,0.006838710700998334,-2.1510150257882907,9.652561473928426,0.7133477650420872,road,1,2,2,0,0.46379993112947654,0.4046024659863946,0.06447821100917431,0
549,28.5322,1790926305.8228,196.0163116455078,30.684232711791992,1,0,0.3202996145049225,0.5008895460549581,0.052162736654281616,0.07533247023820877,0.013871715695934081,0.006557823029626368,-2.0859687492071477,9.671681458615321,0.6984254013706916,road,1,2,2,0,0.4618629476584022,0.4055059523809524,0.06427752293577982,0
550,28.5751,1790926305.873,167.76227951049805,19.384384155273438,1,0,0.3194346195847912,0.5003977914131772,0.05273742973804474,0.06613846868276596,0.009383880458205535,0.0065353783035297566,-2.2554415479294816,9.77877855946663,0.6984254013706916,road,1,2,2,0,0.4622503443526171,0.405718537414966,0.06439220183486238,0
551,28.6254,1790926305.9175,207.77630805969238,30.820369720458984,1,0,0.31943406461437684,0.49996329637180636,0.05392337590456009,0.05516618490219116,0.0031254432512246946,0.006753337957904204,-2.2610161371555515,9.966409422506109,0.8834135672185752,road,1,2,2,0,0.46332644628099173,0.40534651360544216,0.06430619266055046,0
552,28.6689,1790926305.9584,194.1051483154297,22.834300994873047,1,0,0.3219810783705377,0.5044941501523709,0.05144831910729408,0.05013922601938248,0.0039942744856546275,0.006871094984184278,-2.3137559984899068,10.038170395429642,0.8834135672185752,road,1,2,2,0,0.46285296143250687,0.40534651360544216,0.06493692660550458,0
553,28.7098,1790926306.0188,192.795991897583,43.519020080566406,1,0,0.3206369485628761,0.5032263458978539,0.05153990909457207,0.0469077005982399,0.005793334755420429,0.006780208372156617,-2.271274054494898,10.193250393753262,0.599819805158873,road,1,2,2,0,0.4630251377410468,0.405452806122449,0.06479357798165138,0
554,28.774,1790926306.0692,201.69568061828613,24.97100830078125,1,0,0.32220102879557266,0.5033468984093272,0.05032111704349518,0.08766726404428482,0.015753089321664374,0.00704512951050426,-2.1700067384894717,9.958329566956747,0.5029118249243183,road,1,2,2,0,0.4628960055096419,0.405452806122449,0.06479357798165138,0
555,28.821,1790926306.1131,221.78173065185547,45.87078094482422,1,0,0.32355893991988144,0.50282774546542,0.04967125877737999,0.1206212192773819,0.020715215786337084,0.007372122305695929,-2.093042863646964,9.786421685118249,0.5029118249243183,road,1,2,2,0,0.46285296143250687,0.4047619047619047,0.06453555045871559,0
556,28.8653,1790926306.1655,202.09479331970215,31.707286834716797,1,0,0.3238921566221695,0.5025985336672536,0.04970169812440872,0.11722361296415329,0.018893639799800566,0.007442331476316227,-2.0596180191596707,9.746955171753553,0.49334244152568374,road,1,2,2,0,0.46298209366391185,0.4044430272108844,0.06450688073394495,0
557,28.9178,1790926306.2094,184.0496063232422,21.699905395507812,1,0,0.3233152026938245,0.5018960988984311,0.04796109348535538,0.11629091203212738,0.016504895485721975,0.007527357534935187,-2.052220815312368,9.785568300887196,0.49334244152568374,road,1,2,2,0,0.46298209366391185,0.4057716836734694,0.06439220183486238,0
558,28.9629,1790926306.2679,188.25697898864746,49.8051643371582,1,0,0.32228080837288825,0.5006725998935639,0.05222972109913826,0.07872994989156723,0.006456571403029949,0.0075182543698097985,-2.1953110636384174,10.127663739117859,0.5571231340747005,road,1,2,2,0,0.46319731404958675,0.40508078231292516,0.06444954128440367,0
559,29.0203,1790926306.3107,196.05565071105957,26.45707130432129,1,0,0.3202838448174206,0.5142816969710206,0.05295649915933609,0.05040014162659645,0.004706011357606329,0.007519316029941803,-5.2269178815447095,10.289197873197457,0.8045493451593941,road,1,2,2,0,0.46332644628099173,0.4051339285714286,0.06459288990825689,0
560,29.0635,1790926306.3563,172.88541793823242,18.682003021240234,1,0,0.32515117440158836,0.3588285305813077,0.044760461896657944,0.027028171345591545,0.005682560554744282,0.007596356294731714,-8.234520436913437,9.49624888860785,1.8991640510414953,road,1,2,2,0,0.4641873278236915,0.40316751700680276,0.06430619266055046,0
561,29.1101,1790926306.4064,190.15836715698242,38.04302215576172,1,0,0.34504552746299966,0.39731432832663754,0.041736189275979996,0.04747123643755913,0.02320911882616351,0.007586713046783495,-12.947038922112956,9.02940583010591,20.594739304464756,road,1,2,2,0,0.46358471074380164,0.4022640306122449,0.06430619266055046,0
562,29.1587,1790926306.449,199.0070343017578,27.254104614257812,1,0,0.35734006920722305,0.33706924161491325,0.03687593340873718,0.11662032455205917,0.04324678493989819,0.010053360273126494,-16.149664465034963,8.104491619559013,20.711538637891234,hazard_right,1,2,2,0,0.46513429752066116,0.4010948129251701,0.06442087155963303,0
563,29.2019,1790926306.5057,170.6533432006836,25.347232818603516,1,0,0.3633929693133805,0.34853140714937114,0.03362233191728592,0.09988495707511902,0.04108895208217813,0.011244328123118113,-18.442678750139578,7.768417405844669,29.580309372127758,hazard_right,1,2,2,0,0.46681301652892565,0.4019982993197279,0.06401949541284403,0
564,29.2579,1790926306.5478,195.88804244995117,28.429031372070312,1,0,0.37576516776834457,0.3253639584134754,0.03500089794397354,0.018838001415133476,0.012963784606363146,0.01118852587748819,-20.874350214423412,6.732742268621775,30.28562818273199,passenger,1,2,2,0,0.4670712809917355,0.3986500850340136,0.0643348623853211,0
565,29.3021,1790926306.591,191.6515827178955,25.679588317871094,1,0,0.38105155178436384,0.3183956002001077,0.03343930467963219,0.01075660903006792,0.005542823379591654,0.01114163864829089,-22.351989838337158,7.191849778717113,34.73959894596774,passenger,1,2,2,0,0.46806129476584024,0.39987244897959184,0.06413417431192661,0
566,29.3429,1790926306.6487,190.3846263885498,24.306297302246094,1,0,0.39002452345249683,0.3082367312002967,0.02831808291375637,0.010666104033589363,0.007726186619175462,0.010997898346788222,-23.41863074061137,7.493083817785101,36.7001825612741,passenger,1,2,2,0,0.468620867768595,0.39907525510204084,0.06444954128440367,0
567,29.4036,1790926306.697,201.8265724182129,30.976533889770508,1,0,0.39278593263815265,0.31329295193031326,0.02681058645248413,0.010621614754199982,0.0036880599083482317,0.01097133082138045,-23.838374812831322,6.813399390671167,38.472295577320935,passenger,1,2,2,0,0.4699121900826446,0.3963647959183674,0.06462155963302753,0
568,29.4505,1790926306.7406,214.07604217529297,45.20750045776367,1,0,0.3980820381598511,0.3247112722969042,0.026816679164767265,0.01241862028837204,0.0025586550466325225,0.011148647048382693,-24.187471231493383,6.6245469727880835,38.472295577320935,passenger,1,2,2,0,0.46922348484848486,0.3956738945578231,0.06450688073394495,0
569,29.5008,1790926306.7961,188.57407569885254,20.22576332092285,1,0,0.397974672852122,0.3299663795099111,0.025982780382037163,0.010763842612504959,0.002191465411806986,0.011393530165996387,-24.455752531045494,6.550110212545758,37.564771161240856,passenger,1,2,2,0,0.4696539256198347,0.3946109693877551,0.06476490825688073,0
570,29.5493,1790926306.8355,180.57751655578613,21.646738052368164,1,0,0.398634254911873,0.3241758885228486,0.025108957663178444,0.009691767394542694,0.001867840741370034,0.011620215459926697,-24.69260546941845,6.692643537291566,37.564771161240856,passenger,1,2,2,0,0.46870695592286504,0.39519557823129253,0.065625,0
571,29.5921,1790926306.8954,201.1435031890869,27.88400650024414,1,0,0.40132392844355147,0.3264852884701034,0.024712394922971725,0.009549674578011036,0.0015355579129470351,0.011827442773504525,-24.663030056069484,6.635276380788955,37.77433463927082,passenger,1,2,2,0,0.46879304407713496,0.3926977040816326,0.06559633027522936,0
572,29.6479,1790926306.9396,196.6116428375244,22.631168365478516,1,0,0.40370174235584355,0.3338596482143935,0.02493973635137081,0.00952813122421503,0.0015717956038278742,0.011886021221955752,-24.57998575189082,6.662825978691455,37.77433463927082,passenger,1,2,2,0,0.47111742424242425,0.39195365646258506,0.06565366972477064,0
573,29.6924,1790926306.9837,214.13803100585938,43.19643974304199,1,0,0.40545010991424474,0.3460779484583532,0.025210628286004066,0.009452803060412407,0.0016960665907257777,0.011966768315717803,-24.68974175417255,6.795540720270348,36.931531734991054,passenger,1,2,2,0,0.47034263085399447,0.39285714285714285,0.06462155963302753,0
574,29.7393,1790926307.037,207.61966705322266,35.98928451538086,1,0,0.40422853495165956,0.3396357817507798,0.025275666266679764,0.009524136781692505,0.0017052408944577358,0.012092080567501991,-24.69994295791779,6.787304631703728,36.42532016602198,passenger,1,2,2,0,0.4699121900826446,0.39158163265306123,0.06499426605504587,0
575,29.7894,1790926307.0727,241.5614128112793,54.384469985961914,1,0,0.4026651314034409,0.3364531895067143,0.02570555917918682,0.009464065544307232,0.0016154934016941913,0.012223566847355557,-24.636728195688423,6.811039119046574,36.42532016602198,passenger,1,2,2,0,0.46956783746556474,0.39184736394557823,0.06505160550458715,0
576,29.825,1790926307.1336,210.33501625061035,30.683517456054688,1,1,0.1274198921241897,0.4292165059350733,0.4703880846500397,0.0073845647275447845,0.004163041732065474,0.01208667886505849,-24.435043665704846,6.697910957732622,36.42532016602198,passenger,1,2,2,0,0.4672004132231405,0.39120960884353745,0.0648795871559633,0
577,29.887,1790926307.1803,207.94034004211426,25.864601135253906,1,0,0.23898713904201296,0.4051507267569522,0.2209363579750061,0.044545598328113556,0.0288421699064498,0.012612114622032825,-24.033348974157374,6.508186955752298,36.42532016602198,passenger,1,2,2,0,0.4675878099173554,0.391422193877551,0.0648795871559633,0
578,29.9328,1790926307.2415,202.16846466064453,46.36073112487793,1,0,0.3518843146964952,0.4008312689994449,0.05761241912841797,0.043932270258665085,0.027680927271060862,0.01308509415140702,-24.102967025567928,6.663594013241392,29.508075157032017,passenger,1,2,2,0,0.46952479338842973,0.390625,0.06548165137614678,0
579,29.9953,1790926307.2892,211.5616798400879,25.867938995361328,1,0,0.39504052661554123,0.3747602596287361,0.02801739238202572,0.033577464520931244,0.019153205902897184,0.013157097956718282,-24.146897444013327,6.732325743029987,29.508075157032017,passenger,1,2,2,0,0.4699121900826446,0.38871173469387754,0.06525229357798165,0
580,30.0425,1790926307.3345,224.22122955322266,49.558162689208984,1,0,0.40895343297491893,0.3651942432968672,0.023624008521437645,0.026577187702059746,0.01803136862242215,0.013133293274436585,-24.13190740513942,6.764334349459675,32.27995473763721,passenger,1,2,2,0,0.4697400137741047,0.390093537414966,0.06505160550458715,0
581,30.0884,1790926307.3948,212.46623992919922,34.99889373779297,1,0,0.4192550572533313,0.3542855558202336,0.020499099045991898,0.02677193284034729,0.018648433710820516,0.013118131887563627,-24.083862847393732,6.895058642561145,33.271132817235,passenger,1,2,2,0,0.4699121900826446,0.390359268707483,0.06482224770642203,0
582,30.1492,1790926307.4386,189.71633911132812,20.548105239868164,1,0,0.41981731615123596,0.3543176395143337,0.019385749474167824,0.012057255022227764,0.007420675497397852,0.012951191162175154,-23.992156530103678,6.802632949038936,34.29600788904821,passenger,1,2,2,0,0.46948174931129477,0.39168792517006806,0.06450688073394495,0
583,30.1925,1790926307.4982,218.78838539123535,32.08327293395996,1,1,0.15454635407487902,0.44643164163957577,0.40951305627822876,0.010300442576408386,0.00590462132062921,0.010954730416534027,-24.090206525737262,6.4656584270414355,34.29600788904821,passenger,1,2,2,0,0.4668560606060606,0.3901466836734694,0.06499426605504587,0
584,30.2513,1790926307.5436,210.5088233947754,20.360946655273438,1,1,0.18195578483833802,0.4707116415209257,0.30727681517601013,0.07664243876934052,0.03837138544702629,0.0106001747801949,-23.785667421630578,5.760100250191589,34.29600788904821,passenger,1,2,2,0,0.4660812672176309,0.39152848639455784,0.06482224770642203,0
585,30.2958,1790926307.6027,211.95077896118164,50.7204532623291,1,0,0.33742809538834795,0.4326259425446095,0.06555946171283722,0.05660765618085861,0.0352839131581908,0.011872912895208733,-23.659795712908913,5.815709560476402,34.29600788904821,passenger,1,2,2,0,0.4692665289256198,0.39152848639455784,0.06505160550458715,0
586,30.3557,1790926307.6546,198.76694679260254,26.352643966674805,1,0,0.40177683909282075,0.37199110372167465,0.023841392248868942,0.015544858761131763,0.013023188076651102,0.012069676330239702,-23.48900621485945,6.161670220189906,32.023089382926734,passenger,1,2,2,0,0.4697830578512397,0.3923788265306123,0.06510894495412844,0
587,30.4076,1790926307.6957,195.74546813964844,24.165868759155273,1,0,0.42392026864200993,0.35457118868587434,0.017931384965777397,0.013466608710587025,0.009155507077249917,0.011945311297436405,-23.837964439336016,6.6124004952808635,32.023089382926734,passenger,1,2,2,0,0.47073002754820936,0.3922725340136054,0.06551032110091742,0
588,30.4478,1790926307.7491,202.87513732910156,43.12777519226074,1,0,0.4267708037022828,0.3487088401574279,0.017901282757520676,0.02235465869307518,0.017604174758221618,0.011717907363686329,-23.907234938370067,6.785283247648007,34.141109882908204,passenger,1,2,2,0,0.4693526170798898,0.3937606292517007,0.06536697247706422,0
589,30.5046,1790926307.7981,205.8422565460205,26.320457458496094,1,0,0.42233969945539024,0.34408139173578955,0.018816223368048668,0.02140927128493786,0.017328089185067216,0.011578948126429458,-23.93988603141845,6.896026996093287,34.81381453355303,passenger,1,2,2,0,0.4684056473829201,0.39508928571428575,0.06545298165137614,0
590,30.552,1790926307.8448,226.89223289489746,43.28489303588867,1,0,0.41686797293008315,0.3434216831269545,0.019678037613630295,0.011334212496876717,0.006303591443728602,0.011394452215632197,-23.887955409909434,6.867233082823291,35.32648621031158,passenger,1,2,2,0,0.46943870523415976,0.3947704081632653,0.06505160550458715,0
591,30.6047,1790926307.9151,191.66851043701172,26.4279842376709,1,0,0.4147776647623853,0.33420273688284735,0.021008053794503212,0.010761121287941933,0.0056296263002712866,0.011208400619488065,-24.225256104969596,7.045166056186251,35.35249269701664,passenger,1,2,2,0,0.4692665289256198,0.39700255102040816,0.06442087155963303,0
592,30.6686,1790926307.956,221.31109237670898,51.09763145446777,1,0,0.41300715940274424,0.34047037891443754,0.022284027189016342,0.023090217262506485,0.02031740206516409,0.010913456044608312,-23.81753774077859,6.63134748050047,35.603547389414814,passenger,1,2,2,0,0.4693526170798898,0.3988095238095238,0.06407683486238532,0
593,30.7082,1790926308.0129,200.17552375793457,31.223297119140625,1,0,0.41636497206777334,0.35210164002961,0.020719993859529495,0.027301864698529243,0.023514613637304223,0.010626386114130455,-23.936275102226745,6.434309210179575,35.603547389414814,passenger,1,1,2,0,0.4684917355371901,0.3991284013605442,0.06424885321100918,0
594,30.7656,1790926308.0587,200.17766952514648,22.66216278076172,1,0,0.4135239898315407,0.34209645493870033,0.021117640659213066,0.014532458037137985,0.013880396997770062,0.010127960812414762,-23.90411044708491,6.604991307803583,35.504975296826274,passenger,1,1,2,0,0.46681301652892565,0.3988095238095238,0.06401949541284403,0
595,30.8109,1790926308.1068,202.9275894165039,42.51289367675781,1,0,0.41365473818994536,0.33868784253213147,0.02109549008309841,0.024027513340115547,0.02529445363472492,0.00968204197559133,-23.926301038391095,6.699395989437094,35.504975296826274,passenger,1,1,2,0,0.46642561983471076,0.4020514455782313,0.0641915137614679,0
596,30.8602,1790926308.1555,205.00802993774414,24.579286575317383,1,0,0.4129869066644673,0.3375243765543132,0.020696282386779785,0.06994358450174332,0.04067913471491177,0.010361698734902051,-23.70701911455779,6.639112052575019,35.82067968422119,passenger,1,1,2,0,0.4658660468319559,0.4007759353741497,0.06404816513761467,0
597,30.9073,1790926308.1969,185.807466506958,18.34869384765625,1,0,0.41359722278257116,0.3397947485550045,0.020009398460388184,0.04635605961084366,0.03501901400808427,0.010718384490581594,-23.699350800390768,6.626416845205327,35.82067968422119,passenger,1,1,2,0,0.46461776859504134,0.4027954931972789,0.06410550458715597,0
598,30.9534,1790926308.2574,193.6330795288086,27.237892150878906,1,0,0.412127597518216,0.3386110047107793,0.01918240264058113,0.01231901440769434,0.012477650277388846,0.010679506835447723,-23.875499036601713,6.669544065370325,35.82067968422119,passenger,1,1,2,0,0.4635416666666667,0.40481505102040816,0.06453555045871559,0
599,31.0114,1790926308.3041,182.50584602355957,24.227619171142578,1,0,0.39759812085455226,0.35936123528173813,0.0221543051302433,0.015433209016919136,0.008498574568148386,0.010928991750209808,-21.96375234530152,7.2835965151809825,35.57609556719191,passenger,1,1,2,0,0.4629390495867769,0.4052402210884354,0.06465022935779817,0
600,31.0579,1790926308.3595,202.90374755859375,34.097909927368164,1,0,0.3786058729071039,0.48566521579778266,0.02424282766878605,0.030785975977778435,0.009417977384604915,0.01111185448717436,-18.090637388792942,8.293786377866116,32.07910165954346,passenger,1,1,2,0,0.46057162534435264,0.40438988095238093,0.0641915137614679,0
601,31.1134,1790926308.4022,193.8941478729248,29.059648513793945,1,0,0.3576116437954647,0.47703495389228223,0.025981314480304718,0.03455584496259689,0.007590108653805212,0.01134783881420058,-12.52126509140204,9.312931694593244,15.604858882146821,passenger,1,1,2,0,0.4602703168044077,0.4086415816326531,0.06462155963302753,0
602,31.1537,1790926308.4454,232.8031063079834,52.36482620239258,1,0,0.35151923243578787,0.5154509006436518,0.031820300966501236,0.03832262009382248,0.0020334292516260787,0.011647106880635406,-9.844036388521394,9.562060006299651,11.8763167453451,hazard_right,1,1,2,0,0.45979683195592286,0.40811011904761907,0.06427752293577982,0
603,31.2021,1790926308.5068,220.35980224609375,35.676002502441406,1,0,0.3422420823094394,0.5088028620746546,0.035935044288635254,0.0439193919301033,0.002686284138567472,0.011825221246979748,-6.8402485507812525,9.848553959912506,5.618182097491484,hazard_right,1,1,2,0,0.459495523415978,0.4067283163265306,0.06444954128440367,0
604,31.2602,1790926308.5456,241.7006492614746,46.55194282531738,1,0,0.3373620239405172,0.49331217130737914,0.037613581866025925,0.1201515719294548,0.02395887777234879,0.010917743347252654,-4.4909877937214,9.82775843389457,3.816371536601835,road,1,1,2,0,0.4573002754820937,0.40784438775510207,0.06404816513761467,0
605,31.298,1790926308.6174,204.24890518188477,29.85668182373047,1,0,0.33573845863253726,0.4940713077950327,0.03768860921263695,0.16295595467090607,0.03391083608876139,0.010803027835068799,-3.716879540070182,9.402071943166405,3.4869188561205036,road,1,1,2,0,0.4556215564738292,0.40757865646258506,0.06341743119266055,0
606,31.371,1790926308.6678,199.25642013549805,25.068283081054688,1,0,0.3313750344340647,0.5009458203150188,0.044212706387043,0.08397723734378815,0.014565053129648023,0.010784024574599283,-2.7830287881918863,10.020285453553008,2.763172140840304,road,1,1,2,0,0.4556215564738292,0.40837585034013607,0.06310206422018348,0
607,31.42,1790926308.7241,194.443941116333,31.30030632019043,1,0,0.3311405933154017,0.502159307695524,0.045077983289957047,0.06149325147271156,0.00846976569779914,0.010808362557632954,-2.5292891339458423,10.282834021576235,1.2648960174693258,road,1,1,2,0,0.45471763085399447,0.41028911564625853,0.0630447247706422,0
608,31.476,1790926308.7715,188.6751651763916,27.222156524658203,1,0,0.32576723825223014,0.5158830611450635,0.044814713299274445,0.04006720334291458,0.009624656204271862,0.010905563860990954,-2.1974218430108206,9.524457665076149,0.9264539996402661,road,1,1,2,0,0.4522210743801653,0.41177721088435376,0.06350344036697247,0
609,31.5233,1790926308.8144,179.29983139038086,20.404577255249023,1,0,0.326092427782286,0.5150594101088295,0.04266408085823059,0.13284724950790405,0.029939894595805205,0.011317503237908162,-1.985012015949283,9.305961895273118,-0.7895507790711633,road,1,1,2,0,0.4509727961432507,0.41209608843537415,0.06330275229357797,0
610,31.5669,1790926308.8645,193.99714469909668,28.99003028869629,1,0,0.3275720224976409,0.5180565924123177,0.04327205568552017,0.1492907702922821,0.03268567173113616,0.011564754635205671,-1.8971824597721725,9.192910592898567,-0.879870986301249,road,1,1,2,0,0.45127410468319556,0.4123086734693877,0.06341743119266055,0
611,31.6194,1790926308.9081,192.65365600585938,20.556926727294922,1,0,0.325156350908103,0.5123151462367148,0.044993460178375244,0.12717074155807495,0.027921389074074807,0.011390789058676158,-1.9423680506127945,9.316011739576465,-0.879870986301249,road,1,1,2,0,0.4504562672176309,0.4133184523809524,0.06344610091743119,0
612,31.6605,1790926308.968,192.2464370727539,34.24811363220215,1,0,0.324918331518142,0.5028129840724481,0.04633558541536331,0.08236979693174362,0.014067437264619374,0.011168312460424271,-2.0192044270689604,9.63825229107698,-0.6274294200346304,road,1,1,2,0,0.4512310606060606,0.4136904761904762,0.06330275229357797,0
613,31.7215,1790926309.0124,204.63252067565918,21.585941314697266,1,0,0.3230009930416837,0.5071904470507942,0.046252477914094925,0.06070093438029289,0.010992842028906043,0.01150733503859013,-2.0361472926050093,9.961620950536275,-0.011725134940228088,road,1,1,2,0,0.4504562672176309,0.4139030612244898,0.06293004587155963,0
614,31.7645,1790926309.0656,183.57014656066895,17.14181900024414,1,0,0.3231134543463284,0.503893609498901,0.04626047983765602,0.06783447414636612,0.016570774079628044,0.011235273757913224,-1.8349470629628624,9.825293281602008,0.16676427452230058,road,1,1,2,0,0.450025826446281,0.4147534013605442,0.0628440366972477,0
615,31.8224,1790926309.1175,200.73413848876953,24.255990982055664,1,0,0.3236841733516599,0.5004504460022083,0.04327072948217392,0.18043936789035797,0.03893711773501358,0.012245809480222702,-1.8790285643642883,9.608381888895341,0.16676427452230058,road,1,1,2,0,0.449982782369146,0.4144345238095238,0.06281536697247705,0
616,31.8707,1790926309.1549,197.71575927734375,18.442153930664062,1,0,0.3239464674975488,0.500686816493983,0.0434696264564991,0.1877364069223404,0.03905168098146399,0.012106108293342056,-1.832648420530066,9.503303028792311,0.501303092848346,road,1,1,2,0,0.450025826446281,0.4144876700680272,0.06218463302752293,0
617,31.9354,1790926309.2344,197.96061515808105,29.496431350708008,1,0,0.3230695103234206,0.49974648418357703,0.04614973068237305,0.1218351274728775,0.02303267517300681,0.011579577291314407,-1.8127872438731514,9.640296917737288,0.5646934478421244,road,1,1,2,0,0.4493371212121212,0.41347789115646255,0.06267201834862385,0
618,31.9864,1790926309.3104,171.69833183288574,25.707244873046875,1,0,0.32183586611718495,0.49887891442243837,0.04899013414978981,0.07153027504682541,0.007179250042424998,0.011769301456657427,-2.0803686483713903,9.89917439535721,0.583435642885604,road,1,1,2,0,0.44920798898071623,0.414593962585034,0.06272935779816513,0
619,32.0659,1790926309.3373,195.0070858001709,40.00258445739746,1,0,0.32201792954230024,0.5048542989397337,0.049161214381456375,0.05473598837852478,0.0066633714045306,0.01199060019150567,-2.0729641575959894,9.833544898704966,0.583435642885604,road,1,1,2,0,0.45080061983471076,0.41342474489795916,0.06287270642201835,0
620,32.0891,1790926309.3871,178.87520790100098,28.099536895751953,1,0,0.3218132494651653,0.502600972084051,0.049568627029657364,0.052926480770111084,0.0061408910082616005,0.011989227793458592,-2.085648338185796,9.863250867369574,0.5109824894087467,road,1,1,2,0,0.4512310606060606,0.414859693877551,0.06287270642201835,0
621,32.1399,1790926309.4273,173.92349243164062,18.260717391967773,1,0,0.3253086330416516,0.5053050638850154,0.04802364483475685,0.05300000309944153,0.007325212309460524,0.012000641716088107,-2.0194467598756427,9.636185161005699,0.26401325226424177,road,1,1,2,0,0.4509727961432507,0.4129464285714286,0.06336009174311927,0
622,32.1801,1790926309.4831,191.39885902404785,30.3499698638916,1,0,0.3267560849272192,0.50468618904717,0.04779752343893051,0.06753562390804291,0.01114312719995066,0.011558782743333676,-2.0378502449113243,9.607522030327084,0.25243441482112416,road,1,1,2,0,0.45080061983471076,0.4142219387755102,0.06341743119266055,0
623,32.2357,1790926309.5232,197.5398063659668,30.195236206054688,1,0,0.3249839788697454,0.5050055076866099,0.04981261491775513,0.07543236762285233,0.011522180870273598,0.011116108812895046,-2.008727825231863,9.58712852211752,0.1947006248802623,road,1,1,2,0,0.4510158402203857,0.41310586734693877,0.06301605504587156,0
624,32.276,1790926309.5814,201.17807388305664,31.81004524230957,1,0,0.3244307249151568,0.5034372632377159,0.05027647316455841,0.06481249630451202,0.007711468168313879,0.011293289146433834,-2.071728421956016,9.618327138991718,0.25243441482112416,road,1,1,2,0,0.4520058539944904,0.41204294217687076,0.06338876146788991,0
625,32.3342,1790926309.6277,200.01626014709473,21.622180938720703,1,0,0.3230513046644527,0.5024347611226223,0.051170580089092255,0.056309301406145096,0.0019162436640939283,0.011173575367570524,-2.208982828424657,9.944302767816309,0.41165809345553583,road,1,1,2,0,0.453254132231405,0.4106611394557823,0.0632454128440367,0
626,32.3802,1790926309.673,206.9852352142334,42.891740798950195,1,0,0.32315055026619477,0.5033869010817286,0.050254445523023605,0.04671930894255638,0.0026329041097951957,0.011560693950485054,-2.186163049374556,10.005461849113766,0.5121577235123311,road,1,1,2,0,0.45454545454545453,0.4106611394557823,0.06353211009174312,0
627,32.4247,1790926309.7344,190.54007530212402,32.31453895568848,1,0,0.3214946991998508,0.5027051712316498,0.05298452079296112,0.03449004143476486,0.0018042527854159349,0.011855953564402123,-2.081206519759334,9.95208235736714,0.5121577235123311,road,1,1,2,0,0.45583677685950413,0.4098107993197279,0.0630447247706422,0
628,32.4864,1790926309.7716,219.15054321289062,51.7573356628418,1,0,0.32078105757110315,0.5025711224899412,0.051026005297899246,0.1379026472568512,0.027786242526657193,0.012076650703827161,-1.9532122715545555,9.537564726337603,0.4963542574623503,road,1,1,2,0,0.45519111570247933,0.40821641156462585,0.06330275229357797,0
629,32.5238,1790926309.8277,197.78203964233398,34.72423553466797,1,0,0.32152654062666136,0.5021390382252653,0.04993297532200813,0.11290857195854187,0.021177080654928824,0.01172594343483304,-2.02905382545382,9.82435314927459,0.4963542574623503,road,1,1,2,0,0.456267217630854,0.4076318027210884,0.06344610091743119,0
630,32.5794,1790926309.869,183.9008331298828,24.379253387451172,1,0,0.32461437361233336,0.5030806125253289,0.04802317172288895,0.06845454126596451,0.006742840983270243,0.01121135340083194,-2.159831272909183,9.851267985740112,0.5123581705076106,road,1,1,2,0,0.4569559228650138,0.40784438775510207,0.06404816513761467,0
631,32.6209,1790926309.9188,202.30364799499512,33.942222595214844,1,0,0.3254070653836752,0.5052244509908322,0.047591112554073334,0.050798628479242325,0.0027447451604394385,0.011047739934210026,-2.2471518530282144,9.959819657226765,0.5123581705076106,road,1,1,2,0,0.4576876721763085,0.4077912414965986,0.06422018348623854,0
632,32.6723,1790926309.9666,190.31620025634766,34.19327735900879,1,0,0.32436980327657305,0.5046136004835642,0.0474172867834568,0.046775639057159424,0.0014958159974121261,0.011337593329343573,-2.31326522327817,10.115637290439166,0.4892102443886799,road,1,1,2,0,0.46065771349862256,0.40720663265306123,0.06436353211009174,0
633,32.7196,1790926310.0109,225.97479820251465,26.889801025390625,1,0,0.32491607641933495,0.5044472206127654,0.046922970563173294,0.04356267303228378,0.0011214377864854532,0.011332482517567759,-2.336196221999815,10.12623445270586,0.4892102443886799,road,1,1,2,0,0.4603133608815427,0.4077380952380953,0.06370412844036698,0
634,32.7636,1790926310.0695,204.12802696228027,25.266408920288086,1,0,0.3248984330239869,0.5047543698172375,0.04646410420536995,0.04237831383943558,0.0009119017732938325,0.011579220371530254,-2.363024057722075,10.131320243540316,0.5158429643255857,road,1,1,2,0,0.45979683195592286,0.40768494897959184,0.0648795871559633,0
635,32.8236,1790926310.1075,234.7586154937744,47.865867614746094,1,0,0.32470542486955845,0.5046183995855502,0.04560770466923714,0.04179927706718445,0.0007742972715212199,0.010168179517021725,-2.3988886344444476,10.140400974527445,0.5257463593964644,road,1,1,2,0,0.45975378787878785,0.40922619047619047,0.06387614678899083,0
636,32.8865,1790926310.1948,207.78465270996094,20.014524459838867,1,0,0.324818370732445,0.504779394423353,0.04521846026182175,0.04146847128868103,0.0008027124467757963,0.007722487577972089,-2.4235288757458093,10.145813108527415,0.5599499773682339,road,1,1,2,0,0.46121728650137744,0.40534651360544216,0.06467889908256881,0
637,32.9463,1790926310.2726,192.35754013061523,43.42079162597656,1,0,0.32499784968940415,0.5055874027013156,0.044988229870796204,0.04121462255716324,0.0008379664938565026,0.006973593044137661,-2.440478705803804,10.161266816012047,0.5599499773682339,road,1,1,2,0,0.4617768595041322,0.40465561224489793,0.06407683486238532,0
638,33.025,1790926310.2871,217.37265586853027,27.04024314880371,1,0,0.32449407088967497,0.5052121390366211,0.04515473544597626,0.0414222814142704,0.0008967569349111554,0.00707318029850329,-2.456039717598426,10.17762685873134,0.5452085680915957,road,1,1,2,0,0.4632834022038568,0.4055590986394558,0.06453555045871559,0
639,33.075,1790926310.3638,215.3794765472412,25.58302879333496,1,0,0.32434241915824386,0.5058064535611527,0.04505186155438423,0.041383981704711914,0.000925745733053281,0.007160635409121788,-2.4651303354280487,10.185675776603047,0.4928889337227318,road,1,1,2,0,0.4635416666666667,0.40529336734693877,0.06476490825688073,0
640,33.116,1790926310.4503,169.769287109375,20.720958709716797,1,0,0.3243173659925257,0.5064003456028162,0.044990506023168564,0.04111699014902115,0.0009594340161447276,0.007237682321871296,-2.474378208208638,10.202169797019295,0.49041795148386313,road,1,1,2,0,0.46194903581267216,0.4067283163265306,0.0648795871559633,0
641,33.2027,1790926310.4598,222.57232666015625,31.787395477294922,1,0,0.32429671355020945,0.5063708957953228,0.045339103788137436,0.042018160223960876,0.001004616188985191,0.007351075384355276,-2.4519384224562164,10.222843613619096,0.4358025055890735,road,1,1,2,0,0.462637741046832,0.40534651360544216,0.0648795871559633,0
642,33.2531,1790926310.5463,235.5327606201172,36.597251892089844,1,0,0.32442267378551937,0.508321670259078,0.044496357440948486,0.0418969951570034,0.0010188581067647317,0.007228855977110705,-2.477095299296035,10.199267190013686,0.420221231525602,road,1,1,2,0,0.4636277548209366,0.40454931972789115,0.06505160550458715,0
643,33.2981,1790926310.6272,190.6297206878662,31.30316734313965,1,0,0.3238405933220523,0.5077136443609042,0.04466623067855835,0.04200821742415428,0.0010266451672859061,0.007220938396738982,-2.47671156299949,10.205798526741704,0.29995485046247694,road,1,1,2,0,0.4636707988980716,0.40534651360544216,0.06516628440366973,0
644,33.3798,1790926310.6396,256.08134269714355,51.96499824523926,1,0,0.32513021276125614,0.5105896140171156,0.04352178797125816,0.04129355773329735,0.0011061556700953552,0.007235673071552199,-2.4901722991956,10.221228247068607,0.23648106921869783,road,1,1,2,0,0.4643164600550964,0.4041772959183674,0.06456422018348623,0
645,33.4347,1790926310.7317,212.4185562133789,36.68785095214844,1,0,0.32480652160843776,0.5105043066057737,0.04440339654684067,0.03689946234226227,0.006636650768147023,0.007427534321056801,-2.2060062132137035,9.826587809197239,0.009412927626058831,road,1,1,2,0,0.46311122589531684,0.405452806122449,0.06525229357798165,0
646,33.483,1790926310.8011,166.87703132629395,22.44281768798828,1,0,0.3221752078172087,0.5064513656767446,0.046157773584127426,0.04375786334276199,0.006393345921821578,0.007244074239763639,-2.1970584451098065,9.899957005532768,0.009412927626058831,road,1,1,2,0,0.4634986225895317,0.40465561224489793,0.0643348623853211,0
647,33.5555,1790926310.8285,224.365234375,29.851436614990234,1,0,0.32222013739004696,0.505017363692017,0.04737032577395439,0.04436182230710983,0.006080658250528787,0.0022666937858675526,-2.128377687204405,9.953499606169455,0.1997047237069367,road,1,1,2,0,0.4622503443526171,0.4048681972789116,0.06496559633027522,0
648,33.5822,1790926310.878,202.05307006835938,28.757333755493164,1,0,0.3218353048076238,0.5037815935206054,0.046844225376844406,0.05024058744311333,0.008496928947675208,0.0024828149881412228,-2.101670725456164,9.851323444993588,0.2930117819047595,road,1,1,2,0,0.4628099173553719,0.4049744897959184,0.06442087155963303,0
649,33.6318,1790926310.9271,206.21037483215332,29.35504913330078,1,0,0.32177277967595,0.5006290876531625,0.045625004917383194,0.09412023425102234,0.016165407948499726,0.00401572066566356,-2.049355986039024,10.015247363468482,0.40044512458464965,road,1,1,2,0,0.4627238292011019,0.40593112244897955,0.06493692660550458,0
650,33.6807,1790926310.9831,186.23089790344238,24.61099624633789,1,0,0.3220659501901713,0.4993532800391735,0.046000223606824875,0.0845787450671196,0.014007094471249003,0.00469499889328845,-2.0396944439456304,9.980775260507334,0.6876721648824784,road,1,1,2,0,0.46285296143250687,0.4058779761904762,0.06439220183486238,0
651,33.7357,1790926311.0205,215.32893180847168,54.10599708557129,1,0,0.3220109104026495,0.49883993880874417,0.045587752014398575,0.06536645442247391,0.00953034242537674,0.004817743890658206,-2.255497792445799,10.233298582577032,0.8134888684016985,road,1,1,2,0,0.46311122589531684,0.40508078231292516,0.06436353211009174,0
652,33.7719,1790926311.0741,193.21155548095703,32.69481658935547,1,0,0.3219881099480576,0.5000347727567312,0.044462140649557114,0.06320919841527939,0.011193456069345029,0.004987534624338779,-2.203578138610347,10.198286937198514,0.8783477595792633,road,1,1,2,0,0.462379476584022,0.40508078231292516,0.06410550458715597,0
653,33.8269,1790926311.1148,201.34329795837402,21.56543731689453,1,0,0.32090293007380644,0.4988479029527706,0.04152777045965195,0.12946663796901703,0.02992173691354155,0.007493467587469579,-2.099874020264559,9.766343910820249,0.916584813958714,road,1,1,2,0,0.46169077134986225,0.4051339285714286,0.06427752293577982,0
654,33.8671,1790926311.1674,218.6570167541504,37.46438026428223,1,0,0.32093797060477813,0.49870557704249685,0.04152601584792137,0.1277526170015335,0.02887659414320526,0.008840948663281872,-1.9062616391227725,9.566926719190569,0.8783477595792633,road,1,1,2,0,0.46078684573002754,0.4064094387755102,0.06447821100917431,0
655,33.9201,1790926311.2197,220.16382217407227,29.24060821533203,1,0,0.3189914818184415,0.4988050645772072,0.0479220487177372,0.07404074817895889,0.011981111647669514,0.008735157849886056,-2.12821595411416,9.96190614177494,0.916584813958714,road,1,1,2,0,0.46014118457300274,0.40880102040816324,0.0641915137614679,0
656,33.9726,1790926311.2685,229.30622100830078,56.93197250366211,1,0,0.32167596301329276,0.5055343148730211,0.04812902584671974,0.04540330544114113,0.011278803695965215,0.008577554854930336,-2.0540489789711347,9.92384354758495,0.7704215808235944,road,1,1,2,0,0.4597107438016529,0.40720663265306123,0.06424885321100918,0
657,34.0236,1790926311.3323,200.26421546936035,22.772550582885742,1,0,0.3233889045690994,0.5111710539080762,0.041891030967235565,0.17127783596515656,0.03738529197009838,0.010424296541623093,-3.9358107584897772,9.805279870542257,0.9446613466216149,road,1,1,2,0,0.45940943526170797,0.4061437074829932,0.0637901376146789,0
658,34.0859,1790926311.3751,235.2917194366455,49.54051971435547,1,0,0.339155185307218,0.3377456863886942,0.03472672402858734,0.06828765571117401,0.019709601386089577,0.01037975969939299,-9.968281484568257,9.381395577424215,1.1512575521410469,road,1,1,2,0,0.45979683195592286,0.4069409013605442,0.06361811926605505,0
659,34.1277,1790926311.4348,201.59244537353516,24.9936580657959,1,0,0.348924278743764,0.3683601655558091,0.03611426055431366,0.027852673083543777,0.008003302643882246,0.01011094442108743,-13.72182338940179,9.186016684321922,24.277224130965976,road,1,1,2,0,0.459280303030303,0.4066751700680272,0.06401949541284403,0
660,34.1877,1790926311.4801,210.08920669555664,23.31066131591797,1,0,0.3675999535579457,0.3614717950575058,0.03509551286697388,0.016044842079281807,0.007281797848043901,0.00991061778760813,-18.0107731683751,8.808918873418575,24.36609743867688,hazard_right,1,1,2,0,0.4556646005509642,0.4071003401360544,0.06350344036697247,0
661,34.2332,1790926311.5223,198.72117042541504,25.290727615356445,1,0,0.3751217070288321,0.3226474369977309,0.03266289457678795,0.017177384346723557,0.017372830092219557,0.009653313462264838,-20.222870361735765,8.039429794004326,28.568575623489984,hazard_right,1,1,2,0,0.4556215564738292,0.40795068027210885,0.0636467889908257,0
662,34.2762,1790926311.5834,208.21046829223633,25.85291862487793,1,0,0.3843119253559596,0.31600992768781927,0.031307753175497055,0.015034408308565617,0.011556990925128813,0.009283307834021962,-21.436784715742846,7.171259149293265,34.482545874913626,passenger,1,1,2,0,0.45618112947658407,0.4076318027210884,0.06350344036697247,0
663,34.3356,1790926311.6272,249.23300743103027,52.28543281555176,1,0,0.3949360336941008,0.32353620598944355,0.029829487204551697,0.014933851547539234,0.007988827905989402,0.008944649040704553,-22.8334621327887,7.642553941659595,36.18898387466831,passenger,1,1,2,0,0.4568698347107438,0.4091730442176871,0.06336009174311927,0
664,34.3809,1790926311.6947,213.86194229125977,29.02841567993164,1,0,0.4026045280406011,0.3216386660653395,0.025251371785998344,0.02228875271975994,0.02326121406567479,0.00870380457929171,-22.983524935172714,7.066674997935801,36.5614493544728,passenger,1,1,2,0,0.45519111570247933,0.4083227040816326,0.06307339449541284,0
665,34.448,1790926311.742,217.41104125976562,23.755788803100586,1,0,0.4081035790556082,0.34940903795790207,0.02130177989602089,0.02668893337249756,0.024778704786580816,0.008765908852681116,-22.934334513394187,6.728179849887622,36.5614493544728,passenger,1,1,2,0,0.45506198347107435,0.4092793367346939,0.06313073394495414,0
666,34.4958,1790926311.8117,220.4883098602295,32.72700309753418,1,0,0.41033658277791074,0.3314669354226336,0.020602483302354813,0.012290703132748604,0.010107501162052298,0.008607589160696866,-23.714929902148487,6.815825022539533,36.46279857374259,passenger,1,1,2,0,0.4547606749311294,0.41087372448979587,0.06295871559633028,0
667,34.5657,1790926311.8631,209.2912197113037,23.604154586791992,1,0,0.41288630351465105,0.32053802198992937,0.02277759276330471,0.009955821558833122,0.010973208085196634,0.008396270628088875,-24.33285426849188,7.134919749954034,36.46279857374259,passenger,1,1,2,0,0.45368457300275483,0.41087372448979587,0.06321674311926606,0
668,34.6154,1790926311.9127,211.89427375793457,41.27645492553711,1,0,0.416829090695591,0.34608878760795286,0.02155032940208912,0.02582898922264576,0.01948415014795742,0.00824589745794161,-24.511783533756272,6.758906295245257,36.46279857374259,passenger,1,1,2,0,0.45351239669421484,0.4110331632653061,0.06298738532110092,0
669,34.6752,1790926311.9775,212.11981773376465,28.298616409301758,1,0,0.4091258014346868,0.36243938149837934,0.02311805449426174,0.015474424697458744,0.01019877735214154,0.008361285298122955,-24.148484632618445,6.703099777068765,35.591722797182086,passenger,1,1,2,0,0.45316804407713496,0.41087372448979587,0.06347477064220183,0
670,34.7301,1790926312.0221,229.7217845916748,45.68314552307129,1,0,0.40899999430213907,0.35106885411364835,0.022731222212314606,0.010925102047622204,0.005007630670679538,0.008704696353157093,-24.25025667737614,7.045924383815865,34.851618167475664,passenger,1,1,2,0,0.45243629476584024,0.41082057823129253,0.06321674311926606,0
671,34.7736,1790926312.0784,205.2900791168213,32.87911415100098,1,0,0.40764921013441413,0.33520598949816877,0.024332743138074875,0.008827180601656437,0.005450506687346486,0.009067029031446117,-24.145205231620427,7.0308544138701725,34.851618167475664,passenger,1,1,2,0,0.45420110192837465,0.40933248299319724,0.06327408256880734,0
672,34.832,1790926312.1236,209.4869613647461,27.054548263549805,1,0,0.40809170951192386,0.33490111978848763,0.02138117142021656,0.054945338517427444,0.03397713160782651,0.009436629853927703,-23.674038086808817,7.703050993872085,36.0684654649602,passenger,1,1,2,0,0.4550189393939394,0.4106611394557823,0.06370412844036698,0
673,34.8762,1790926312.1846,206.49123191833496,27.054786682128906,1,0,0.4062094480029551,0.34054458638689994,0.022255921736359596,0.030695930123329163,0.026314227259213566,0.009268970608658207,-23.544788115021987,7.268495454903408,36.0684654649602,passenger,1,1,2,0,0.45510502754820936,0.4098107993197279,0.06310206422018348,0
674,34.937,1790926312.2292,211.72285079956055,27.0388126373291,1,0,0.4042467277482956,0.34915762429411723,0.02284848317503929,0.009876805357635021,0.007078533447552414,0.009441130814361449,-23.773623467072245,6.61453762451127,35.3688194222015,passenger,1,1,2,0,0.4555785123966942,0.40853528911564624,0.06404816513761467,0
675,34.9828,1790926312.2752,193.71962547302246,21.96502685546875,1,0,0.40400907015413057,0.33209380399314825,0.023765578866004944,0.00878868531435728,0.005810119824479354,0.009650810655245355,-24.043380379808557,6.910233468880721,35.3688194222015,passenger,1,1,2,0,0.4546745867768595,0.4072597789115646,0.06327408256880734,0
676,35.0289,1790926312.3394,205.82103729248047,25.97641944885254,1,0,0.4052590868933301,0.3336949114818983,0.02310357056558132,0.018569260835647583,0.015801607359656994,0.008143325315480607,-24.059009337151515,6.832028747652685,36.51533546465946,passenger,1,1,2,0,0.4557076446280992,0.4091730442176871,0.06347477064220183,0
677,35.0916,1790926312.3795,206.7546844482422,23.012161254882812,1,0,0.40740476495367667,0.33481255847680436,0.023004867136478424,0.02716658264398575,0.02280829941748037,0.008281515903144111,-23.967768676775613,6.724113513180366,36.51533546465946,passenger,1,1,2,0,0.4580320247933884,0.4086415816326531,0.06333142201834861,0
678,35.1307,1790926312.4439,194.6249008178711,40.56382179260254,1,0,0.4079399212616661,0.33442429475173285,0.02185826189815998,0.022240500897169113,0.018372971043927155,0.00818429202393497,-23.91558045654573,6.756364884619122,36.32215669494602,passenger,1,1,2,0,0.46057162534435264,0.4066220238095238,0.06427752293577982,0
679,35.201,1790926312.4928,221.7721939086914,32.49835968017578,1,0,0.4055425071687089,0.33601712077120244,0.022447150200605392,0.01108855102211237,0.0057467277138813465,0.00826653458447346,-24.037082411019245,6.288170559630022,36.3194692980908,passenger,1,1,2,0,0.4599690082644628,0.40720663265306123,0.06424885321100918,0
680,35.2455,1790926312.5368,231.1077117919922,52.829742431640625,1,0,0.4062868256064336,0.3328810858285114,0.023444654420018196,0.008309192955493927,0.003099042015185959,0.008642865039315663,-24.3563145965243,6.660443660930157,36.3194692980908,passenger,1,1,2,0,0.46121728650137744,0.40720663265306123,0.06410550458715597,0
681,35.2905,1790926312.5931,216.11642837524414,31.728506088256836,1,0,0.4074376897185171,0.33675845000379595,0.023855986073613167,0.02000328339636326,0.015235552438091172,0.008625012735011792,-24.32550764070664,6.6737900330467435,36.41565488476196,passenger,1,1,2,0,0.4617768595041322,0.40502763605442177,0.06404816513761467,0
682,35.3451,1790926312.6409,191.36381149291992,18.94068717956543,1,0,0.4133930835567283,0.3454964531886065,0.021011918783187866,0.034520335495471954,0.023146995938735558,0.008706013817558459,-24.156088697828885,6.867900829013024,36.41565488476196,passenger,1,1,2,0,0.462637741046832,0.4057716836734694,0.06465022935779817,0
683,35.394,1790926312.705,207.16333389282227,42.07181930541992,1,0,0.4129092320058816,0.3459095606779158,0.02056419663131237,0.029251644387841225,0.02086848190453368,0.008603564937805832,-24.10625443468674,6.931794256283211,35.35791246075402,passenger,1,1,2,0,0.46448863636363635,0.40300807823129253,0.06430619266055046,0
684,35.4591,1790926312.7531,207.4449062347412,36.70930862426758,1,0,0.40773538463228975,0.34021126551349934,0.021650955080986023,0.011088215745985508,0.003727295243902872,0.008623384184188919,-24.456337133121632,6.543034960003836,35.35791246075402,passenger,1,1,2,0,0.4662964876033058,0.40061649659863946,0.06416284403669725,0
685,35.5063,1790926312.8013,188.6117458343506,25.016069412231445,1,0,0.4041779053659934,0.3280638649114861,0.02424774318933487,0.009523223154246807,0.003810830997163995,0.008878190794998013,-24.43206995620269,6.604139565621762,36.16224831803467,passenger,1,1,2,0,0.4666408402203857,0.3991284013605442,0.06439220183486238,0
686,35.555,1790926312.8551,215.7444953918457,26.987314224243164,1,0,0.4039797418663653,0.3281707284271686,0.025097467005252838,0.0107131227850914,0.004722081807188478,0.008863364470792634,-24.47915743695937,6.695755413242625,37.41654188650094,passenger,1,1,2,0,0.4675017217630854,0.398703231292517,0.06442087155963303,0
687,35.6065,1790926312.8983,208.29367637634277,25.609970092773438,1,0,0.4061592027393751,0.32448078874053055,0.02332925982773304,0.018304284662008286,0.01723285752638382,0.008893850959858758,-24.2606123549314,6.566774362851336,37.444509239905145,passenger,1,1,2,0,0.4690513085399449,0.39599277210884354,0.06453555045871559,0
688,35.6515,1790926312.9633,215.667724609375,29.538393020629883,1,0,0.407408021091468,0.3231027150620577,0.022126050665974617,0.020906420424580574,0.019622098046211654,0.008898623017752466,-24.168640410207413,6.565195625449361,37.649810431672876,passenger,1,1,2,0,0.46857782369146006,0.3943452380952381,0.06496559633027522,0
689,35.7189,1790926313.0188,211.50898933410645,24.602413177490234,1,0,0.40800998958448065,0.3244457595330251,0.020932624116539955,0.0185093954205513,0.01649454901442169,0.008891109047145108,-24.103740143479058,6.650127150767247,37.649810431672876,passenger,1,1,2,0,0.46982610192837465,0.3923788265306123,0.06502293577981651,0
690,35.7717,1790926313.0638,220.60561180114746,47.02353477478027,1,0,0.40758518368866214,0.3273305374397872,0.02038511261343956,0.010600538924336433,0.00606213805595901,0.00884230149243132,-24.223751044476202,6.525529017414558,37.52295958774714,passenger,1,1,2,0,0.47047176308539945,0.3896152210884354,0.06485091743119266,0
691,35.817,1790926313.1218,214.68424797058105,36.63277626037598,1,0,0.40401666155867044,0.3254372571999453,0.022028138861060143,0.00951073132455349,0.004488660743938471,0.008889902189896418,-24.273775163808743,6.654359627134615,37.52295958774714,passenger,1,1,2,0,0.4699982782369146,0.3885522959183674,0.0654243119266055,0
692,35.8759,1790926313.1679,190.2930736541748,20.71857452392578,1,0,0.40456235641251737,0.3269614968759992,0.022788988426327705,0.009565834887325764,0.0038851832325550698,0.007815894001666605,-24.28309291343237,6.8466765896442885,37.40824366646212,passenger,1,1,2,0,0.4693956611570248,0.38812712585034015,0.06536697247706422,0
693,35.9201,1790926313.2251,220.02696990966797,34.93666648864746,1,0,0.4043813447501149,0.32741423388957747,0.022125739604234695,0.008680994622409344,0.0033782494613533633,0.007330845036187252,-24.257661027165028,6.797225099004809,37.40824366646212,passenger,1,1,2,0,0.4699121900826446,0.38472576530612246,0.06545298165137614,0
694,35.979,1790926313.2729,200.29449462890625,24.382352828979492,1,1,0.10890580571274505,0.4282602451976677,0.5101937651634216,0.007527679204940796,0.0011689997538451113,0.007599911463713582,-24.35320421544526,6.388142101985376,37.40824366646212,passenger,1,1,2,0,0.4659521349862259,0.38185586734693877,0.06536697247706422,0
695,36.0254,1790926313.3238,225.1429557800293,23.821592330932617,1,1,0.1517957262797474,0.39138955983673895,0.41793930530548096,0.008489475585520267,0.0006498853323507997,0.007847613300329454,-24.243153424880507,6.058890019416054,37.40824366646212,passenger,1,1,2,0,0.46883608815426997,0.3845663265306123,0.065625,0
696,36.08,1790926313.3838,213.3040428161621,29.314517974853516,1,0,0.329791282630001,0.3571541580249561,0.06311311572790146,0.007733211386948824,0.0008301087693259495,0.008019900245404683,-24.259396083970966,6.306144648636219,37.33958256237308,passenger,1,1,2,0,0.4684056473829201,0.38164328231292516,0.06533830275229359,0
697,36.1376,1790926313.4358,229.7041416168213,55.08589744567871,1,0,0.3827548362181403,0.3357687864716772,0.03135388717055321,0.007614155765622854,0.0011033152709567322,0.007500795935090861,-24.311688617520538,6.3457408672791145,36.50799057897352,passenger,1,1,2,0,0.46745867768595045,0.3825999149659864,0.06551032110091742,0
698,36.1883,1790926313.4973,218.19686889648438,34.28483009338379,1,0,0.39610670418673655,0.3278172183463734,0.027191774919629097,0.00751887820661068,0.0013295338620997823,0.007461429779173925,-24.324837027908814,6.3038490533867515,36.50799057897352,passenger,1,1,2,0,0.46724345730027544,0.37999574829931976,0.06496559633027522,0
699,36.2505,1790926313.5408,241.621732711792,50.58932304382324,1,0,0.3905426017651327,0.35764439739895665,0.0237679872661829,0.013313408941030502,0.001392826177660813,0.007705658623179396,-21.394041913731815,6.798515256284397,36.50799057897352,passenger,1,1,2,0,0.46569387052341593,0.3777636054421769,0.06485091743119266,0
700,36.2938,1790926313.607,210.0687026977539,30.13134002685547,1,0,0.36640066054358833,0.46396427632240184,0.028692547231912613,0.0209526177495718,0.004434876622932135,0.007536378033726319,-16.73494242731535,7.306495668326308,31.785199969181694,passenger,1,1,2,0,0.4639290633608815,0.37670068027210885,0.06530963302752295,0
701,36.3597,1790926313.6564,204.6186923980713,23.87833595275879,1,0,0.34873896342028243,0.5076901245797641,0.03132825717329979,0.0801851823925972,0.018686766614024245,0.007095076922786528,-10.974819012266742,8.702640535922123,16.75367496860143,passenger,1,1,2,0,0.465650826446281,0.37287414965986393,0.06565366972477064,0
702,36.4093,1790926313.713,206.3581943511963,43.71142387390137,1,0,0.34129305996094145,0.487796428345046,0.03334013745188713,0.08348333835601807,0.013648924765210676,0.006514226378140134,-8.023771403534706,9.200240545087464,7.373301349544938,hazard_right,1,1,2,0,0.46668388429752067,0.37228954081632654,0.06530963302752295,0
703,36.4666,1790926313.7606,203.5994529724121,25.427818298339844,1,0,0.3377744917418565,0.4961274580595964,0.0360538512468338,0.0832090899348259,0.009891919524592471,0.006513259125296671,-6.073139011748319,10.255490181232723,7.005085940200168,hazard_right,1,1,2,0,0.4651773415977961,0.3714392006802721,0.06525229357798165,0
704,36.5131,1790926313.8109,219.62833404541016,51.261186599731445,1,0,0.33766913924863673,0.4903158726756658,0.0356193371117115,0.06077539920806885,0.007514605549570736,0.006470439509219144,-4.303192086273601,10.74604755801839,4.50797786666201,hazard_right,1,1,2,0,0.46603822314049587,0.3723426870748299,0.06510894495412844,0
705,36.5655,1790926313.8677,220.57771682739258,24.671077728271484,1,0,0.33210924523729934,0.5116050139382095,0.03901969641447067,0.053483664989471436,0.011490768581712947,0.006511170272892098,-3.1088797157509123,9.920920906237383,3.645029497492395,road,1,1,2,0,0.4660812672176309,0.37053571428571425,0.06525229357798165,0
706,36.6202,1790926313.9113,246.65260314941406,51.98979377746582,1,0,0.3335984413880466,0.5056459569604417,0.03688318282365799,0.15308359265327454,0.03507619848349376,0.0087447974661939,-2.4701694242154666,9.369740407101764,0.5114497797893236,road,1,1,2,0,0.4658230027548209,0.37042942176870747,0.06536697247706422,0
707,36.6651,1790926313.9808,209.88941192626953,33.22625160217285,1,0,0.3334185605821229,0.5083341897115203,0.038294341415166855,0.2162107676267624,0.04626762536429437,0.011963245959986839,-2.270553512191648,8.832434143456227,0.4176764332203362,road,1,1,2,0,0.46681301652892565,0.36809098639455784,0.06525229357798165,0
708,36.734,1790926314.0234,243.19696426391602,47.77884483337402,1,0,0.33102598230064356,0.5121355497727933,0.04095200076699257,0.15517891943454742,0.033908942568827205,0.013052131920768366,-1.9544319443378246,9.182603942191271,0.06331376140595779,road,1,1,2,0,0.46612431129476584,0.36862244897959184,0.06573967889908257,0
709,36.7779,1790926314.0873,208.08744430541992,31.322717666625977,1,0,0.33140049475116207,0.509930441493728,0.04365885257720947,0.08984380960464478,0.014795232225733588,0.013030927870075282,-2.083855419945893,9.585126643994117,-0.2595051067646921,road,1,1,2,0,0.4671143250688706,0.3687287414965986,0.06505160550458715,0
710,36.8405,1790926314.1357,208.3597183227539,27.505874633789062,1,0,0.3288426039117076,0.5180857086431763,0.042240552604198456,0.08586970716714859,0.015777088015591495,0.012965824929968828,-2.004609052356435,9.408880105655967,-0.5985486531714201,road,1,1,2,0,0.46827651515151514,0.36660289115646255,0.0654243119266055,0
711,36.8871,1790926314.1861,217.52357482910156,47.361135482788086,1,0,0.32602944369664055,0.5111567258281773,0.04183925315737724,0.1178269237279892,0.02767640688548532,0.013280739772565707,-2.051475839188888,9.275012160625087,-0.41510636726294337,road,1,1,2,0,0.46831955922865015,0.3651147959183674,0.065625,0
712,36.9443,1790926314.2412,197.46804237365723,28.898000717163086,1,0,0.3259277503687651,0.5057470911910787,0.04110896959900856,0.1854989230632782,0.0402880701742367,0.014370446201896559,-1.9287450554220262,9.080489365216065,-0.41510636726294337,road,1,1,2,0,0.4690513085399449,0.36495535714285715,0.06565366972477064,0
713,36.9932,1790926314.2831,235.56900024414062,50.06265640258789,1,0,0.3254850992034549,0.5024834687718769,0.04174867272377014,0.15673615038394928,0.033923119701573086,0.014565268908093985,-1.7838143920033251,9.119714513772285,0.05034497945853644,road,1,1,2,0,0.4690943526170799,0.36394557823129253,0.06573967889908257,0
714,37.0362,1790926314.3505,209.6872329711914,32.27972984313965,1,0,0.32438816028138107,0.4996496450693465,0.0439612939953804,0.09627799689769745,0.014386757444682858,0.01407985291797693,-1.9230476250854367,9.678482015977712,0.2721687937527335,road,1,1,2,0,0.46866391184573003,0.3643176020408163,0.06588302752293579,0
715,37.1033,1790926314.3968,206.97760581970215,24.903535842895508,1,0,0.3247404641217032,0.5047296954790568,0.04452032595872879,0.05846609175205231,0.012237027263573279,0.013591135968567463,-1.8578096339186274,9.812293697856674,0.2721687937527335,road,1,1,2,0,0.46961088154269975,0.36468962585034015,0.06525229357798165,0
716,37.1495,1790926314.4515,215.6229019165039,51.72109603881836,1,0,0.32599708973908526,0.5051934128803695,0.04138992354273796,0.11906901001930237,0.02549981358951522,0.013067405246554675,-1.8647995644464581,9.816232596683188,0.0980663970242901,road,1,1,2,0,0.46797520661157027,0.3640518707482993,0.06591169724770642,0
717,37.2061,1790926314.5025,208.52136611938477,25.08854866027832,1,0,0.32533658625022716,0.5037988243676971,0.04433553293347359,0.10165441036224365,0.02166393089595411,0.012358685629378285,-1.836022765380032,9.712695621430537,0.0980663970242901,road,1,1,2,0,0.46892217630853994,0.3645833333333333,0.06585435779816515,0
718,37.2554,1790926314.5487,218.07074546813965,36.531925201416016,1,0,0.32332938761656127,0.502789229554131,0.0482451431453228,0.06410664319992065,0.00919318290592494,0.011837349027128016,-1.962286011000993,9.989583015006433,0.17760401532852654,road,1,1,2,0,0.46870695592286504,0.3645833333333333,0.06585435779816515,0
719,37.3037,1790926314.6139,202.5766372680664,33.43391418457031,1,0,0.32409516770274455,0.5044599354184685,0.048645101487636566,0.05468868091702461,0.0070761305621652075,0.011657776051510802,-1.9640851256400507,9.993103582793205,0.21479605564113058,road,1,1,2,0,0.468620867768595,0.3659119897959184,0.0659690366972477,0
720,37.3662,1790926314.6564,239.23563957214355,59.82089042663574,1,0,0.32334202388514344,0.5045671518405652,0.04928778111934662,0.08218885213136673,0.013802784615455829,0.011759354221987171,-1.9590398865802316,9.806087384545217,0.21479605564113058,road,1,1,2,0,0.46767389807162535,0.36809098639455784,0.06608371559633028,0
721,37.409,1790926314.7159,213.18912506103516,34.4843864440918,1,0,0.32252486193920393,0.5045146969028869,0.050137411803007126,0.09096693247556686,0.014382486417187116,0.01154512910632434,-1.9460428192330506,9.903352671293932,0.19934917808669184,road,1,1,2,0,0.4665977961432507,0.36931335034013607,0.06559633027522936,0
722,37.469,1790926314.7592,219.2380428314209,25.46548843383789,1,0,0.3219585225640904,0.5032482359876901,0.051227353513240814,0.05857827141880989,0.004045178618701677,0.01208999615813558,-2.042487939808109,10.143801761510638,0.19934917808669184,road,1,1,2,0,0.4672004132231405,0.36904761904761907,0.06559633027522936,0
723,37.5116,1790926314.8059,218.41764450073242,41.4888858795166,1,0,0.3245368243753699,0.50570209390711,0.05050210282206535,0.049733735620975494,0.004278094307177781,0.012301185055041726,-2.095817015019385,9.977738547644673,0.19407880504043362,road,1,1,2,0,0.46577995867768596,0.3679315476190476,0.06556766055045872,0
724,37.5607,1790926314.8631,218.8282012939453,24.248838424682617,1,0,0.3233599096143619,0.505515850790646,0.05130928382277489,0.06465981155633926,0.010901492530557581,0.012155208986551218,-1.9799290415349144,9.364742363513782,0.19407880504043362,road,1,1,2,0,0.4664686639118457,0.3676126700680272,0.06536697247706422,0
725,37.6165,1790926314.9118,200.1791000366211,20.87688446044922,1,0,0.3246360003563436,0.5053295942493461,0.05010399594902992,0.08814094215631485,0.014815812547293056,0.012062348908923153,-1.9895658224655555,9.365909663309623,0.14475419066597084,road,1,1,2,0,0.4666408402203857,0.3676658163265306,0.06536697247706422,0
726,37.6658,1790926314.9808,206.58159255981445,23.781299591064453,1,0,0.3229195731533028,0.50381896589729,0.05239969491958618,0.06407108902931213,0.006713729851070996,0.010290894117544773,-1.982431260315669,9.810763553134894,0.14475419066597084,road,1,1,2,0,0.4672004132231405,0.3700573979591837,0.06551032110091742,0
727,37.7339,1790926315.0243,207.65924453735352,24.547815322875977,1,0,0.32502378845784274,0.5091294138290599,0.05173201486468315,0.0576491542160511,0.007785240450854475,0.010234764308705157,-1.9217735995866212,9.534697405446607,0.14475419066597084,road,1,1,2,0,0.46651170798898073,0.3695790816326531,0.06579701834862386,0
728,37.7756,1790926315.0809,203.09901237487793,44.171810150146484,1,0,0.32667396917513575,0.5075180716487472,0.05004310980439186,0.0736842080950737,0.012737815308648,0.00946136866214775,-1.9031131109057158,9.661990988630762,-0.15679050285162788,road,1,1,2,0,0.46556473829201106,0.37000425170068024,0.06528096330275229,0
729,37.8337,1790926315.1288,188.09795379638672,22.901058197021484,1,0,0.3245547258080141,0.5054099032813034,0.05187717825174332,0.07048642635345459,0.00992881029904271,0.009541149170721672,-2.0779042028369,9.825223096515705,-0.15679050285162788,road,1,1,2,0,0.4662534435261708,0.37228954081632654,0.06522362385321101,0
730,37.8813,1790926315.1722,183.58421325683594,21.922826766967773,1,0,0.3238468252722553,0.5035112168197207,0.052384886890649796,0.05710747092962265,0.006180673429841954,0.009746970169943442,-2.2045718690011786,10.024599667590502,0.20983054608563378,road,1,1,2,0,0.46534951790633605,0.37356505102040816,0.06505160550458715,0
731,37.9239,1790926315.223,201.3382911682129,37.46819496154785,1,0,0.32519451145524514,0.5050607299562809,0.050836995244026184,0.056740179657936096,0.0070820567027167726,0.009422712543638133,-2.1532416103493093,9.94544174015928,0.30914997602861405,road,1,1,2,0,0.4650482093663912,0.37218324829931976,0.06573967889908257,0
732,37.9763,1790926315.2687,198.15969467163086,28.722763061523438,1,0,0.3280856528074222,0.5037043684856203,0.049123700708150864,0.08058072626590729,0.012408131348482678,0.007210326726766489,-2.0890801789787257,9.954879587673217,0.3980714408874064,road,1,1,2,0,0.465736914600551,0.37037627551020413,0.06588302752293579,0
733,38.0204,1790926315.3104,223.4477996826172,41.97883605957031,1,0,0.3275871189665527,0.503214427256675,0.049497418105602264,0.07978992164134979,0.013405801593075379,0.005285043160681602,-2.0750567721825357,9.92945575083151,0.3980714408874064,road,1,1,2,0,0.4664686639118457,0.37122661564625853,0.06548165137614678,0
734,38.0653,1790926315.3749,189.93902206420898,28.23185920715332,1,0,0.3262139802161741,0.5020674325849961,0.05074780434370041,0.06426174193620682,0.006808849028283991,0.005330657273909918,-2.164365534128312,10.124470402892106,0.4378070405435608,road,1,1,2,0,0.46590909090909094,0.3722363945578231,0.06525229357798165,0
735,38.1273,1790926315.415,237.992525100708,53.139686584472656,1,0,0.32692654993151926,0.5032579699642505,0.051394835114479065,0.06503306329250336,0.008745332090110991,0.00534599154461721,-2.0095948931922054,9.614861638590389,0.4378070405435608,road,1,1,2,0,0.465736914600551,0.37393707482993194,0.06571100917431193,0
736,38.1677,1790926315.4766,208.21237564086914,32.96995162963867,1,0,0.32683860758078864,0.5032872426259722,0.0502622053027153,0.09736171364784241,0.015995772954671778,0.004355289182723767,-1.9693180038342135,9.472122731790082,0.37877083551705937,road,1,1,2,0,0.46638257575757575,0.37436224489795916,0.06513761467889909,0
737,38.2293,1790926315.5227,197.5700855255127,23.494720458984375,1,0,0.32352568266945336,0.5021208235916941,0.053377289324998856,0.07371728867292404,0.009927958594976052,0.0035055225164220567,-2.0628010732163644,9.786777767917723,0.37877083551705937,road,1,1,2,0,0.46534951790633605,0.37329931972789115,0.06528096330275229,0
738,38.2753,1790926315.5648,216.7034149169922,50.25458335876465,1,0,0.3228516330505096,0.5022185130409897,0.053801827132701874,0.06016531586647034,0.006423552731713189,0.003581075456237071,-2.1476787933062136,9.909448144155604,0.542348730532801,road,1,1,2,0,0.46461776859504134,0.3726615646258503,0.06553899082568806,0
739,38.3187,1790926315.6191,222.38898277282715,28.35988998413086,1,0,0.32192122883181684,0.5028617311942096,0.05469081923365593,0.0542195700109005,0.006195378152316489,0.0036179559556329278,-2.1341977217332406,9.89888925878017,0.542348730532801,road,1,1,2,0,0.4653925619834711,0.37340561224489793,0.06576834862385321,0
740,38.3722,1790926315.6636,240.22364616394043,52.41584777832031,1,0,0.32158065733691465,0.5021083060803038,0.05442695692181587,0.08351720869541168,0.014940972792974148,0.0036913792954190497,-2.083270224412691,9.887399934013311,0.5606934730933304,road,1,1,2,0,0.46612431129476584,0.3745216836734694,0.06519495412844037,0
741,38.4169,1790926315.7297,199.79214668273926,27.175426483154297,1,0,0.3208867206683914,0.501271048167014,0.05469294637441635,0.07601508498191833,0.011997705098655002,0.0035743827295872874,-2.0802068660529356,9.890200945303393,0.5606934730933304,road,1,1,2,0,0.46547865013774103,0.37383078231292516,0.06525229357798165,0
742,38.4828,1790926315.7747,202.76904106140137,33.109188079833984,1,0,0.3216060459562783,0.5011119215196108,0.052452899515628815,0.05829399451613426,0.005885781054912329,0.0034526778881917826,-2.2869982550771364,10.000243664462658,0.645988309207759,road,1,1,2,0,0.46676997245179064,0.3752125850340136,0.06516628440366973,0
743,38.5277,1790926315.8243,209.6579074859619,36.7891788482666,1,0,0.32254175521079675,0.5019076674353887,0.04948040470480919,0.06789744645357132,0.010148953145524144,0.003224861257517247,-2.2518753072408164,10.023749998710127,0.7220325728494714,road,1,1,2,0,0.4663395316804408,0.3745216836734694,0.06519495412844037,0
744,38.5788,1790926315.8741,200.36911964416504,29.393672943115234,1,0,0.3264340913201783,0.5016754763298614,0.0476948544383049,0.1120871901512146,0.01974049049166132,0.0038665890443431595,-2.222839447994439,9.911763985519855,0.7222342949245402,road,1,1,2,0,0.46689910468319556,0.374734268707483,0.06479357798165138,0
745,38.6276,1790926315.9181,227.35190391540527,40.270328521728516,1,0,0.32655109450105196,0.5017203920799211,0.04745444655418396,0.11135966330766678,0.0181318811072673,0.004115741046197641,-2.200890481083568,9.81994712690815,0.7220325728494714,road,1,1,2,0,0.46577995867768596,0.37441539115646255,0.06485091743119266,0
746,38.6713,1790926315.9805,210.95013618469238,36.13686561584473,1,0,0.3260113411000695,0.5006568592789153,0.048787202686071396,0.08745120465755463,0.011247484460324936,0.0040214700899224125,-2.1926787218005774,9.893391111314276,0.7222342949245402,road,1,1,2,0,0.46689910468319556,0.374202806122449,0.06513761467889909,0
747,38.7341,1790926316.0249,240.47350883483887,49.823760986328125,1,0,0.32769594217883496,0.5004079169748131,0.04768381267786026,0.0590580515563488,0.006611923627997659,0.00407304429314855,-2.134606223314333,9.945075951044089,0.7818097724094386,road,1,1,2,0,0.46577995867768596,0.3731930272108844,0.06513761467889909,0
748,38.7783,1790926316.095,200.4389762878418,30.57265281677246,1,0,0.32631859817035147,0.49880796489872714,0.04982063174247742,0.050388723611831665,0.005630552097078809,0.004190479230941749,-1.9601663192606993,9.732378624742838,0.8040105755147096,road,1,1,2,0,0.4653925619834711,0.3736181972789116,0.06522362385321101,0
749,38.8473,1790926316.1351,200.96707344055176,24.486303329467773,1,0,0.325024704507024,0.49849211587289277,0.04996885359287262,0.0813244953751564,0.014565387871348385,0.004286702782866966,-1.8699328820187189,9.592255358160385,0.7818097724094386,road,1,1,2,0,0.4649621212121212,0.37329931972789115,0.06551032110091742,0
750,38.8876,1790926316.1879,207.0765495300293,42.86813735961914,1,0,0.32330307907126027,0.49754920935664043,0.0503474622964859,0.07933762669563293,0.014514269289303426,0.004241301864442264,-1.8373395891755808,9.558015865021583,0.8045307866451807,road,1,1,2,0,0.465607782369146,0.3726084183673469,0.06556766055045872,0
751,38.9435,1790926316.2405,191.09225273132324,31.306982040405273,1,0,0.3214058658346941,0.4969008807669946,0.051866985857486725,0.054099876433610916,0.004202866576968213,0.004417729194985618,-2.0015365020262967,9.959500661180577,0.8343989403050855,road,1,1,2,0,0.465521694214876,0.37313988095238093,0.06528096330275229,0
752,38.9925,1790926316.2776,191.93315505981445,18.19300651550293,1,0,0.32297032526601227,0.49997308249062455,0.050009410828351974,0.0459696501493454,0.0022275528917067434,0.004783313884011408,-2.0542743947029587,10.040314608586918,0.8343989403050855,road,1,1,2,0,0.46526342975206614,0.37356505102040816,0.06565366972477064,0
753,39.0321,1790926316.3371,198.33803176879883,49.552202224731445,1,0,0.32348887094493556,0.5031918112519271,0.04832042008638382,0.043031297624111176,0.0013090030607512506,0.005114237194732019,-2.1676395870589964,10.104704861447903,0.7605915186082157,road,1,1,2,0,0.46612431129476584,0.374468537414966,0.06576834862385321,0
754,39.0896,1790926316.3819,203.27067375183105,28.057098388671875,1,0,0.32268658754251733,0.5021261764019702,0.047680530697107315,0.04279758408665657,0.0013909058446175833,0.005399079431429062,-2.220786247416609,10.207868387279612,0.6732392173024735,road,1,1,2,0,0.4665977961432507,0.3739902210884354,0.06510894495412844,0
755,39.1338,1790926316.4291,174.7584342956543,19.69599723815918,1,0,0.32528012748054946,0.5054819015365793,0.04649011790752411,0.04189459607005119,0.001286205097716449,0.005687671408305794,-2.2672728330492053,10.19576778805039,0.5172137163499926,road,1,1,2,0,0.4673725895316804,0.37404336734693877,0.06591169724770642,0
756,39.182,1790926316.4844,194.50688362121582,28.56302261352539,1,0,0.32475719020258975,0.5057646852096096,0.046351201832294464,0.04222584143280983,0.0013196552030314214,0.0056998006226764136,-2.3059994576357323,10.223933253266999,0.3623948364767031,road,1,1,2,0,0.4662964876033058,0.3737244897959184,0.06565366972477064,0
757,39.2394,1790926316.526,196.1500644683838,19.70672607421875,1,0,0.3244647329005581,0.5093155756805674,0.04640278220176697,0.04193899407982826,0.0013153305547593652,0.0058891589794303105,-2.3806367545264058,10.251126005750521,0.35984141310456863,road,1,1,2,0,0.46681301652892565,0.3738839285714286,0.06510894495412844,0
758,39.2779,1790926316.5852,195.16825675964355,48.21491241455078,1,0,0.3242682849294171,0.5090786329351232,0.046730734407901764,0.04208119958639145,0.001352027747887894,0.006056420508928216,-2.400357740602746,10.281719883489837,0.09321205539179545,road,1,1,2,0,0.4666408402203857,0.37287414965986393,0.06525229357798165,0
759,39.338,1790926316.6273,197.462797164917,32.135725021362305,1,0,0.3243252731332234,0.509701800345131,0.04676066339015961,0.042361386120319366,0.0013394553602641425,0.0062073552588713,-2.4088679784967537,10.318360082532894,0.05194350223333544,road,1,1,2,0,0.4665547520661157,0.37356505102040816,0.06576834862385321,0
760,39.3795,1790926316.6726,180.42755126953125,22.30691909790039,1,0,0.32432612876578126,0.5097735140887919,0.046635232865810394,0.04206535592675209,0.0013410065517437473,0.00609425051884677,-2.436882359231628,10.346184109342252,0.050696707095283955,road,1,1,2,0,0.46651170798898073,0.37441539115646255,0.06522362385321101,0
761,39.4277,1790926316.7268,199.42522048950195,32.50288963317871,1,0,0.3243420354960105,0.5096544882167553,0.04657648876309395,0.04211651161313057,0.0013211088681674024,0.006081237428657719,-2.446946624547308,10.383244987157976,0.050696707095283955,road,1,1,2,0,0.4664686639118457,0.37383078231292516,0.06568233944954129,0
762,39.4794,1790926316.7694,200.06108283996582,27.651071548461914,1,0,0.3247954641703268,0.5096458083290734,0.04601097106933594,0.04172335937619209,0.0013264524587410043,0.00602637288218865,-2.457078324575175,10.37618051568286,0.07155871023216065,road,1,1,2,0,0.4662964876033058,0.3746279761904762,0.06576834862385321,0
763,39.5214,1790926316.8202,198.26722145080566,37.0333194732666,1,0,0.32518279119359766,0.5280054827538418,0.04555916041135788,0.03747136518359184,0.001500122447599373,0.0061025658926189726,-3.9646701481335693,10.156365298284534,0.07155871023216065,road,1,1,2,0,0.4649190771349862,0.3737244897959184,0.06588302752293579,0
764,39.5742,1790926316.8678,188.43340873718262,24.16062355041504,1,0,0.27808990327547317,0.3755368332653438,0.10679680109024048,0.03288080170750618,0.002573252192212756,0.0060586398062765145,-7.982647791822202,8.944071203295795,0.08089950470721874,road,1,1,2,0,0.4646608126721763,0.3731930272108844,0.06565366972477064,0
765,39.6202,1790926316.9064,227.8149127960205,45.61901092529297,1,1,0.0806841203879376,0.5073956644942902,0.555718183517456,0.0298553965985775,0.004258639440095217,0.0051470636560696685,-12.91587542370319,7.342729237341022,0.08089950470721874,road,1,1,2,0,0.46358471074380164,0.37377763605442177,0.0648795871559633,0
766,39.6585,1790926316.9695,190.00601768493652,26.288986206054688,1,1,0.13278975126413878,0.49965918352992356,0.3847818076610565,0.04958808422088623,0.014132146030958699,0.004701319401869311,-15.648158247038243,6.866750655058177,0.08089950470721874,road,1,1,2,0,0.4640581955922865,0.37436224489795916,0.06499426605504587,0
767,39.7227,1790926317.0109,199.5086669921875,22.95517921447754,1,0,0.33518940443881406,0.37610480808256286,0.045875124633312225,0.042581718415021896,0.023608291692720582,0.006079476346982857,-19.58324862371552,7.28246983545569,18.748959709767433,road,1,1,2,0,0.4653064738292011,0.3752125850340136,0.06519495412844037,0
768,39.7632,1790926317.0588,203.9792537689209,44.47746276855469,1,0,0.3830874273859331,0.32682757297596166,0.023013796657323837,0.02539353258907795,0.020384855268050204,0.006895251074123222,-21.114457367951253,7.039970921577397,28.34168761333628,road,1,1,2,0,0.46513429752066116,0.37558460884353745,0.06530963302752295,0
769,39.8146,1790926317.1148,184.24057960510254,26.65424346923828,1,0,0.40841441352953556,0.3239943020484349,0.016891783103346825,0.013004914857447147,0.014113498951810546,0.0071207976737077015,-22.422819748004777,6.842647947616936,34.78582089333497,passenger,1,1,2,0,0.46461776859504134,0.3773915816326531,0.06530963302752295,0
770,39.8667,1790926317.1555,185.96267700195312,21.32439613342285,1,0,0.42229833025082,0.31196915872886427,0.015738099813461304,0.00878191739320755,0.004464168851277938,0.006873720322863593,-23.57310493465512,6.673735448554158,36.17171029925993,passenger,1,1,2,0,0.46526342975206614,0.37877338435374147,0.06493692660550458,0
771,39.9104,1790926317.2104,187.3183250427246,37.275075912475586,1,0,0.42132400537843884,0.3142863888973201,0.02015904150903225,0.010863804258406162,0.004062836468361562,0.006588513894499189,-24.039650164955642,6.891034750633369,38.39046707475582,passenger,1,1,2,0,0.4661673553719008,0.37962372448979587,0.06525229357798165,0
772,39.9627,1790926317.2528,196.87724113464355,25.218725204467773,1,0,0.4184649371753918,0.3180981970038062,0.021558282896876335,0.013536845333874226,0.0051318230945521124,0.006584906591356986,-24.100453987874875,6.941566362051496,38.39046707475582,passenger,1,1,2,0,0.4665547520661157,0.3807397959183674,0.06476490825688073,0
773,40.0052,1790926317.299,205.86013793945312,44.60740089416504,1,0,0.4190669770651052,0.3274921132398863,0.019660215824842453,0.015340602956712246,0.00915387902122365,0.006599876712401595,-24.09744962896756,6.999283730803747,38.1862010796559,passenger,1,1,2,0,0.4662103994490358,0.382015306122449,0.06510894495412844,0
774,40.055,1790926317.3519,211.93361282348633,29.250383377075195,1,0,0.4265672000635455,0.3236549195860984,0.0178458783775568,0.04312925413250923,0.02404134107266382,0.007602538229487205,-24.176898585550628,7.272963318985484,37.666804932727686,passenger,1,1,2,0,0.4684486914600551,0.3823341836734694,0.06519495412844037,0
775,40.1038,1790926317.392,198.24719429016113,23.179292678833008,1,0,0.4252081625031092,0.3425338458750199,0.017481155693531036,0.03482918068766594,0.02093667776237986,0.00808426722109141,-24.081581674479057,7.155690728647382,37.19810715799777,passenger,1,1,2,0,0.4684486914600551,0.3825999149659864,0.06528096330275229,0
776,40.1449,1790926317.4552,202.9585838317871,30.46584129333496,1,0,0.4235167136139845,0.34395680666998807,0.018070824444293976,0.01822589710354805,0.013376818726050925,0.008046718349419012,-24.28178869805764,7.0558606120624,35.62403873109541,passenger,1,1,2,0,0.4692665289256198,0.3844600340136054,0.06539564220183486,0
777,40.2078,1790926317.5014,191.88666343688965,18.528461456298828,1,0,0.41454139763859765,0.3387687739488271,0.021502867341041565,0.009358268231153488,0.0030992661443995113,0.007983509989431689,-24.528785606056406,6.723566752531544,35.62403873109541,passenger,1,1,2,0,0.4697830578512397,0.3838222789115646,0.06551032110091742,0
778,40.2549,1790926317.5598,207.95321464538574,37.22691535949707,1,0,0.41136213491628565,0.32631330840011163,0.022403119131922722,0.009955218993127346,0.003976901836794944,0.007893346099563717,-24.509655242505033,6.887127849986933,36.37387313937997,passenger,1,1,2,0,0.4696539256198347,0.38499149659863946,0.06576834862385321,0
779,40.3127,1790926317.6082,204.15902137756348,36.163330078125,1,0,0.41249803749115055,0.32749691698963274,0.02115529775619507,0.037174150347709656,0.029753358186965152,0.008940898613270876,-24.272488462929097,6.879876132558754,37.34324480616512,passenger,1,1,2,0,0.46943870523415976,0.38865858843537415,0.06513761467889909,0
780,40.3616,1790926317.6582,233.63709449768066,54.01110649108887,1,0,0.4157125163118437,0.3273526071518362,0.018937574699521065,0.09435655921697617,0.04478298259484102,0.011441291384325529,-24.083867095685275,6.734907003873349,37.34324480616512,passenger,1,1,2,0,0.46943870523415976,0.390359268707483,0.0650802752293578,0
781,40.4108,1790926317.7087,212.11743354797363,31.028270721435547,1,0,0.4176761442264989,0.33067009751569143,0.018320050090551376,0.08970290422439575,0.04239626686846419,0.012904861446678826,-23.873196588092778,6.904573274864143,37.201442513295476,passenger,1,1,2,0,0.46961088154269975,0.3898809523809524,0.06513761467889909,0
782,40.4611,1790926317.7553,212.36515045166016,26.513338088989258,1,0,0.4171117168221325,0.3348282220976289,0.018007095903158188,0.03779199719429016,0.02854761324146306,0.01296030313913684,-23.88252502340307,6.9961294466714605,36.67808781489076,passenger,1,1,2,0,0.4697830578512397,0.3920068027210884,0.06496559633027522,0
783,40.5068,1790926317.8149,223.2992649078369,57.23309516906738,1,0,0.4140894041837215,0.33239458932718213,0.018212521448731422,0.013704048469662666,0.011532421315194328,0.012624339536416234,-24.346596427906224,6.851886357841233,36.67808781489076,passenger,1,1,2,0,0.46875,0.39413265306122447,0.06551032110091742,0
784,40.5674,1790926317.8651,230.93152046203613,27.514934539794922,1,0,0.41340909077123345,0.32749539687033735,0.019498027861118317,0.00943751074373722,0.00863667239841282,0.012335226368822881,-24.441433135716956,7.1254989275930045,36.89105091641426,passenger,1,1,2,0,0.46956783746556474,0.39779974489795916,0.06442087155963303,0
785,40.6182,1790926317.9147,254.01973724365234,34.86347198486328,1,0,0.4135445205325106,0.3277110783527588,0.01989230327308178,0.04165735840797424,0.03409410324140643,0.012543705191519908,-24.17305114668207,7.368223538011615,37.23803819768037,passenger,1,1,2,0,0.4677599862258953,0.39907525510204084,0.06447821100917431,0
786,40.6673,1790926317.975,231.79960250854492,35.050153732299805,1,0,0.41702149927493215,0.3278930049672592,0.017734602093696594,0.03904884308576584,0.03181415921899694,0.012813947034361499,-23.966422547314927,7.246602615972947,37.23803819768037,passenger,1,1,2,0,0.46556473829201106,0.40088222789115646,0.06436353211009174,0
787,40.7275,1790926318.0295,238.50584030151367,48.29716682434082,1,0,0.41411056013613745,0.33207759849888774,0.01846897602081299,0.012172228656709194,0.012500687182154486,0.012838334706783769,-24.005462072993257,7.068961274344866,37.04702473853564,passenger,1,1,2,0,0.4635416666666667,0.40518707482993194,0.06450688073394495,0
788,40.7821,1790926318.094,206.7418098449707,33.739328384399414,1,0,0.4096472826996901,0.3323583313262234,0.020454665645956993,0.011631568893790245,0.008215056767554152,0.013014194187206653,-24.205190399125666,6.963700132497308,36.77719768469527,passenger,1,1,2,0,0.46212121212121215,0.40529336734693877,0.0643348623853211,0
789,40.8477,1790926318.1445,202.4989128112793,25.447368621826172,1,0,0.4102139186596214,0.3332440800100138,0.02071155235171318,0.07397997379302979,0.03955809600712408,0.013817240383842236,-23.963314816350525,6.781543580543371,36.64046708352137,passenger,1,1,2,0,0.4600120523415978,0.4060374149659864,0.06410550458715597,0
790,40.8972,1790926318.1994,211.13085746765137,33.55836868286133,1,0,0.41272476579483897,0.33301048379253073,0.019012797623872757,0.10747633129358292,0.045358056582094325,0.014522149733478927,-23.718152865594597,6.850339372783542,36.48301300868623,passenger,1,1,2,0,0.45575068870523416,0.40869472789115646,0.06347477064220183,0
791,40.9522,1790926318.2448,209.92016792297363,28.16295623779297,1,0,0.40926623305903864,0.3420459488226595,0.019622396677732468,0.028370855376124382,0.02113265521010399,0.013990682104962595,-23.503633882442323,6.743946468409237,36.30353371251795,passenger,1,1,2,0,0.4542441460055096,0.40959821428571425,0.0637901376146789,0
792,40.9976,1790926318.2873,193.9067840576172,26.0007381439209,1,0,0.408592629858721,0.34329312448558974,0.020097771659493446,0.015171647071838379,0.012017517172275389,0.013654446243983286,-23.780605042781865,6.923849516790133,35.27665962328348,passenger,1,1,2,0,0.4509297520661157,0.41347789115646255,0.06344610091743119,0
793,41.0415,1790926318.349,183.03966522216797,24.152278900146484,1,0,0.4077669565140772,0.34360892810822274,0.020997529849410057,0.01353534311056137,0.009317472303278274,0.013646647626841747,-23.854239839939186,7.02280605620834,35.27665962328348,passenger,1,1,2,0,0.44985365013774103,0.4140625,0.06293004587155963,0
794,41.101,1790926318.3903,194.15044784545898,26.736021041870117,1,0,0.4092740375304349,0.34325637773402873,0.021404827013611794,0.01098007895052433,0.01170567081801667,0.013829486745186222,-23.952203204705565,7.167996556299459,35.304794110446444,passenger,1,1,2,0,0.446883608815427,0.41501913265306123,0.06227064220183486,0
795,41.1423,1790926318.4507,196.2292194366455,45.835018157958984,1,0,0.4082674051159719,0.34483541171843557,0.02099030837416649,0.01344655454158783,0.01436580306553027,0.013919991540415743,-23.816963992967548,6.991788147452472,35.304794110446444,passenger,1,1,2,0,0.44481749311294766,0.41597576530612246,0.062069954128440366,0
796,41.2051,1790926318.4947,204.18977737426758,23.33378791809082,1,0,0.40798383042101943,0.3440885935525514,0.021017201244831085,0.01054522953927517,0.006376732487779569,0.014200224378265791,-24.20369086562432,6.553986905660104,35.423293858514505,passenger,1,1,2,0,0.4425361570247934,0.4124149659863946,0.06201261467889908,0
797,41.2478,1790926318.5397,184.00216102600098,21.235942840576172,1,0,0.40926854815882174,0.3427902062221211,0.021737083792686462,0.013391347602009773,0.007396899223921245,0.013958803329694985,-24.480463718779383,6.711670132353661,35.54523030586762,passenger,1,1,2,0,0.44034090909090906,0.41592261904761907,0.06235665137614679,0
798,41.2918,1790926318.6027,185.25028228759766,41.681766510009766,1,0,0.4103593802149747,0.3449311567188741,0.021638289093971252,0.02561856620013714,0.01918350022963874,0.01340452350847987,-24.443600313165536,6.733632921035018,35.65644743530102,passenger,1,1,2,0,0.43818870523415976,0.41703869047619047,0.06186926605504587,0
799,41.3557,1790926318.6413,199.86319541931152,28.48362922668457,1,1,0.10898385503578323,0.45927728688473746,0.5087816715240479,0.01263772789388895,0.00821010323816768,0.013597122360225825,-23.973905524888632,6.221630465466499,35.65644743530102,passenger,1,1,2,0,0.43564910468319556,0.41687925170068024,0.06138188073394495,0
800,41.394,1790926318.692,184.70048904418945,25.782346725463867,1,1,0.15289060471049312,0.48649063464543607,0.3950406312942505,0.012544275261461735,0.002393569775982962,0.01299278202076571,-24.29086149448223,5.506993420172226,35.65644743530102,passenger,1,1,2,0,0.4360365013774105,0.41730442176870747,0.061496559633027525,0
801,41.4441,1790926318.7372,195.19591331481934,23.279666900634766,1,0,0.33425940792975894,0.4002505780834942,0.08460088074207306,0.00915955938398838,0.0008299600914076462,0.012350739329647338,-24.297273601053796,5.8341712639219585,35.65644743530102,passenger,1,1,2,0,0.4353477961432507,0.41592261904761907,0.06198394495412844,0
802,41.4897,1790926318.7787,212.22543716430664,31.549692153930664,1,0,0.3983747037048123,0.3443041924169283,0.03116953745484352,0.008342667482793331,0.0008244174506454564,0.012493598465231784,-24.498554037424917,6.03539061972425,35.65644743530102,passenger,1,1,2,0,0.4339703856749311,0.41741071428571425,0.06077981651376147,0
803,41.5317,1790926318.8396,206.53104782104492,45.54939270019531,1,0,0.40558941801108495,0.3168468486172429,0.020015254616737366,0.008737760595977306,0.0010136907151100435,0.012856141680237933,-23.53435190717559,6.654155050874385,35.767951922402595,passenger,1,1,2,0,0.4311725206611571,0.41879251700680276,0.06103784403669725,0
804,41.5937,1790926318.8918,201.32184028625488,24.80173110961914,1,0,0.37566255277722727,0.48889090070683194,0.02422965131700039,0.01894119381904602,0.0017501212229266002,0.013105003671779207,-18.125732308266016,8.136985937205916,35.767951922402595,passenger,1,1,2,0,0.431344696969697,0.4194834183673469,0.06037844036697248,0
805,41.6445,1790926318.9339,205.2633762359619,44.02923583984375,1,0,0.3513944526537095,0.5088857892601221,0.028796011582016945,0.027056720107793808,0.001534789402226326,0.012569134118450467,-12.75451880761657,9.460880826588753,15.29562620897719,passenger,1,1,2,0,0.42850378787878785,0.4223533163265306,0.06043577981651376,0
806,41.6863,1790926318.9935,191.80822372436523,25.14791488647461,1,0,0.3402357581179826,0.5006631515993853,0.03466900810599327,0.026125099509954453,0.001352218498995305,0.012002610836713919,-10.285120454812358,9.927952797703254,8.72865938289302,hazard_right,1,1,2,0,0.42639462809917356,0.4217687074829932,0.060005733944954134,0
807,41.7462,1790926319.0361,175.67920684814453,15.710115432739258,1,0,0.336171495238897,0.5264435429729027,0.03971514478325844,0.03873072564601898,0.0006147299230410212,0.012218384281305077,-7.330089250863332,10.09302094622232,7.536693716697535,hazard_right,1,1,2,0,0.4269542011019284,0.4247448979591837,0.05977637614678899,0
808,41.7887,1790926319.083,206.35104179382324,36.08512878417969,1,0,0.33171891679740295,0.5046305689953772,0.041516244411468506,0.04129822552204132,0.00109209690818077,0.012387036819970939,-5.473781559594246,10.454228409996949,3.117148167912198,hazard_right,1,1,2,0,0.42617940771349866,0.42357568027210885,0.059317660550458715,0
809,41.8375,1790926319.1361,191.55168533325195,31.621932983398438,1,0,0.33157159255466895,0.5064482717734629,0.04030285403132439,0.04214034602046013,0.0009125059181581503,0.01225274966787596,-4.310420578671508,10.521160576202833,2.3731141100715263,road,1,1,2,0,0.42704028925619836,0.4229910714285714,0.059403669724770645,0
810,41.8892,1790926319.1883,226.08661651611328,30.07197380065918,1,0,0.33089819812986393,0.511494871490971,0.04104100167751312,0.03552361950278282,0.0026131530747415693,0.010369025628284786,-2.905968660125053,10.56315709500064,1.9584593915088746,road,1,1,2,0,0.4269111570247934,0.4246386054421769,0.059403669724770645,0
811,41.941,1790926319.2365,216.7987823486328,27.460575103759766,1,0,0.3318422986526337,0.5095670529979172,0.04269899055361748,0.03644978255033493,0.006329433649919842,0.006171747927630411,-2.4966227709692035,10.125524148295804,0.26039957110835843,road,1,1,2,0,0.4260502754820937,0.42458545918367346,0.059661697247706424,0
812,41.9902,1790926319.2868,234.11893844604492,44.42453384399414,1,0,0.3309113157249983,0.5110917315833028,0.04298748821020126,0.08302836865186691,0.015630296081584425,0.005626495390194334,-2.1516730880898907,9.71610322831132,0.12206547305511606,road,1,1,2,0,0.4256628787878788,0.42437287414965985,0.059403669724770645,0
813,42.0404,1790926319.3649,194.74434852600098,29.350996017456055,1,0,0.3289332282327795,0.5046715331749725,0.04679444804787636,0.090215303003788,0.014764398805109975,0.005794872002944962,-1.9475013007791977,10.019006633050395,0.12206547305511606,road,1,1,2,0,0.42574896694214875,0.4257015306122449,0.06003440366972477,0
814,42.1183,1790926319.4061,204.8196792602539,19.523143768310547,1,0,0.3287440534747974,0.5038535852148901,0.047467973083257675,0.0830226019024849,0.010363890665557604,0.0058335579107437726,-1.894748615618928,9.848937838966432,0.17879694227477927,road,1,0,2,0,0.4269972451790634,0.42431972789115646,0.05948967889908257,0
815,42.1589,1790926319.4642,199.21493530273438,44.934749603271484,1,0,0.328198107899505,0.501877718170232,0.046400438994169235,0.13648255169391632,0.02173609788166369,0.0065472667223131905,-1.9577254848207426,9.814764818525779,0.22072163883941442,road,1,1,2,0,0.4267820247933884,0.4253295068027211,0.059375,0
816,42.2173,1790926319.5119,195.79744338989258,34.12055969238281,1,0,0.3260130104724398,0.5039434470382302,0.04681462422013283,0.12565401196479797,0.01804276832175975,0.007034460973039267,-1.9587978174645482,9.941805537172913,0.2645858386436757,road,1,1,2,0,0.4269972451790634,0.4228847789115646,0.059260321100917425,0
817,42.2646,1790926319.5617,174.21627044677734,22.120237350463867,1,0,0.32562448959227097,0.49813541745256845,0.04749278351664543,0.08961902558803558,0.009550949775822782,0.007058772792266275,-2.0756672360157093,9.968860897716791,0.48042645255617344,road,1,1,2,0,0.42729855371900827,0.4242134353741497,0.059375,0
818,42.3153,1790926319.6094,187.38770484924316,25.705575942993164,1,0,0.32388488035415497,0.5031343103373143,0.048427384346723557,0.06769169121980667,0.005796111737184269,0.006476468249241141,-2.149539383552821,9.98205306365213,0.5081862819733303,road,1,1,2,0,0.42660984848484845,0.4233630952380953,0.059375,0
819,42.362,1790926319.6523,194.44012641906738,23.66805076599121,1,0,0.32337671560619974,0.5031162414328894,0.047805920243263245,0.06199785694479942,0.00784467632544864,0.006471476317034246,-2.1117981189259654,9.85903150538359,0.5081862819733303,road,1,1,2,0,0.4257059228650138,0.42283163265306123,0.06029243119266055,0
820,42.4042,1790926319.7092,167.38128662109375,18.285036087036133,1,0,0.3238914100079277,0.501305992240515,0.04640113562345505,0.10653018951416016,0.01676066731384639,0.006792996607134596,-1.9252372503823882,10.089462002228272,0.5081862819733303,road,1,1,2,0,0.42725550964187325,0.42378826530612246,0.06009174311926605,0
821,42.4632,1790926319.7571,202.98337936401367,28.96285057067871,1,0,0.3235023598863563,0.5007756547162666,0.048730406910181046,0.09465095400810242,0.013268147728514156,0.006771930020598381,-1.879552138243391,9.98761165239583,0.5133790457275182,road,1,1,2,0,0.42867596418732784,0.4223533163265306,0.059862385321100914,0
822,42.5095,1790926319.8005,192.85082817077637,19.73128318786621,1,0,0.32316956652562,0.4993804666564531,0.04776421934366226,0.07302554696798325,0.007063778059598307,0.0065944714129048485,-2.0081286932936706,10.21740501426989,0.5310087295279047,road,1,1,2,0,0.43095730027548207,0.42054634353741494,0.06037844036697248,0
823,42.5526,1790926319.8608,214.76411819458008,34.15846824645996,1,0,0.32274551024068665,0.5014369940946709,0.048215121030807495,0.06308353692293167,0.0054662444209556335,0.006431315348078095,-2.0801599855742707,10.281536797311128,0.6285385302322268,road,1,1,2,0,0.43151687327823696,0.4202274659863946,0.06052178899082569,0
824,42.6154,1790926319.9054,197.41201400756836,26.233911514282227,1,0,0.3225384439295149,0.5004572570681176,0.04904603585600853,0.0678587332367897,0.010222427053956745,0.006274625146163627,-1.9723167171680862,10.184304349472368,0.6415995629189766,road,1,1,2,0,0.43143078512396693,0.4192708333333333,0.06060779816513761,0
825,42.6575,1790926319.9494,224.7772216796875,36.93747520446777,1,0,0.3251039429973921,0.5006511893398429,0.046411529183387756,0.08921965956687927,0.014866289401064473,0.006201888633492632,-1.9557623319624116,9.90832576434786,0.6285385302322268,road,1,1,2,0,0.4328081955922865,0.41703869047619047,0.06083715596330275,0
826,42.7043,1790926320.0177,191.67280197143555,32.126665115356445,1,0,0.3248539728246843,0.5024091340230512,0.0472145676612854,0.09492117911577225,0.014279417015209387,0.006019757485771679,-1.937702406432268,9.866139198680882,0.6074783783247284,road,1,1,2,0,0.43487431129476584,0.4179421768707483,0.061123853211009174,0
827,42.7691,1790926320.0561,217.41223335266113,45.00985145568848,1,0,0.3248372029295281,0.5028371474837433,0.048403672873973846,0.07748681306838989,0.008300066599645451,0.005651286853630056,-2.1287209764931996,10.069017913994344,0.5220420909458809,road,1,1,2,0,0.4362517217630854,0.41687925170068024,0.06161123853211009,0
828,42.8089,1790926320.119,198.33660125732422,24.807453155517578,1,0,0.32741125756540346,0.5039808543628314,0.04645099863409996,0.06403981894254684,0.004205442954641968,0.005435787736874652,-2.261907937908234,10.118380429337693,0.5128649177531273,road,1,1,2,0,0.4365960743801653,0.41677295918367346,0.061697247706422015,0
829,42.8708,1790926320.1583,235.0935935974121,43.22504997253418,1,0,0.3272999741220596,0.505855290312335,0.04573678970336914,0.060865189880132675,0.004989682311339699,0.005144787445057621,-2.27319631975516,9.89564357264072,0.5128649177531273,road,1,1,2,0,0.4365960743801653,0.4158163265306123,0.061668577981651373,0
830,42.9102,1790926320.2158,205.00588417053223,29.423236846923828,1,0,0.3261106783717649,0.5044533000451444,0.047206487506628036,0.06030070781707764,0.008683310641888698,0.0048340530002213625,-2.1632829152947295,9.909087595474306,0.3812354178755015,road,1,1,2,0,0.4375,0.41661352040816324,0.06181192660550459,0
831,42.9694,1790926320.2651,200.42943954467773,22.36151695251465,1,0,0.3244233610160119,0.5041242604992222,0.047116514295339584,0.08873726427555084,0.015261129802183842,0.00480289193369912,-2.0135094885567155,9.605313078399016,0.32559473810767514,road,1,1,2,0,0.4371556473829201,0.41757015306122447,0.06100917431192661,0
832,43.0178,1790926320.3085,221.67587280273438,34.81793403625488,1,0,0.32423544994820275,0.5045987526530393,0.047036536037921906,0.11215905845165253,0.020109225312685303,0.005092703440976616,-1.9934649349705165,9.498026909507464,0.2911382194236367,road,1,1,2,0,0.43943698347107435,0.4168261054421769,0.06181192660550459,0
833,43.063,1790926320.3628,205.08313179016113,35.16840934753418,1,0,0.323234750717585,0.5042078435744515,0.04904727265238762,0.09669899940490723,0.014923463990790727,0.005097793931980303,-1.9954774189768085,9.617706255873465,0.26736517753637656,road,1,1,2,0,0.43836088154269975,0.4144345238095238,0.06126720183486239,0
834,43.1154,1790926320.4003,193.28975677490234,24.28913116455078,1,0,0.3229289093669879,0.5026271692132559,0.050539225339889526,0.07030804455280304,0.005733335712491589,0.005128725343319921,-2.2021822443752153,9.954205198998505,0.26736517753637656,road,1,1,2,0,0.44137396694214875,0.41400935374149656,0.061410550458715595,0
835,43.1672,1790926320.4732,219.15888786315918,21.693706512451172,1,0,0.32407944025441227,0.5050299003748924,0.049722421914339066,0.05850943177938461,0.0056500185440012465,0.004812957470158882,-2.247992622334621,9.983369015416882,0.3912224623800711,road,1,1,2,0,0.440728305785124,0.4150722789115646,0.06189793577981651,0
836,43.226,1790926320.5578,196.0141658782959,47.08552360534668,1,0,0.32335893386082304,0.5019790731688423,0.04863066226243973,0.06076037511229515,0.010156057984220642,0.004495599645622292,-2.090966656015213,9.96121353491354,0.5806562179103523,road,1,1,2,0,0.44150309917355374,0.41289328231292516,0.062069954128440366,0
837,43.3131,1790926320.5789,197.615385055542,23.793935775756836,1,0,0.32640814114354627,0.5009356965221432,0.04774599149823189,0.09156403690576553,0.015477233531498298,0.0046389413307778155,-2.0408178763341125,9.780980856719431,0.5806562179103523,road,1,1,2,0,0.4429665977961432,0.41273384353741494,0.061783256880733946,0
838,43.3542,1790926320.6401,230.53956031799316,29.113054275512695,1,0,0.3248391043714745,0.5006291620508038,0.04905674606561661,0.09620319306850433,0.014934632219409714,0.004607718069630109,-1.9866313640039504,9.815455383944174,0.6354741267910242,road,1,1,2,0,0.4433539944903581,0.41289328231292516,0.062098623853211014,0
839,43.3924,1790926320.7271,182.2509765625,28.8546085357666,1,0,0.3245250229824499,0.5007873237153827,0.048734940588474274,0.10097348690032959,0.01433421358414548,0.004608946330014985,-2.030630604458389,9.938416407043103,0.6483991072534181,road,1,1,2,0,0.4439996556473829,0.4129464285714286,0.061697247706422015,0
840,43.4791,1790926320.737,238.07525634765625,43.076515197753906,1,0,0.32370051710548475,0.49948939629357864,0.053173355758190155,0.0631699338555336,0.0029361112021694565,0.004843835470469414,-2.1553051626839532,10.005186156250538,0.6554897826502639,road,1,1,2,0,0.4443440082644628,0.41400935374149656,0.06212729357798165,0
841,43.5369,1790926320.8284,252.35462188720703,41.606903076171875,1,0,0.32646898857401774,0.5073792845385672,0.04864048957824707,0.05962042883038521,0.007946550000671033,0.004815768289533246,-2.1675950454613835,9.893828775734308,0.6554897826502639,road,1,1,2,0,0.4453340220385675,0.4144345238095238,0.06224197247706422,0
842,43.5806,1790926320.9159,201.38049125671387,30.490636825561523,1,0,0.324238629502713,0.5065363593317594,0.048352017998695374,0.05428453907370567,0.01557863439585729,0.004794754783230881,-2.0068349998118347,9.663710119475361,0.07783389277486208,road,1,1,2,0,0.4459796831955923,0.4149128401360544,0.061754587155963304,0
843,43.6687,1790926320.9305,242.32864379882812,25.05779266357422,1,0,0.3227784700038737,0.5052967750161089,0.04487605392932892,0.18258555233478546,0.040298249351316096,0.008308886165475763,-2.0271537493524034,9.235339933526177,0.07783389277486208,road,1,1,2,0,0.44619490358126723,0.41501913265306123,0.06215596330275229,0
844,43.729,1790926321.0233,223.83403778076172,41.38374328613281,1,0,0.32293458328253144,0.5049230865539122,0.04351203516125679,0.17640788853168488,0.03902236934455225,0.010307069884243047,-1.8710370902859246,9.239244502237351,0.08878207520736225,road,1,1,2,0,0.4459796831955923,0.41528486394557823,0.06252866972477064,0
845,43.7762,1790926321.1024,174.37338829040527,28.95498275756836,1,0,0.32207376355010475,0.503472008578265,0.04566171020269394,0.12341243773698807,0.026388150104784232,0.010598734850839456,-1.947047213949944,9.48975754595745,0.17947269106587527,road,1,1,2,0,0.44572141873278237,0.414593962585034,0.06258600917431192,0
846,43.8553,1790926321.1266,217.22126007080078,38.36965560913086,1,0,0.32206580030359666,0.5018244003041696,0.04894980788230896,0.0800555944442749,0.011569943109872952,0.01031984700648215,-2.135820712821457,9.94738597685518,0.30427125202312766,road,1,1,2,0,0.44632403581267216,0.41549744897959184,0.06252866972477064,0
847,43.8808,1790926321.18,192.3999786376953,28.578758239746094,1,0,0.32186413246638595,0.5018364868890492,0.05012022331357002,0.06616751849651337,0.008683101825696184,0.010149676747736825,-2.2319480620287364,9.841588755647944,0.634205207326815,road,1,1,2,0,0.44554924242424243,0.4153380102040816,0.06241399082568807,0
848,43.9321,1790926321.2275,189.86868858337402,28.172016143798828,1,0,0.32461026890951217,0.5051318532538009,0.05082114040851593,0.05834091827273369,0.008071265869892071,0.010173209737608864,-2.121228750522252,9.564109367924138,0.634205207326815,road,1,1,2,0,0.4466253443526171,0.4161352040816326,0.0628440366972477,0
849,43.98,1790926321.2807,194.12708282470703,51.78999900817871,1,0,0.3257567741724684,0.5046149806609072,0.04953184723854065,0.08381430804729462,0.014539539332069688,0.010175071900856293,-2.1033687201432647,9.562865203944153,0.31442034813278497,road,1,1,2,0,0.4463670798898072,0.41528486394557823,0.06247133027522936,0
850,44.0337,1790926321.3229,207.20458030700684,26.492595672607422,1,0,0.32424884548187705,0.5032568167831049,0.05152161046862602,0.09089629352092743,0.015081028283163352,0.010109468099595334,-2.100161075888651,9.565614145751233,0.31442034813278497,road,1,1,2,0,0.4456353305785124,0.41411564625850344,0.062299311926605504,0
851,44.076,1790926321.3673,185.09364128112793,21.034717559814453,1,0,0.3229448016945722,0.5026735451967033,0.05219647288322449,0.07085409760475159,0.01057363382089091,0.010162020156044152,-2.2260326580833496,9.852328645578588,0.4542477218366656,road,1,1,2,0,0.4467975206611571,0.414328231292517,0.06267201834862385,0
852,44.119,1790926321.4256,195.76501846313477,24.681806564331055,1,0,0.32198473068111044,0.501683631036046,0.05314125493168831,0.056192703545093536,0.004758084737133948,0.01021285897945709,-2.248896136634478,10.099424369508824,0.620175483440967,road,1,1,2,0,0.4452909779614325,0.413265306122449,0.0625,0
853,44.1778,1790926321.4707,186.4023208618164,21.685361862182617,1,0,0.32258705339543314,0.5031493687843227,0.04958787187933922,0.057456083595752716,0.009284092995519948,0.010065276285800761,-2.142372639841237,9.981331806443727,0.620175483440967,road,1,1,2,0,0.44641012396694213,0.414328231292517,0.06224197247706422,0
854,44.2247,1790926321.5281,205.55806159973145,36.914825439453125,1,0,0.3210920396828292,0.5028721775765124,0.04725830256938934,0.0949297845363617,0.022992280511776774,0.00995886281971518,-2.0242356755942286,9.590889002454798,0.5006432614771725,road,1,1,2,0,0.4460227272727273,0.41464710884353745,0.06186926605504587,0
855,44.2809,1790926321.572,190.78874588012695,27.599811553955078,1,0,0.3208923919134852,0.5017724214520095,0.04659619182348251,0.12697264552116394,0.029605115932768225,0.010358637768291866,-1.8625676375698816,9.402077135561635,0.43142944611506095,road,1,1,2,0,0.44554924242424243,0.41539115646258506,0.06247133027522936,0
856,44.3249,1790926321.6181,216.18962287902832,41.92996025085449,1,0,0.32022864238721227,0.5014690741057891,0.04733337089419365,0.11777430027723312,0.027073688298894182,0.010623077202646275,-1.8856082158766758,9.420838634041091,0.43142944611506095,road,1,1,2,0,0.44722796143250687,0.4156037414965986,0.06258600917431192,0
857,44.3726,1790926321.6772,197.24512100219727,29.018163681030273,1,0,0.31974744296983687,0.500751212974588,0.05050655081868172,0.07240267097949982,0.011648450484074362,0.01068245631438282,-2.1214016705159744,9.833900165642449,0.46329529524611957,road,1,1,2,0,0.44671143250688705,0.41464710884353745,0.06232798165137615,0
858,44.4299,1790926321.7174,234.91859436035156,46.683311462402344,1,0,0.32163231006354553,0.5043937154145803,0.048769768327474594,0.0740114152431488,0.013741987354820342,0.010690648411823107,-2.1106082785398304,9.792829501129296,0.46329529524611957,road,1,1,2,0,0.44658230027548207,0.4141687925170068,0.062299311926605504,0
859,44.4706,1790926321.7759,199.71466064453125,24.364948272705078,1,0,0.32078283009647535,0.5039156181137227,0.048687104135751724,0.08640357106924057,0.021936907210073343,0.010479204184240469,-2.0499239465108157,9.570523334916023,0.3436588302288257,road,1,1,2,0,0.4477875344352617,0.4135841836734694,0.06247133027522936,0
860,44.5301,1790926321.8209,193.91369819641113,17.43173599243164,1,0,0.3204784970553004,0.5027806147064839,0.047501932829618454,0.1335390955209732,0.030923996074163802,0.01036424960993126,-1.96370335873924,9.347974002377734,0.3436588302288257,road,1,1,2,0,0.4484331955922865,0.4130527210884354,0.06272935779816513,0
861,44.5736,1790926321.8679,203.88245582580566,43.343305587768555,1,0,0.3199979438746194,0.5014745571905783,0.04805145785212517,0.11790274828672409,0.026125725166534452,0.010195881525480397,-1.956310934581768,9.43557922821928,0.3906699532796267,road,1,1,2,0,0.4480888429752066,0.4135841836734694,0.06235665137614679,0
862,44.6223,1790926321.9252,194.83184814453125,22.983551025390625,1,0,0.3196315374727223,0.5007450829436522,0.05077480524778366,0.08208008855581284,0.013257240044161454,0.010251724579378,-2.1551414469701626,9.959506729037242,0.5215484536117643,road,1,1,2,0,0.449896694214876,0.4139562074829932,0.06281536697247705,0
863,44.6772,1790926321.966,214.80154991149902,54.514169692993164,1,0,0.32175043297458783,0.5030532386259721,0.05055199936032295,0.05448506772518158,0.005239323815890981,0.009475722484962307,-2.2348575463352485,10.121757566449734,0.58768145553843,road,1,1,2,0,0.45041322314049587,0.41400935374149656,0.0626433486238532,0
864,44.7185,1790926322.024,204.83994483947754,36.89408302307129,1,0,0.3227176608135569,0.5048231260002466,0.04982674866914749,0.04610249027609825,0.002351325864551937,0.009795737421109799,-2.314124952812378,10.144046348959533,0.58768145553843,road,1,1,2,0,0.4508436639118457,0.4139030612244898,0.06301605504587156,0
865,44.7764,1790926322.0642,193.43185424804688,23.339033126831055,1,0,0.3233457295978511,0.5043752382853424,0.04917038977146149,0.04309404268860817,0.00126593071925408,0.008828560950516777,-2.3863166174940775,10.231516589419664,0.5750014693754224,road,1,1,2,0,0.4521349862258953,0.4114583333333333,0.06333142201834861,0
866,44.816,1790926322.1139,202.77142524719238,28.95355224609375,1,0,0.3236085752456531,0.5049721720585412,0.04904234781861305,0.04147842526435852,0.0010444648706508949,0.009075520973725234,-2.4063200580194914,10.253278586579805,0.5290160963079984,road,1,1,2,0,0.45385674931129477,0.4101296768707483,0.06310206422018348,0
867,44.8657,1790926322.1606,202.14247703552246,20.412921905517578,1,0,0.32390479527351246,0.5047451449179515,0.04830188304185867,0.04069460928440094,0.0009113775342792847,0.009475198206704323,-2.4389237651926394,10.283097805623838,0.5750014693754224,road,1,1,2,0,0.4555785123966942,0.40853528911564624,0.06307339449541284,0
868,44.9121,1790926322.2048,212.68439292907715,49.207448959350586,1,0,0.3241450330603849,0.5046713553202163,0.047935422509908676,0.0407717227935791,0.000923690990556223,0.009793622163691068,-2.4392615976303276,10.287086698493628,0.5799634319788254,road,1,1,2,0,0.45596590909090906,0.4078975340136054,0.06384747706422018,0
869,44.9597,1790926322.267,190.66643714904785,24.658679962158203,1,0,0.32427272510308325,0.5046274918282944,0.0475286990404129,0.040721993893384933,0.0009094377205854703,0.01007717018361228,-2.4465331992376136,10.292021472126056,0.5879864089886198,road,1,1,2,0,0.45734331955922863,0.4088541666666667,0.0636467889908257,0
870,45.0185,1790926322.3055,239.26925659179688,56.32901191711426,1,0,0.3241522671834502,0.5082301134055786,0.049105361104011536,0.038055676966905594,0.001393011775908273,0.01034091402179965,-5.644410911627835,10.501190376740098,0.5986388544589119,road,1,1,2,0,0.4606146694214876,0.406515731292517,0.06401949541284403,0
871,45.0584,1790926322.3617,215.9881591796875,33.93197059631348,1,0,0.3307111970347816,0.37984249633661615,0.03518766164779663,0.025764254853129387,0.0012415090653395972,0.010559338193615013,-8.675472227722748,10.139091321227804,2.8814626547909796,road,1,1,2,0,0.4599690082644628,0.40880102040816324,0.06462155963302753,0
872,45.1139,1790926322.4071,201.68828964233398,30.086994171142578,1,0,0.3397446153451078,0.3706734097101066,0.03667017072439194,0.02139366790652275,0.0010872838495237808,0.010781133379752733,-13.266652882176597,9.263317289426505,18.87368356932494,road,1,1,2,0,0.4615616391184573,0.40438988095238093,0.06430619266055046,0
873,45.1602,1790926322.4526,231.82368278503418,35.25209426879883,1,0,0.3563171226635354,0.35310789556511146,0.037737876176834106,0.018467027693986893,0.000676811080301398,0.01092490870367463,-17.515684799365946,8.301582691295147,23.655796235985363,hazard_right,1,1,2,0,0.4617768595041322,0.4055059523809524,0.0647362385321101,0
874,45.2057,1790926322.5124,209.8243236541748,34.75642204284668,1,0,0.36313178750226194,0.32812133686064604,0.03707569092512131,0.015133926644921303,0.0006198851668771841,0.011130343670820267,-19.745912970700598,8.226841584404752,29.03416216713323,hazard_right,1,1,2,0,0.4646608126721763,0.40290178571428575,0.0641915137614679,0
875,45.2662,1790926322.5604,223.04654121398926,41.223764419555664,1,0,0.37352846134964235,0.31024361418434426,0.03757976368069649,0.011892487294971943,0.0006852912342541685,0.010924856190209284,-22.525417204621068,7.412457889934687,33.51137936733196,passenger,1,1,2,0,0.46642561983471076,0.40151998299319724,0.06413417431192661,0
876,45.3132,1790926322.6257,188.7967586517334,29.13522720336914,1,0,0.38048527479013833,0.312185242632644,0.03554140403866768,0.011102416552603245,0.0008778291050394789,0.010044006194291716,-23.176334799386613,7.178034816029127,37.69977625653323,passenger,1,1,2,0,0.46715736914600553,0.39902210884353745,0.06436353211009174,0
877,45.3777,1790926322.6681,191.50710105895996,21.71182632446289,1,0,0.3869147575751385,0.32520077059169994,0.033163800835609436,0.011273459531366825,0.0011409645456843386,0.009307623151155403,-23.915338287066064,7.115518178072592,37.69977625653323,passenger,1,1,2,0,0.46952479338842973,0.39700255102040816,0.06450688073394495,0
878,45.4216,1790926322.7258,195.61123847961426,32.231807708740234,1,0,0.3879614085632789,0.33388045189393734,0.03267941623926163,0.011227556504309177,0.001164182347463176,0.009149371597536033,-24.115802781456445,6.950818743024346,37.286984680459746,passenger,1,1,2,0,0.46892217630853994,0.3946109693877551,0.06528096330275229,0
879,45.4798,1790926322.7686,195.906400680542,29.53791618347168,1,0,0.3883387917900938,0.32218866678185265,0.03178386017680168,0.010724073275923729,0.00135162483503992,0.008455141642200813,-24.16191578434723,6.899599429355179,37.286984680459746,passenger,1,1,2,0,0.4712465564738292,0.39291028911564624,0.06533830275229359,0
880,45.5204,1790926322.812,214.57886695861816,49.84235763549805,1,0,0.3876549324450718,0.3103241228364563,0.034224700182676315,0.009578456170856953,0.0034261309983802317,0.0082555530264899,-24.15336650867666,6.690565382560105,37.80817525870978,passenger,1,1,2,0,0.47004132231404955,0.391156462585034,0.06513761467889909,0
881,45.5662,1790926322.8649,196.22278213500977,30.486583709716797,1,1,0.11743563387862713,0.3782640136002561,0.5195356011390686,0.0209280364215374,0.013516936165269479,0.006185219139458103,-23.96004252542621,6.355552451114666,37.80817525870978,passenger,1,1,2,0,0.4677599862258953,0.38844600340136054,0.06413417431192661,0
882,45.6177,1790926322.908,193.57013702392578,21.71015739440918,1,1,0.13978708761628134,0.4301130986529473,0.4001096785068512,0.022070379927754402,0.014823087672173167,0.004470792350465637,-23.920945797505958,6.162036470607634,37.80817525870978,passenger,1,1,2,0,0.4673725895316804,0.3891369047619047,0.06502293577981651,0
883,45.6603,1790926322.9676,186.71798706054688,40.1303768157959,1,0,0.2979154449322524,0.37240554087149436,0.09658108651638031,0.014653103426098824,0.010047383375176014,0.004170256685798375,-23.901411595868765,5.89083332497626,37.80817525870978,passenger,1,1,2,0,0.4705578512396694,0.38589498299319724,0.06608371559633028,0
884,45.7196,1790926323.0092,199.2177963256836,23.052692413330078,1,0,0.3909347502695147,0.3448649017662717,0.0284341461956501,0.012533052824437618,0.009948329680097614,0.004503910740258677,-24.11467807715295,6.734795671939978,35.38971794410382,passenger,1,1,2,0,0.46956783746556474,0.38185586734693877,0.06536697247706422,0
885,45.7613,1790926323.0531,183.63285064697266,21.073102951049805,1,0,0.41597885164509546,0.3448450584659102,0.017776068300008774,0.03362163156270981,0.027303513012818515,0.006733097962551577,-24.033360979688357,6.995782794983746,35.32413970628146,passenger,1,1,2,0,0.46922348484848486,0.3836628401360544,0.06559633027522936,0
886,45.8056,1790926323.1087,194.03624534606934,31.218528747558594,1,0,0.41951165636296894,0.3444627837350134,0.01643211580812931,0.03125083073973656,0.027393905098215193,0.008262197278962062,-23.879739780212834,7.100049305476914,35.32413970628146,passenger,1,1,2,0,0.468879132231405,0.3821215986394558,0.06551032110091742,0
887,45.8607,1790926323.1507,186.934232711792,17.957448959350586,1,0,0.4208749359981784,0.34012346261686466,0.015740610659122467,0.013980015181005001,0.012684705365989823,0.00831902539771109,-24.02137688646138,7.147736561429741,35.32413970628146,passenger,1,1,2,0,0.4666408402203857,0.3828125,0.06528096330275229,0
888,45.9022,1790926323.2037,195.62101364135742,42.600393295288086,1,0,0.4152750286966932,0.3360433104856766,0.016975685954093933,0.012796685099601746,0.007990012183545165,0.008237196112805717,-24.155169928054786,6.870328457637789,35.80955031857117,passenger,1,1,2,0,0.46715736914600553,0.3799426020408163,0.06493692660550458,0
889,45.958,1790926323.2539,200.87623596191406,28.230667114257812,1,0,0.4149256884220685,0.3397505458223591,0.019623903557658195,0.012278003618121147,0.008196372994521584,0.008142391270618428,-24.104855075456623,6.85374205860073,35.91813443858426,passenger,1,1,2,0,0.4652203856749311,0.37946428571428575,0.06513761467889909,0
890,46.0061,1790926323.3002,183.08138847351074,22.013187408447266,1,0,0.41313692628965615,0.34218018578798565,0.02085992321372032,0.01572568714618683,0.013364322453821754,0.008132565267610555,-24.10775801223428,6.769976976851242,35.91813443858426,passenger,1,1,2,0,0.46461776859504134,0.37590348639455784,0.06510894495412844,0
891,46.0539,1790926323.3542,200.80280303955078,28.272390365600586,1,0,0.41274523261538143,0.3431930448787413,0.020039677619934082,0.017915135249495506,0.014296140103007135,0.008130231582204512,-24.097847394726926,6.697607504632306,35.66563603527918,passenger,1,1,2,0,0.4662103994490358,0.37436224489795916,0.06510894495412844,0
892,46.107,1790926323.3968,194.70453262329102,26.50308609008789,1,0,0.410935097903473,0.33742022378803116,0.020693356171250343,0.01112255360931158,0.004995978719596698,0.00801610869114657,-24.075787868666012,6.782070631535659,35.66563603527918,passenger,1,1,2,0,0.4665547520661157,0.3721301020408163,0.06528096330275229,0
893,46.1486,1790926323.4464,203.4471035003662,46.93269729614258,1,0,0.40755644313631695,0.3248613527871275,0.02273484878242016,0.010445899330079556,0.004585756727993014,0.007898696190326848,-24.39975674955981,6.9098081887115645,36.13844250027999,passenger,1,1,2,0,0.46534951790633605,0.3707482993197279,0.06525229357798165,0
894,46.2003,1790926323.4966,209.1219425201416,29.99711036682129,1,0,0.41139476459858215,0.3213524421379782,0.02218441665172577,0.02334197610616684,0.018879666644831743,0.007987826950475185,-24.52683479902623,7.025274915536218,37.725657842978265,passenger,1,1,2,0,0.4647038567493113,0.3719706632653061,0.06493692660550458,0
895,46.2484,1790926323.534,206.1634063720703,19.490480422973633,1,0,0.4129257380354368,0.3263424238537129,0.02156923897564411,0.0456618033349514,0.02769358766669876,0.008626791767490835,-24.344275383195118,6.893899802902638,37.725657842978265,passenger,1,1,2,0,0.4672004132231405,0.36973852040816324,0.06559633027522936,0
896,46.288,1790926323.5972,219.0992832183838,23.341894149780273,1,0,0.41784094232626623,0.3482685080264484,0.01991209387779236,0.03961019963026047,0.024774723287268846,0.008820401808540922,-24.36837830670392,6.915406093197351,37.524102862184385,passenger,1,1,2,0,0.4670712809917355,0.3681972789115646,0.0648795871559633,0
897,46.3506,1790926323.6443,256.73532485961914,53.537607192993164,1,0,0.4128889014223509,0.35095866507381446,0.02029619924724102,0.01319164875894785,0.006669398438131572,0.008560317877595132,-24.08915838245217,6.5495473168037455,35.24370933981835,passenger,1,1,2,0,0.4671143250688706,0.3681972789115646,0.06482224770642203,0
898,46.3973,1790926323.7217,219.67577934265137,38.85006904602051,1,0,0.40899269523935466,0.33400988989461533,0.022129947319626808,0.010036182589828968,0.005535808049608126,0.008340568915603213,-24.29228605871367,6.86544569470436,35.24370933981835,passenger,1,1,2,0,0.468879132231405,0.3667091836734694,0.06476490825688073,0
899,46.4766,1790926323.7675,222.4278450012207,29.283761978149414,1,0,0.41072375756028767,0.31762172293769597,0.021534226834774017,0.04875103384256363,0.03499304885614273,0.009248525224455557,-24.148154299593354,7.820945369619886,36.67638713081121,passenger,1,1,2,0,0.46836260330578516,0.36410501700680276,0.06551032110091742,0
900,46.5201,1790926323.8289,218.4314727783203,33.60295295715332,1,0,0.41333778976638585,0.3169941870862927,0.01877639815211296,0.09535040706396103,0.04381762931652732,0.010791665689080078,-24.03464175671413,7.781830557979696,38.24727268395475,passenger,1,1,2,0,0.4689652203856749,0.36527423469387754,0.06585435779816515,0
901,46.5833,1790926323.8787,207.1707248687744,26.383399963378906,1,0,0.4136692569782175,0.3201860530760233,0.018189316615462303,0.04619024693965912,0.03164138844475554,0.011140442497424371,-23.872337420319518,7.437385360402334,38.24727268395475,passenger,1,1,2,0,0.4693526170798898,0.36516794217687076,0.06502293577981651,0
902,46.631,1790926323.9283,224.72023963928223,53.18140983581543,1,0,0.41265900423756136,0.3234301073615452,0.017604660242795944,0.01553193386644125,0.013668679672264596,0.011157046069416266,-23.815805569212408,7.347422523565647,37.777341522018205,passenger,1,1,2,0,0.46969696969696967,0.36516794217687076,0.06533830275229359,0
903,46.6828,1790926323.9925,197.890043258667,34.34109687805176,1,0,0.40846563521604506,0.31638140457853026,0.01931503228843212,0.012266432866454124,0.006533204711648399,0.011298608630112313,-24.242455140999954,7.255404550428474,37.777341522018205,passenger,1,1,2,0,0.46801825068870523,0.36612457482993194,0.06545298165137614,0
904,46.7446,1790926324.0337,206.31027221679688,22.79186248779297,1,0,0.408222418697562,0.31832839746616626,0.019562996923923492,0.01378623303025961,0.004888512560598875,0.011513830634675246,-24.273403044020313,7.146086200944557,38.30595167135293,passenger,1,1,2,0,0.4685347796143251,0.36410501700680276,0.06530963302752295,0
905,46.787,1790926324.0935,225.25787353515625,35.26186943054199,1,0,0.41019843886267265,0.32101530872531703,0.019866948947310448,0.015727953985333443,0.012964137625105539,0.011293973074133124,-24.152624469511323,6.9555879940278995,38.30595167135293,passenger,1,1,2,0,0.4684486914600551,0.36341411564625853,0.06513761467889909,0
906,46.847,1790926324.1391,218.4453010559082,36.7434024810791,1,0,0.41071787734465537,0.33075608683248414,0.019132880493998528,0.027252718806266785,0.02087980516743665,0.01106022760135251,-24.0990983279308,6.867815264574475,37.92355117315503,passenger,1,1,2,0,0.46831955922865015,0.36468962585034015,0.06516628440366973,0
907,46.8928,1790926324.1914,232.39588737487793,43.456315994262695,1,0,0.4100181468144138,0.3325900278739231,0.01927797496318817,0.02822880819439888,0.020255593557793133,0.011071455927790295,-23.945003445685277,7.101653900408846,36.857028259459426,passenger,1,1,2,0,0.4678460743801653,0.36394557823129253,0.06485091743119266,0
908,46.9493,1790926324.2607,201.85256004333496,32.998085021972656,1,0,0.40935793734677,0.3343776897498791,0.019268732517957687,0.015260383486747742,0.00982636522983233,0.011009340628634552,-23.915262755962353,7.005000548805513,36.536399038207364,passenger,1,1,2,0,0.4677169421487603,0.36516794217687076,0.06447821100917431,0
909,47.0139,1790926324.3043,202.43072509765625,21.029949188232422,1,0,0.40833497834618554,0.3358293596159049,0.01994321681559086,0.009412269107997417,0.0033931036812291098,0.011509027925451004,-24.1871490670305,6.649536205759163,36.39801179376312,passenger,1,1,2,0,0.46913739669421484,0.3655399659863946,0.06545298165137614,0
910,47.0572,1790926324.3644,213.91654014587402,35.94088554382324,1,0,0.40412093983456765,0.33920128809797323,0.020079346373677254,0.010022817179560661,0.00475649029951086,0.011791475919035859,-23.396958435730006,6.8373424026090985,36.32409467386797,passenger,1,1,2,0,0.4699121900826446,0.3656462585034014,0.06533830275229359,0
911,47.1171,1790926324.4067,215.09361267089844,26.763916015625,1,0,0.3819564567902494,0.36317394853590307,0.021465327590703964,0.03191981464624405,0.021206176521672174,0.01156097252171396,-19.000618065807636,7.090064376798326,35.386753872997566,passenger,1,1,2,0,0.46930957300275483,0.36495535714285715,0.0654243119266055,0
912,47.1587,1790926324.4547,193.05729866027832,18.253564834594727,1,0,0.36672636168199635,0.35086131152345273,0.021461691707372665,0.13574333488941193,0.04025729356989283,0.012315908473853778,-16.04309218329549,7.901958926638421,29.21359227051222,passenger,1,1,2,0,0.4684056473829201,0.36394557823129253,0.06539564220183486,0
913,47.2078,1790926324.5149,205.5959701538086,26.652812957763672,1,0,0.353409484289122,0.344714736570637,0.021527370437979698,0.20059841871261597,0.048527743152754876,0.014018159427645616,-13.408992398095036,8.576716028076046,28.044594412688905,passenger,1,1,2,0,0.46892217630853994,0.3644238945578231,0.06470756880733945,0
914,47.2669,1790926324.5594,218.02854537963867,28.63001823425293,1,0,0.3460361290997894,0.4039347455073722,0.022927097976207733,0.07420074194669724,0.013718192136333556,0.013968037555079407,-10.892939383213792,9.213964180868064,26.497771305285287,passenger,1,1,2,0,0.46836260330578516,0.36474277210884354,0.065625,0
915,47.3129,1790926324.6248,193.22991371154785,21.238088607788086,1,0,0.34626935842263357,0.3936476583749353,0.026529716327786446,0.055207639932632446,0.00625600266540524,0.014202060988701377,-9.689588508534678,9.97435857995586,18.269067687421433,passenger,1,1,2,0,0.4693526170798898,0.36506164965986393,0.06599770642201834,0
916,47.378,1790926324.6722,201.2197971343994,25.794029235839844,1,0,0.3417625930602904,0.43874237718623554,0.030766895040869713,0.04549436643719673,0.0028113485405993504,0.01439474395296485,-8.747979727936347,9.735726661040381,18.191015677891087,hazard_right,1,1,2,0,0.4673725895316804,0.36888818027210885,0.065625,0
917,47.4245,1790926324.7287,205.46960830688477,50.63056945800781,1,0,0.34168848006760516,0.43864613180941703,0.03238115459680557,0.044335927814245224,0.001950984072966282,0.014581867008202702,-8.239268276083758,9.88234396105843,12.75433572050428,hazard_right,1,1,2,0,0.46651170798898073,0.36904761904761907,0.06525229357798165,0
918,47.4819,1790926324.7817,182.28626251220703,28.32770347595215,1,0,0.33963422279331945,0.43757341429738095,0.033002033829689026,0.04100075364112854,0.0018026995259345787,0.014430967734495941,-7.957311100920634,10.143856403371313,12.341158554119524,hazard_right,1,0,2,0,0.4678460743801653,0.36941964285714285,0.06533830275229359,0
919,47.5339,1790926324.8195,222.14961051940918,48.278093338012695,1,0,0.3389942028585583,0.42329933550626125,0.03320693597197533,0.043019820004701614,0.0018202250319715586,0.013206874844339647,-7.824235627922582,10.690007475256913,12.341158554119524,hazard_right,1,1,2,0,0.4668560606060606,0.3692602040816326,0.065625,0
920,47.5727,1790926324.877,202.1315097808838,31.342744827270508,1,0,0.337729409277877,0.4137842206831712,0.033560436218976974,0.042481061071157455,0.0015643812336252217,0.013157441258767529,-7.697977980298939,10.528074640618039,13.605989698540064,hazard_right,1,1,2,0,0.4660812672176309,0.3713329081632653,0.06528096330275229,0
921,47.6291,1790926324.9223,200.38270950317383,24.843692779541016,1,0,0.3382738329032714,0.426196855646668,0.03377171978354454,0.038164496421813965,0.0012755247156103306,0.012713593086988604,-7.824732212880952,10.644053868150502,13.605989698540064,hazard_right,1,1,2,0,0.4665977961432507,0.3735119047619047,0.06513761467889909,0
922,47.6754,1790926324.973,207.94034004211426,51.22876167297363,1,0,0.3368618038262502,0.42675163934949567,0.03381713107228279,0.03630742058157921,0.0011221955755508935,0.012919594319248263,-7.879026179553191,10.732663311665249,13.302399869015211,hazard_right,1,1,2,0,0.46577995867768596,0.3715454931972789,0.06516628440366973,0
923,47.7277,1790926325.0212,210.31785011291504,35.700321197509766,1,0,0.3370359238257522,0.42466746502371655,0.0334521047770977,0.034882426261901855,0.0010885017289671327,0.01307341769984344,-7.819165639082119,10.731670944068442,13.302399869015211,hazard_right,1,1,2,0,0.46599517906336085,0.37218324829931976,0.06530963302752295,0
924,47.7739,1790926325.0649,195.8751678466797,24.855613708496094,1,0,0.33758404195712083,0.43224597016525534,0.03412642702460289,0.039260659366846085,0.008347231508439723,0.013013929908552173,-7.582652059932021,10.2097959895453,13.289368358967998,hazard_right,1,1,2,0,0.4653925619834711,0.374468537414966,0.06568233944954129,0
925,47.8181,1790926325.1253,189.8975372314453,40.044546127319336,1,0,0.3376551402490204,0.43261989004872353,0.033527620136737823,0.03940797597169876,0.00665386640411653,0.013043581836815163,-7.518111825260629,10.214292327720242,12.466313187086342,hazard_right,1,1,2,0,0.46681301652892565,0.3726084183673469,0.06490825688073394,0
926,47.8777,1790926325.1656,193.59207153320312,25.13885498046875,1,0,0.3387147481427773,0.4293427254799531,0.03367331996560097,0.04035988077521324,0.0060941073765689606,0.012873520885753085,-7.482207132432327,10.167593536629006,12.466313187086342,hazard_right,1,1,2,0,0.46590909090909094,0.3752125850340136,0.06539564220183486,0
927,47.9181,1790926325.2069,220.48163414001465,48.960208892822266,1,0,0.3409555731487832,0.4300800024832887,0.03131137415766716,0.0422990545630455,0.00977504155382007,0.012662525875340162,-7.234351396574784,9.607007674886283,12.403758192683647,hazard_right,1,1,2,0,0.4650051652892562,0.3758503401360544,0.06467889908256881,0
928,47.9614,1790926325.2653,205.88922500610352,34.897565841674805,1,0,0.34279547669642796,0.42662519215142297,0.030233057215809822,0.14646945893764496,0.03192796344619111,0.013565225672418593,-7.164683787085475,9.28043022144672,12.687341272310704,hazard_right,1,1,2,0,0.4650912534435262,0.3787202380952381,0.06499426605504587,0
929,48.019,1790926325.307,223.30451011657715,29.38246726989746,1,0,0.34415585225928425,0.42688274620043587,0.028916968032717705,0.16314689815044403,0.03607326692735768,0.014519260419732638,-7.109820148704593,8.949621669957011,12.635592384072496,hazard_right,1,1,2,0,0.46754476584022037,0.3825999149659864,0.065625,0
930,48.0592,1790926325.3657,210.9811305999756,44.826507568359375,1,0,0.34493967207332704,0.4174243656022391,0.029699746519327164,0.14863774180412292,0.03268202266538885,0.015054625215972572,-7.189775055084727,8.957414246282076,12.708264002938684,hazard_right,1,1,2,0,0.46857782369146006,0.3823873299319728,0.06553899082568806,0
931,48.1191,1790926325.4115,224.9009609222412,31.514883041381836,1,0,0.3440575816942779,0.42244261387632737,0.029598167166113853,0.07493788748979568,0.013203805980154481,0.014957106128357385,-7.149961525263515,9.023861056784066,13.134843481631911,hazard_right,1,1,2,0,0.47004132231404955,0.38275935374149656,0.06551032110091742,0
932,48.1636,1790926325.4577,203.41777801513672,22.565364837646484,1,0,0.34442125441749005,0.4186080546081513,0.03070840984582901,0.06461644172668457,0.011698064942388597,0.013623710015464141,-7.1640275072817925,9.061813426513076,13.548862737421977,hazard_right,1,1,2,0,0.4697400137741047,0.3840880102040816,0.06556766055045872,0
933,48.2094,1790926325.5243,207.0777416229248,34.0428352355957,1,0,0.3451962362313483,0.4162786114804379,0.030787775292992592,0.07217013090848923,0.017542701113371098,0.01085258631377938,-7.185517196292193,9.064539408017934,13.548862737421977,hazard_right,1,1,2,0,0.46956783746556474,0.38345025510204084,0.06516628440366973,0
934,48.2763,1790926325.5682,220.1550006866455,27.260541915893555,1,0,0.3458504017778383,0.4138997583207301,0.031244225800037384,0.061306826770305634,0.015050074513957378,0.010876983779664144,-7.165538369793617,9.081784552242416,13.8111446206291,hazard_right,1,1,2,0,0.46883608815426997,0.38275935374149656,0.06579701834862386,0
935,48.3206,1790926325.6338,212.0518684387207,22.872447967529297,1,0,0.3451075833658147,0.41326573048567605,0.031155940145254135,0.04592756927013397,0.0053884510583204395,0.0108952856757011,-7.268355151363026,9.479494913895678,14.044106504973698,hazard_right,1,1,2,0,0.46857782369146006,0.3826530612244898,0.0654243119266055,0
936,48.3861,1790926325.6851,212.20731735229492,30.173063278198242,1,0,0.34416916406863163,0.4139362330946015,0.03370032086968422,0.03784362971782684,0.00811653130284376,0.010771332351713183,-7.193420701857346,9.49887004435826,14.063479220134631,hazard_right,1,1,2,0,0.468879132231405,0.38217474489795916,0.06530963302752295,0
937,48.4395,1790926325.7361,214.59531784057617,51.86605453491211,1,0,0.3440307509862904,0.40895974145317526,0.030470650643110275,0.14450787007808685,0.03194885691868565,0.01151710453533352,-7.166099424274902,9.29263954843495,14.196176703846128,hazard_right,1,1,2,0,0.4684056473829201,0.38217474489795916,0.06493692660550458,0
938,48.4912,1790926325.7946,210.96253395080566,33.01668167114258,1,0,0.34296553562248566,0.41205194949011226,0.03196964040398598,0.12603972852230072,0.02735834888255399,0.011713236293358839,-6.941223818105034,9.100351720006946,14.063479220134631,hazard_right,1,1,2,0,0.46922348484848486,0.3821215986394558,0.06539564220183486,0
939,48.5468,1790926325.8351,197.40915298461914,23.892879486083984,1,0,0.34146891410271063,0.4104890929116979,0.03334178030490875,0.06480620801448822,0.007128035147358119,0.011505319887555794,-6.985070073474594,9.322695357583251,14.251788619449322,hazard_right,1,1,2,0,0.4678460743801653,0.38174957482993194,0.06499426605504587,0
940,48.5877,1790926325.8947,200.79541206359863,33.35905075073242,1,0,0.34113463757550755,0.42570903804483295,0.034714195877313614,0.051415108144283295,0.002756621375745707,0.011445209235365619,-7.19330952833412,9.772736611935178,14.051333871372861,hazard_right,1,1,2,0,0.4696539256198347,0.38185586734693877,0.06528096330275229,0
941,48.6476,1790926325.9426,191.2226676940918,25.86960792541504,1,0,0.3403003764500703,0.4249547534445869,0.035812679678201675,0.046594373881816864,0.0014561362943995592,0.01143542092144601,-7.048227663326572,10.002578356088758,12.828203518750065,hazard_right,1,1,2,0,0.4684056473829201,0.3812712585034014,0.06505160550458715,0
942,48.6949,1790926325.9849,221.69089317321777,48.81787300109863,1,0,0.33887478077734484,0.42238741233458066,0.0383889302611351,0.04483168199658394,0.0011985226221211472,0.011431211086693394,-6.879882876412625,10.179643623161036,12.828203518750065,hazard_right,1,1,2,0,0.46715736914600553,0.38217474489795916,0.06525229357798165,0
943,48.7386,1790926326.041,202.57329940795898,31.406164169311523,1,0,0.3404692559486693,0.42172970517576336,0.03848414868116379,0.04303458705544472,0.0009968353106013129,0.01143631379395073,-6.797795680958644,10.186240483606385,12.915915289186657,hazard_right,1,1,2,0,0.46651170798898073,0.3802083333333333,0.06545298165137614,0
944,48.7931,1790926326.0835,207.57174491882324,22.443771362304688,1,0,0.33959432341024653,0.4208659059149606,0.038824133574962616,0.04625346511602402,0.000929537903367604,0.01172284691666526,-6.7701692407265375,10.255307977872526,12.91661990844377,hazard_right,1,1,2,0,0.46668388429752067,0.3791454081632653,0.06519495412844037,0
945,48.8367,1790926326.1474,198.15611839294434,39.03317451477051,1,0,0.3386417504516571,0.4265918380705605,0.038430340588092804,0.044534195214509964,0.0008922823370426694,0.011953584122363314,-6.699368100986524,10.286231993473375,12.91661990844377,hazard_right,1,1,2,0,0.46715736914600553,0.3797831632653061,0.06519495412844037,0
946,48.8998,1790926326.1889,207.04102516174316,25.409698486328125,1,0,0.34007529096596245,0.43417452308864046,0.03767402097582817,0.04563054069876671,0.0009903298680853673,0.012153463451587545,-6.42084782672739,10.448368214028008,12.324595978565576,hazard_right,1,1,2,0,0.465736914600551,0.37930484693877553,0.0654243119266055,0
947,48.941,1790926326.2308,219.18272972106934,47.28078842163086,1,0,0.3401828272418024,0.4303991887386356,0.037157002836465836,0.04628051817417145,0.0009878622840674626,0.01241295163583165,-6.32335270120607,10.452953916487454,11.612270175445552,hazard_right,1,1,2,0,0.4652203856749311,0.3792517006802721,0.06490825688073394,0
948,48.9823,1790926326.2875,198.26579093933105,27.031898498535156,1,0,0.34074977983565263,0.44849178922161437,0.036230143159627914,0.04545008763670921,0.0010192214184477702,0.011796289702320552,-6.16513704393609,10.467488488406154,11.297289494177974,hazard_right,1,1,2,0,0.4650051652892562,0.3789859693877551,0.06502293577981651,0
949,49.0404,1790926326.3318,196.19083404541016,23.489713668823242,1,0,0.3383620181703698,0.49647161769081316,0.036958444863557816,0.05067140981554985,0.0007740635109107222,0.010458327785580594,-5.454790910964363,10.466644577314097,9.582380625963971,hazard_right,1,1,2,0,0.465736914600551,0.3763818027210884,0.06490825688073394,0
950,49.0845,1790926326.3887,197.08943367004395,40.46773910522461,1,0,0.3369143041760163,0.5072887232846578,0.03937052562832832,0.05265440419316292,0.000658040338069978,0.009087874834949201,-4.784990212658326,10.400117386005123,3.9573705942256225,hazard_right,1,1,2,0,0.4667269283746556,0.3753720238095238,0.06516628440366973,0
951,49.1408,1790926326.4307,192.1823024749756,34.438133239746094,1,0,0.33365227087457167,0.5142348693220847,0.03653956577181816,0.056833624839782715,0.0006187405267889672,0.00910715988175301,-3.6307178096873134,10.194089233819772,2.265147868499213,road,1,1,2,0,0.4672004132231405,0.3743090986394558,0.06522362385321101,0
952,49.1834,1790926326.4752,220.42202949523926,50.91524124145508,1,0,0.3331412414094524,0.5047492036332991,0.035545434802770615,0.049088865518569946,0.00046941732137522404,0.009138607730368524,-3.635480604058912,10.317566039116876,1.575136734494997,road,1,1,2,0,0.4663395316804408,0.37356505102040816,0.06568233944954129,0
953,49.2274,1790926326.526,200.8976936340332,32.29069709777832,1,0,0.33253684529932337,0.5135430534225194,0.03678540140390396,0.050231341272592545,0.0007523208432430357,0.008834695105530005,-3.2588341431670047,10.37423627335867,0.5759535000667881,road,1,1,2,0,0.4658660468319559,0.3735119047619047,0.06548165137614678,0
954,49.2773,1790926326.5661,191.21074676513672,25.885581970214844,1,0,0.3308773228442836,0.5049226449236764,0.03741926699876785,0.04528726264834404,0.0007629389678155912,0.008606213303254798,-2.869656504070564,10.355360391019142,0.9197330472513912,road,1,1,2,0,0.4660812672176309,0.3739902210884354,0.06556766055045872,0
955,49.3178,1790926326.6249,210.93273162841797,37.645816802978516,1,0,0.3316280968434684,0.5103254034787664,0.0383516401052475,0.04639416188001633,0.0005878366065726131,0.0084456735135864,-2.7883277964052677,10.273017767227373,0.3391106249352305,road,1,1,2,0,0.46577995867768596,0.3723958333333333,0.06522362385321101,0
956,49.3775,1790926326.6707,202.3947238922119,34.75189208984375,1,0,0.33047667246415285,0.5115054373677409,0.03908025473356247,0.04887695610523224,0.0007569348602442288,0.008481595106076708,-2.6329750736935695,10.116867060212137,0.2852147425223137,road,1,1,2,0,0.4668560606060606,0.37042942176870747,0.06525229357798165,0
957,49.4228,1790926326.7167,217.10872650146484,48.940420150756836,1,1,0.08698606715747924,0.529283810871195,0.5428740978240967,0.05507670342922211,0.0007822111089967708,0.008469930749524148,-2.1859554169498714,8.849528302087377,0.2852147425223137,road,1,1,2,0,0.4636707988980716,0.3700573979591837,0.06522362385321101,0
958,49.4693,1790926326.7773,194.75650787353516,32.05108642578125,1,1,0.11961856818594616,0.5220589708824652,0.42711341381073,0.05134148895740509,0.0007417815214236514,0.005728444067712134,-2.264611823417343,8.033687264511565,0.2852147425223137,road,1,1,2,0,0.46448863636363635,0.3719706632653061,0.06525229357798165,0
959,49.5296,1790926326.8172,194.7026252746582,22.367000579833984,1,0,0.2949281696785744,0.5229195798932138,0.07089493423700333,0.049140263348817825,0.0008063801422384192,0.0013934202004570095,-2.5558952980116505,8.95710914338002,0.03214578642290178,road,0,1,2,0,0.46547865013774103,0.37282100340136054,0.06496559633027522,0
960,49.5694,1790926326.8731,201.5233039855957,22.124767303466797,1,0,0.32613407070606504,0.5186539434727389,0.04219313710927963,0.047216109931468964,0.0010106272516858662,0.0004572597336362995,-2.3806779273078416,9.789153395779788,-0.9277883238111144,road,0,1,2,0,0.46599517906336085,0.3731930272108844,0.0650802752293578,0
961,49.6249,1790926326.9155,206.12668991088867,27.163982391357422,1,0,0.33182920359779183,0.517023568679602,0.03556577116250992,0.044764064252376556,0.0010151792120542194,0.00021674514393095611,-2.4445002493629318,9.876952684369854,-0.9277883238111144,road,0,1,2,0,0.4661673553719008,0.3723958333333333,0.06502293577981651,0
962,49.6682,1790926326.9568,186.06853485107422,18.18680763244629,1,0,0.331843992965055,0.5142228412812873,0.03756533935666084,0.04426870495080948,0.0010396820004769955,0.0001774199051505249,-2.440939005779187,9.99051061720185,-0.7036285230873105,road,0,1,2,0,0.46547865013774103,0.3710671768707483,0.06505160550458715,0
963,49.7467,1790926327.038,198.82678985595703,20.694255828857422,1,0,0.33083491934006204,0.5136450259813357,0.0399775505065918,0.04352361708879471,0.0010014785160537857,0.00016324716765801685,-2.3982578156236847,10.071743312862994,-0.4127439872709573,road,0,1,2,0,0.46569387052341593,0.37313988095238093,0.06505160550458715,0
964,49.7898,1790926327.114,179.1999340057373,42.0987606048584,1,0,0.3307104523423908,0.5132483363550099,0.039160195738077164,0.04297001287341118,0.001033534550566439,0.00016511282575496617,-2.4125164265426933,10.099886593374947,-0.3876335904946089,road,0,1,2,0,0.4669851928374656,0.37367134353741494,0.06502293577981651,0
965,49.867,1790926327.1273,213.7739658355713,34.67965126037598,1,0,0.3313063270775295,0.5118385573467337,0.03912936523556709,0.042950183153152466,0.0010945420480231941,0.0001769210270275885,-2.3767324369106757,10.161424678918538,-0.33414964673620773,road,0,1,2,0,0.46577995867768596,0.3710140306122449,0.06525229357798165,0
966,49.9066,1790926327.1914,234.91454124450684,25.910377502441406,1,0,0.3314078044800057,0.5113585319070256,0.038312725722789764,0.04245718941092491,0.0010935538594374823,0.0001824985275506652,-2.391795608025749,10.16358879640343,-0.2160121565933153,road,0,1,2,0,0.4662103994490358,0.3710671768707483,0.06528096330275229,0
967,49.9446,1790926327.2769,190.24133682250977,25.164127349853516,1,0,0.3311977619578397,0.5084514787017345,0.038666240870952606,0.0428411103785038,0.0011054839421083902,0.00018862845630940217,-2.394550792781526,10.191139857623812,-0.15311532028960073,road,0,1,2,0,0.4659521349862259,0.37016369047619047,0.06525229357798165,0
968,50.0285,1790926327.2871,263.51237297058105,31.280517578125,1,0,0.3308791508424214,0.5078572406480846,0.038774486631155014,0.04204561561346054,0.0011124765767955324,0.000193685448424314,-2.4079592635846994,10.1940111617452,0.1541803485269142,road,0,1,2,0,0.4672865013774105,0.3731930272108844,0.06553899082568806,0
969,50.091,1790926327.3889,207.7012062072754,26.57938003540039,1,0,0.3305019212968944,0.5077494915216165,0.03875768929719925,0.04213356226682663,0.0011506294961124957,0.0002010379321163887,-2.412374709417927,10.198943619503046,0.22768338419260203,road,0,1,2,0,0.46448863636363635,0.3732461734693877,0.06568233944954129,0
970,50.1407,1790926327.474,147.48620986938477,19.164085388183594,1,0,0.33028557840908884,0.5076581473098948,0.03898061811923981,0.042125120759010315,0.001162648814672656,0.00020467400322968864,-2.413897881671583,10.209404742596206,0.2426621306382586,road,0,1,2,0,0.46801825068870523,0.3743090986394558,0.06533830275229359,0
971,50.2265,1790926327.4893,218.0173397064209,29.367446899414062,1,0,0.3298462484470072,0.5075395587098679,0.039449434727430344,0.042052917182445526,0.001164220296032391,0.00017514741826042235,-2.439516607232055,10.23294114205687,0.2535131746509336,road,0,1,2,0,0.4662103994490358,0.375797193877551,0.06522362385321101,0
972,50.2429,1790926327.5346,198.07744026184082,24.348020553588867,1,0,0.3297538388156651,0.5076495489285909,0.039524953812360764,0.04209117963910103,0.001167430008407121,0.00017419693436526243,-2.435873639433082,10.243294934209915,0.27270030562528547,road,0,1,2,0,0.4662103994490358,0.37781675170068024,0.06502293577981651,0
973,50.2864,1790926327.5961,202.7742862701416,23.508310317993164,1,0,0.32964424414329196,0.5080397944922973,0.03943366929888725,0.04166794940829277,0.0012044875874270783,0.0001733537737900274,-2.448402930365103,10.240293045823213,0.27270030562528547,road,0,1,2,0,0.4651773415977961,0.37850765306122447,0.06502293577981651,0
974,50.3484,1790926327.6413,203.812837600708,30.684232711791992,1,0,0.3283004691415593,0.5075136046465791,0.04031607136130333,0.04196934029459953,0.0011998206633855645,0.00014855661310245673,-2.4594074239978214,10.276964883494049,0.27270030562528547,road,0,1,2,0,0.4660812672176309,0.37983630952380953,0.0654243119266055,0
975,50.393,1790926327.6869,229.81739044189453,50.13012886047363,1,0,0.3282259168880135,0.5086170402039488,0.040516387671232224,0.04180014505982399,0.0012353432062237148,0.00013977164867646707,-2.4527196780799936,10.281898631235892,0.24218142594295955,road,0,1,2,0,0.4662964876033058,0.38010204081632654,0.06510894495412844,0
976,50.4425,1790926327.7526,197.92556762695312,27.730941772460938,1,0,0.32796499846361676,0.5087105511388222,0.04044565185904503,0.04184914007782936,0.0012420942755097496,0.0001291554901995331,-2.46129145408396,10.281132446221358,0.18520952625469533,road,0,1,2,0,0.46732954545454547,0.382015306122449,0.06516628440366973,0
977,50.5044,1790926327.7919,191.6971206665039,21.032094955444336,1,0,0.3273639906731143,0.5074431906195849,0.041059575974941254,0.04225785285234451,0.0012481622179811424,0.00010614292847735778,-2.449904817526641,10.28210601345638,0.18520952625469533,road,0,1,2,0,0.46879304407713496,0.3816964285714286,0.06530963302752295,0
978,50.5453,1790926327.8594,183.4433078765869,47.56307601928711,1,0,0.32736373372176103,0.5078581826644673,0.040969859808683395,0.04205150157213211,0.001249138713461992,8.304112561618692e-05,-2.4594261939786497,10.278279442941171,0.2704077816708761,road,0,1,2,0,0.46870695592286504,0.3830250850340136,0.06496559633027522,0
979,50.6132,1790926327.905,189.46576118469238,32.714128494262695,1,0,0.3271142387156605,0.5079176049195817,0.04116615653038025,0.04194654896855354,0.00126395871964931,8.262913086160622e-05,-2.4605522167048335,10.318081516253896,0.2704077816708761,road,0,1,2,0,0.46956783746556474,0.38403486394557823,0.06559633027522936,0
980,50.6574,1790926327.9479,183.57276916503906,18.768787384033203,1,0,0.3269457651590304,0.5081654038452637,0.041387852281332016,0.04191401228308678,0.0012606974359086638,8.024232453325005e-05,-2.4674808323606543,10.325159432517289,0.2651102080610812,road,0,1,2,0,0.47004132231404955,0.3866921768707483,0.06571100917431193,0
981,50.7005,1790926327.9943,190.5810832977295,29.930830001831055,1,0,0.32672093260425433,0.5072906217069841,0.041577886790037155,0.04225198179483414,0.0012741621500056027,7.889455851640545e-05,-2.45694745625196,10.330400282616496,0.2651102080610812,road,0,1,2,0,0.4696539256198347,0.3867984693877551,0.06533830275229359,0
982,50.7461,1790926328.0403,188.73286247253418,27.256488800048828,1,0,0.3266729096018759,0.5085559688727842,0.04156732186675072,0.04196779802441597,0.001281379342448952,8.052130738316834e-05,-2.4681040942811974,10.314244963391745,0.24487653306974266,road,0,1,2,0,0.4681043388429752,0.3878613945578231,0.06539564220183486,0
983,50.7915,1790926328.0945,214.01238441467285,32.36746788024902,1,0,0.3266558435785579,0.5074615330927817,0.04157755523920059,0.042149025946855545,0.0013128576096653169,6.712168966365967e-05,-2.4704307973772153,10.315712411135745,0.3211800150773456,road,0,1,2,0,0.4704287190082645,0.38966836734693877,0.06476490825688073,0
984,50.8471,1790926328.1426,194.04983520507812,23.786544799804688,1,0,0.327234806501314,0.5076071859285333,0.04120524600148201,0.04216599091887474,0.001325494133935728,7.080752672521554e-05,-2.4587854703466383,10.308124452313098,0.2962088272933556,road,0,1,2,0,0.47047176308539945,0.390093537414966,0.06525229357798165,0
985,50.8953,1790926328.1864,191.16830825805664,24.339675903320312,1,0,0.32718907660310625,0.5074197693926727,0.04098759591579437,0.042111631482839584,0.0013169316624693358,6.965938721701993e-05,-2.4548737710554316,10.308687641969383,0.312617517333571,road,0,1,2,0,0.46969696969696967,0.39152848639455784,0.06505160550458715,0
986,50.9401,1790926328.2427,184.8752498626709,26.86333656311035,1,0,0.32724194126416317,0.5062886228313671,0.04066108167171478,0.04200005531311035,0.0013184114570112583,6.665939228707208e-05,-2.4668944598636955,10.303061865069193,0.312617517333571,road,0,1,2,0,0.46922348484848486,0.3923788265306123,0.06528096330275229,0
987,50.9955,1790926328.2811,190.79351425170898,20.509004592895508,1,0,0.32747028774382214,0.5051620762367903,0.04051560163497925,0.041633378714323044,0.0013223452565059811,6.309988735273865e-05,-2.457039083631381,10.313548991158154,0.4412973958082631,road,0,1,2,0,0.46836260330578516,0.3943452380952381,0.06465022935779817,0
988,51.0325,1790926328.3331,193.80426406860352,41.25165939331055,1,0,0.32750148368296494,0.5053446004602451,0.040374837815761566,0.04145568236708641,0.0013264805109652552,5.843249261328307e-05,-2.4625316494729756,10.316031761994628,0.5367125686053242,road,0,1,2,0,0.4675878099173554,0.39647108843537415,0.06510894495412844,0
989,51.0853,1790926328.3833,201.68757438659668,24.60646629333496,1,0,0.3272651611718653,0.5052258359796855,0.040690306574106216,0.04173124209046364,0.0013228282628118075,5.902181184815441e-05,-2.460036637544948,10.335819130588051,0.5470971581725053,road,0,1,2,0,0.46943870523415976,0.3968962585034014,0.06456422018348623,0
990,51.1363,1790926328.4304,180.999755859375,22.225379943847656,1,0,0.32749082970988047,0.5068277377200346,0.04054997116327286,0.04128412529826164,0.0013308332827256803,5.6298612772173e-05,-2.4753226911817694,10.326709375113664,0.5367125686053242,road,0,1,2,0,0.46857782369146006,0.398703231292517,0.06404816513761467,0
991,51.1817,1790926328.4887,194.6573257446289,31.641483306884766,1,0,0.3267943051949267,0.5077698238748509,0.04113136976957321,0.04166930541396141,0.001334873323662268,5.351139906426915e-05,-2.4653641332835967,10.351559834717733,0.39174709266085017,road,0,1,2,0,0.46668388429752067,0.3991284013605442,0.06442087155963303,0
992,51.2428,1790926328.5309,197.62420654296875,20.883798599243164,1,0,0.32673113925494884,0.5079033795985081,0.041225552558898926,0.04147636890411377,0.0013366080050896722,4.9492892135562385e-05,-2.4780079340096974,10.338498214390603,0.28461892189150007,road,0,1,2,0,0.46612431129476584,0.4008290816326531,0.06430619266055046,0
993,51.2833,1790926328.5912,196.4414119720459,34.4696044921875,1,0,0.3265529102284478,0.5093513063687374,0.04163877293467522,0.04208389297127724,0.0013366709859899048,4.4027808571506906e-05,-2.4692343048395653,10.328214197911457,0.28112679339589164,road,0,1,2,0,0.46569387052341593,0.4025297619047619,0.0641915137614679,0
994,51.3443,1790926328.638,193.40968132019043,23.610830307006836,1,0,0.32642004540210956,0.5087245392207017,0.04126562923192978,0.042135246098041534,0.0013500919480700208,4.177048898036961e-05,-2.4809955576509024,10.333449891839615,0.19745794799686678,road,0,1,2,0,0.46513429752066116,0.40380527210884354,0.06447821100917431,0
995,51.3909,1790926328.6857,209.22493934631348,38.056373596191406,1,0,0.3264243917028446,0.5088580540187144,0.04121757298707962,0.04198240488767624,0.0013478813526958458,3.742656312821281e-05,-2.4847743433560834,10.336292112624113,0.1865939478323142,road,0,1,2,0,0.4624225206611571,0.4048681972789116,0.06479357798165138,0
996,51.4408,1790926328.7382,194.6728229522705,26.325225830078125,1,0,0.32599834567961516,0.5072268518697818,0.041239429265260696,0.04209195822477341,0.0013578562541144245,3.6143399498931416e-05,-2.4886940107315607,10.33165344799291,0.19745794799686678,road,0,1,2,0,0.46379993112947654,0.4058779761904762,0.06467889908256881,0
997,51.4903,1790926328.7866,208.68897438049316,49.73459243774414,1,0,0.3260084530960008,0.5073727216915682,0.04127643629908562,0.042098790407180786,0.0013726160461760202,3.556091549676655e-05,-2.484344995490755,10.34042314196622,0.3420753154857934,road,0,1,2,0,0.4610451101928375,0.40396471088435376,0.06444954128440367,0
998,51.5387,1790926328.8408,188.8449192047119,28.23925018310547,1,0,0.32595153880895655,0.5075332734233257,0.04127241671085358,0.04213368520140648,0.0013654125897389726,3.398297806158209e-05,-2.483259894923478,10.340679163429996,0.3420753154857934,road,0,1,2,0,0.4602272727272727,0.40619685374149656,0.06410550458715597,0
999,51.5954,1790926328.8845,191.41530990600586,22.481679916381836,1,0,0.32545404770744263,0.5070973545379052,0.041603460907936096,0.04214632883667946,0.0013719894314028944,3.189305638183053e-05,-2.490507679624565,10.348202816209001,0.3420753154857934,road,0,1,2,0,0.45983987603305787,0.4088541666666667,0.0641915137614679,0
1000,51.6365,1790926328.9392,192.7781105041504,43.732643127441406,1,0,0.32554310051915114,0.507167787738575,0.04155091196298599,0.04210181534290314,0.00139008261933354,3.165897844859407e-05,-2.49644528906865,10.344125493012296,0.37364473636219486,road,0,1,2,0,0.4600981404958678,0.4075255102040816,0.0637901376146789,0
1001,51.6922,1790926328.984,198.93789291381836,23.364782333374023,1,0,0.3252729440018106,0.5070737032439161,0.0417201928794384,0.041946884244680405,0.0014033650064459629,3.10899866886835e-05,-2.4933317877893098,10.344205337913381,0.3760940632575185,road,0,1,2,0,0.46044249311294766,0.4066220238095238,0.0647362385321101,0
1002,51.7363,1790926329.0256,184.14950370788574,24.2612361907959,1,0,0.3252287623690062,0.5073938599990986,0.04172912612557411,0.041862908750772476,0.00139440267241002,2.9842798352762178e-05,-2.4999312595917815,10.323943609432686,0.37364473636219486,road,0,1,2,0,0.46070075757575757,0.4069409013605442,0.06467889908256881,0
1003,51.7778,1790926329.0852,193.2237148284912,30.736207962036133,1,0,0.32518929207965097,0.5066251720166897,0.041658174246549606,0.041807446628808975,0.0013890270921206765,2.786341285020914e-05,-2.498664071791761,10.32446777526825,0.3809253265379908,road,0,1,2,0,0.46044249311294766,0.40656887755102045,0.06404816513761467,0
1004,51.8367,1790926329.1288,182.2800636291504,18.218517303466797,1,0,0.3254696305703145,0.506854038315697,0.041254132986068726,0.04143669828772545,0.0013699169544416833,2.6983699113056233e-05,-2.516402181518392,10.289447778905972,0.42316800561192736,road,0,1,2,0,0.46044249311294766,0.4066751700680272,0.06413417431192661,0
1005,51.8807,1790926329.1845,189.06903266906738,44.09003257751465,1,0,0.32557729478515623,0.5063654336084865,0.04105440154671669,0.041423264890909195,0.0013707915826901664,2.6616657047083452e-05,-2.4954275942466233,10.292112584374596,0.4324212249224004,road,0,1,2,0,0.45966769972451793,0.40630314625850344,0.06387614678899083,0
1006,51.9381,1790926329.2278,192.45243072509766,32.98020362854004,1,0,0.3255158037486577,0.5067268687893839,0.041075702756643295,0.04147312417626381,0.0014101369850160938,2.784453861396125e-05,-2.4818363986969216,10.291036593785352,0.42316800561192736,road,0,1,2,0,0.459495523415978,0.40720663265306123,0.06413417431192661,0
1007,51.9807,1790926329.2724,167.53196716308594,21.8048095703125,1,0,0.32523414230260106,0.5060887829603029,0.04161429777741432,0.041675910353660583,0.0014226074277933565,2.9540689568733415e-05,-2.4714572334841898,10.290194026296602,0.456979626561953,road,0,1,2,0,0.459495523415978,0.4060905612244898,0.06410550458715597,0
1008,52.0239,1790926329.3213,202.98218727111816,27.959346771240234,1,0,0.3257960617708777,0.5077379361313078,0.04084871709346771,0.04168018698692322,0.0014530787695564615,3.375378249792779e-05,-2.471562836662295,10.28279931316532,0.4077498460343705,road,0,1,2,0,0.459366391184573,0.4053996598639456,0.06424885321100918,0
1009,52.0743,1790926329.3638,193.63641738891602,18.074750900268555,1,0,0.3242936817184625,0.5065137670155319,0.04330712556838989,0.04266779124736786,0.0015154298186323535,4.456428908392833e-05,-2.467377313337151,10.28985300837474,0.4180774007088104,road,0,1,2,0,0.45979683195592286,0.40630314625850344,0.06404816513761467,0
1010,52.1168,1790926329.4203,208.01854133605957,32.34982490539551,1,0,0.32608489023279236,0.5098483592205473,0.040340669453144073,0.0423954501748085,0.0015270954603828703,5.2887460350392345e-05,-2.467790674226731,10.244410672224706,0.29312218310003146,road,0,1,2,0,0.4600981404958678,0.4073660714285714,0.06465022935779817,0
1011,52.1742,1790926329.468,200.38509368896484,38.13815116882324,1,0,0.3251699481986363,0.5091204481592094,0.042046815156936646,0.04274817928671837,0.0015377630006847955,6.008172583793096e-05,-2.4611994571511437,10.260652653343135,0.13944842590910866,road,0,1,2,0,0.45992596418732784,0.4077380952380953,0.06396215596330275,0
1012,52.2194,1790926329.5111,190.6585693359375,20.951509475708008,1,0,0.32520266206554904,0.509918159950692,0.0422394759953022,0.04235321655869484,0.0014967745684010807,6.185005037014957e-05,-2.4759634943862525,10.24774316039157,0.06856144711036904,road,0,1,2,0,0.4603564049586777,0.40784438775510207,0.06399082568807339,0
1013,52.2631,1790926329.5641,198.61912727355957,41.136980056762695,1,0,0.3248482352922506,0.5096553008801159,0.04265299439430237,0.0422874353826046,0.001479975926646473,6.175983387708761e-05,-2.470380107580297,10.265692001449546,0.09097135519309063,road,0,1,2,0,0.46044249311294766,0.4066220238095238,0.06430619266055046,0
1014,52.3173,1790926329.6046,211.71832084655762,26.327848434448242,1,0,0.3248569571888431,0.5088448383583929,0.042703431099653244,0.04225989803671837,0.0015062746953949165,6.239893003785568e-05,-2.4659357050407316,10.303133021885495,0.09097135519309063,road,0,1,2,0,0.459237258953168,0.40842899659863946,0.06422018348623854,0
1015,52.3573,1790926329.6659,206.18200302124023,45.88961601257324,1,0,0.32501426833080427,0.5089596600142643,0.04242745041847229,0.04191621392965317,0.0015051738585970512,6.279319460011461e-05,-2.4731610357867018,10.308408216467068,0.166270723478938,road,0,1,2,0,0.4603564049586777,0.4075255102040816,0.06410550458715597,0
1016,52.4195,1790926329.7163,207.3361873626709,32.85670280456543,1,0,0.3249017203156671,0.5077588388937359,0.04283468425273895,0.04188200458884239,0.0015010054007085554,6.195314384837942e-05,-2.4718772702153666,10.306616254463043,0.17230576075090198,road,0,1,2,0,0.459366391184573,0.40880102040816324,0.06459288990825689,0
1017,52.4685,1790926329.7554,199.91755485534668,24.21712875366211,1,0,0.3249127505015884,0.5073644073487955,0.04307122156023979,0.04225892573595047,0.0015186423223599065,6.184751136782109e-05,-2.469251266777313,10.312396561715161,0.2911907253757917,road,0,1,2,0,0.46087293388429756,0.40741921768707484,0.06467889908256881,0
1018,52.507,1790926329.8128,203.657865524292,28.2135009765625,1,0,0.3248741896076586,0.5077426141111415,0.043078966438770294,0.04206571355462074,0.0015220996628176314,6.194723873556788e-05,-2.472812990465413,10.31551194921321,0.2936715718731264,road,0,1,2,0,0.4610451101928375,0.40656887755102045,0.06465022935779817,0
1019,52.5688,1790926329.8645,200.45065879821777,28.926372528076172,1,0,0.32485111523536064,0.5066202270482065,0.04309631511569023,0.04208245128393173,0.0015199361830008674,6.061992870010428e-05,-2.4787692609880034,10.326331000964249,0.33038885489485637,road,0,1,2,0,0.46121728650137744,0.4066751700680272,0.06427752293577982,0
1020,52.6175,1790926329.9174,202.32009887695312,44.57545280456543,1,0,0.32492511067128765,0.5070657146198924,0.043047159910202026,0.0418834425508976,0.001498534649211596,5.8065146570815185e-05,-2.5012954556435707,10.321824391565148,0.38838967632378996,road,0,1,2,0,0.46173381542699726,0.40407100340136054,0.06407683486238532,0
1021,52.6744,1790926329.9672,184.45396423339844,25.938749313354492,1,0,0.3248140141617304,0.5068478378931803,0.042915500700473785,0.04196368157863617,0.0014966512401965954,5.60547929769407e-05,-2.5023985029613076,10.375271754485885,0.4121667359018275,road,0,1,2,0,0.462637741046832,0.4034863945578231,0.06465022935779817,0
1022,52.719,1790926330.0052,227.3573875427246,54.84461784362793,1,0,0.32510006122258295,0.5077043437196983,0.04247446730732918,0.04192494601011276,0.0014992556632888116,5.444470667946457e-05,-2.50845619622669,10.368273426902297,0.38838967632378996,road,0,1,2,0,0.46336949035812675,0.40438988095238093,0.06462155963302753,0
1023,52.7572,1790926330.0629,200.02007484436035,30.362844467163086,1,0,0.32488811045547605,0.5070907713468279,0.0427442230284214,0.04200592264533043,0.0015006587858161838,5.176993631202497e-05,-2.5105871331985163,10.374390770744437,0.39349193754287626,road,0,1,2,0,0.46332644628099173,0.40593112244897955,0.0648795871559633,0
1024,52.8161,1790926330.1081,184.58819389343262,25.411605834960938,1,0,0.3247435608400146,0.5071627981000336,0.042725954204797745,0.04218176379799843,0.0015143835633098619,4.8259296299038046e-05,-2.5015751238765334,10.360941104107894,0.37843653725445137,road,0,1,2,0,0.4637138429752066,0.4055590986394558,0.06470756880733945,0
1025,52.8615,1790926330.165,205.5490016937256,34.85727310180664,1,0,0.32464929330854575,0.5069188048441056,0.04301492124795914,0.04218662157654762,0.0015244393014109384,4.16100742990654e-05,-2.50994322436914,10.349275530731042,0.39349193754287626,road,0,1,2,0,0.46311122589531684,0.4064625850340136,0.06424885321100918,0
1026,52.9174,1790926330.2124,201.1427879333496,26.44205093383789,1,0,0.3249637942721167,0.5080584101737313,0.04247133433818817,0.042177505791187286,0.0015217496216644367,3.209368510717827e-05,-2.514253285793955,10.34974766514581,0.37843653725445137,road,0,1,2,0,0.46358471074380164,0.40492134353741494,0.06476490825688073,0
1027,52.9651,1790926330.2547,209.40423011779785,41.7633056640625,1,0,0.3248622330240496,0.5076902634431386,0.04260113835334778,0.042293865233659744,0.0015181898663800691,2.546819030377378e-05,-2.5165263269171425,10.346551224887218,0.33553594566330247,road,0,1,2,0,0.4634125344352617,0.4060374149659864,0.06427752293577982,0
1028,53.008,1790926330.3128,204.81324195861816,31.0056209564209,1,0,0.32363062586942476,0.5165960507798304,0.04356848821043968,0.04081226512789726,0.001398653661910449,2.932349594949915e-05,-2.1178112580770447,10.252410958528587,0.2950193088569719,road,0,1,2,0,0.46336949035812675,0.40534651360544216,0.06447821100917431,0
1029,53.0648,1790926330.3535,230.2093505859375,35.18176078796387,1,0,0.31545986455567493,0.6735720585804804,0.04809805378317833,0.04489364102482796,0.0014926729176468433,2.7276678751646608e-05,-0.25110743199963476,10.328136960579823,-0.9305967253604521,road,0,1,2,0,0.4628960055096419,0.40534651360544216,0.0648795871559633,0
1030,53.1054,1790926330.4125,221.1627960205078,32.050132751464844,1,0,0.3151443461631721,0.7215368066961967,0.053075678646564484,0.0424121618270874,0.0015668725270652289,3.0288298442444804e-05,1.330848365261472,10.209773434275743,-18.95345669193251,road,0,1,2,0,0.4637138429752066,0.40508078231292516,0.06444954128440367,0
1031,53.1651,1790926330.4646,211.49110794067383,23.76270294189453,1,0,0.3151398786110007,0.6965808397918494,0.05633610486984253,0.03570914641022682,0.00178686446744215,6.68960958908766e-05,3.3722394556853863,10.116989343641634,-24.38231785933342,left_mirror,0,1,2,0,0.4631542699724518,0.405452806122449,0.06476490825688073,0
1032,53.2183,1790926330.5278,204.35357093811035,36.6969108581543,1,0,0.31191527546243525,0.7138891716458771,0.054073527455329895,0.03456810861825943,0.0018489506970160794,9.701657259183677e-05,4.46056692167276,10.403972351012671,-25.30211026628033,left_mirror,0,1,2,0,0.4621642561983471,0.40465561224489793,0.06427752293577982,0
1033,53.2807,1790926330.5785,197.9057788848877,31.95929527282715,1,0,0.31485277219434116,0.7184670450987399,0.057041559368371964,0.030681991949677467,0.002061272448415269,0.00015033419135673424,5.255884288348652,10.574069885794232,-27.103825897113587,left_mirror,0,1,2,0,0.4607438016528926,0.4058248299319728,0.06407683486238532,0
1034,53.3311,1790926330.621,232.4683666229248,27.92835235595703,1,0,0.3122484267997039,0.7195760465790131,0.06054000183939934,0.03084755875170231,0.0023287464968108546,0.0002233670509376824,5.552108221410007,10.366284100769615,-28.245875284501885,left_mirror,0,1,2,0,0.45992596418732784,0.40784438775510207,0.06393348623853211,0
1035,53.3749,1790926330.6823,211.91883087158203,30.86376190185547,1,0,0.3122194668100332,0.7225805406777741,0.0644504502415657,0.033759985119104385,0.0023521377891555562,0.0002746035772881482,6.107214911102797,10.28046865209976,-28.608704001576392,left_mirror,0,1,2,0,0.45940943526170797,0.40853528911564624,0.06447821100917431,0
1036,53.4357,1790926330.7245,236.98949813842773,52.359819412231445,1,0,0.3094486742093906,0.717436513287955,0.07108797878026962,0.03831511363387108,0.0025367078647955013,0.00033327835289164684,6.3224749167701955,9.84856609152363,-29.025213907860895,left_mirror,0,1,2,0,0.459366391184573,0.4076318027210884,0.06453555045871559,0
1037,53.5017,1790926330.7982,215.95406532287598,20.4927921295166,1,0,0.30934074068525064,0.7113398067683441,0.07428808510303497,0.03548154607415199,0.0025664268481268974,0.00037971199860022787,6.361483791431905,9.909898830564613,-29.025213907860895,left_mirror,0,1,2,0,0.4602272727272727,0.4072597789115646,0.06439220183486238,0
1038,53.5517,1790926330.8804,166.4116382598877,22.986173629760742,1,0,0.3086829557271013,0.7169517717289091,0.07337195426225662,0.03246575593948364,0.0026002637657816107,0.0004177654921740028,6.465538902396397,10.037879934974322,-29.025213907860895,left_mirror,0,1,2,0,0.4579459366391185,0.40784438775510207,0.06442087155963303,0
1039,53.6357,1790926330.9042,197.8931427001953,21.58975601196289,1,0,0.30817391658554016,0.7119490601779855,0.07657565176486969,0.03170313313603401,0.0027504963527470784,0.0004633743560278494,6.771240330453902,9.848652745901774,-28.82287618459025,left_mirror,0,1,2,0,0.45639634986225897,0.4091730442176871,0.06336009174311927,0
1040,53.6771,1790926330.9657,243.91674995422363,36.3771915435791,1,0,0.30808290394952054,0.7081529446905332,0.07712588459253311,0.032385457307100296,0.0029076535677022004,0.0005058778275609549,6.787350867407129,9.853573885378013,-28.82287618459025,left_mirror,0,1,2,0,0.456353305785124,0.4086415816326531,0.06330275229357797,0
1041,53.7184,1790926331.0575,201.56550407409668,26.643991470336914,1,0,0.3076809496390067,0.7075645496867633,0.07770633697509766,0.03251243382692337,0.0029898521045779317,0.0005415789857630068,6.761688412036402,9.869862956316458,-28.437998860561983,left_mirror,0,1,2,0,0.45575068870523416,0.4103422619047619,0.06347477064220183,0
1042,53.8094,1790926331.0673,244.9028491973877,41.12744331359863,1,0,0.3066895762927633,0.7067915861078755,0.07854516804218292,0.03327832370996475,0.003021895099009351,0.0005683913081479955,6.716085124239462,9.912144471499914,-28.354912899000986,left_mirror,0,1,2,0,0.45088670798898073,0.4129464285714286,0.06356077981651376,0
1043,53.864,1790926331.1669,213.79804611206055,19.025087356567383,1,0,0.30631236561061537,0.7105473210915045,0.07773618400096893,0.03338036686182022,0.0030762107597106557,0.0005807386997567153,6.66866607745357,9.913320600658441,-28.354912899000986,left_mirror,0,1,2,0,0.45088670798898073,0.41284013605442177,0.06247133027522936,0
1044,53.9179,1790926331.2439,187.90340423583984,24.414539337158203,1,0,0.3075239263036339,0.711105810128572,0.07584674656391144,0.03201187402009964,0.003152173225561527,0.0005886949047716917,6.682183866210997,10.001155692020498,-28.59046078929304,left_mirror,0,1,2,0,0.44912190082644626,0.41470025510204084,0.06181192660550459,0
1045,53.9971,1790926331.2581,223.13332557678223,24.09529685974121,1,0,0.30901777393151353,0.7123461265743763,0.07184557616710663,0.03081326372921467,0.0031993551348273746,0.0005857018204904371,6.6296435856999585,10.096076084747382,-28.660304055711855,left_mirror,0,1,2,0,0.44684056473829203,0.413265306122449,0.06270068807339449,0
1046,54.0487,1790926331.3349,222.43928909301758,35.97378730773926,1,0,0.30981199702343,0.7134449666421566,0.06965960562229156,0.0298063512891531,0.0032258339944740387,0.0005567718398977244,6.714238928792566,10.236417528470772,-28.746719686338857,left_mirror,0,1,2,0,0.4467975206611571,0.4164009353741497,0.06384747706422018,0
1047,54.0877,1790926331.4145,197.95560836791992,25.035858154296875,1,0,0.31062091810927783,0.7142364527068279,0.06844021379947662,0.029634488746523857,0.0032518751587415962,0.0005200326509559941,6.71040097264822,10.275088934202024,-28.93239600584065,left_mirror,0,1,2,0,0.44503271349862256,0.41214923469387754,0.06404816513761467,0
1048,54.1668,1790926331.426,246.51527404785156,27.482032775878906,1,0,0.3108278011288772,0.7128514182314963,0.06704232841730118,0.028817353770136833,0.003268087321825517,0.0004261899602307143,6.705129940911842,10.321621322297913,-28.93239600584065,left_mirror,0,1,2,0,0.44490358126721763,0.36261692176870747,0.06998279816513762,0
1049,54.2195,1790926331.5118,216.36319160461426,30.665159225463867,1,0,0.312988268685767,0.6998267006819554,0.0668841302394867,0.031373292207717896,0.0032747902308573325,0.00037311838010898593,5.940306182465755,10.22690201974365,-28.862542725580035,left_mirror,0,2,2,0,0.4434400826446281,0.3151041666666667,0.07534403669724771,0
1050,54.2646,1790926331.6074,191.58434867858887,32.872676849365234,1,0,0.3137626745531359,0.5800763625923759,0.06718135625123978,0.041116196662187576,0.0033266585991268984,0.00037824829598497966,3.9890812814611984,10.390348678566887,-26.859636753059014,left_mirror,0,2,2,0,0.44171831955922863,0.2773171768707483,0.08099197247706422,0
1051,54.3644,1790926331.6252,228.87945175170898,20.24674415588379,1,0,0.31971335448728233,0.5084836059166089,0.05458197742700577,0.038439974188804626,0.0028040883063227278,0.0002971101502249789,1.15657634513701,10.30469153374515,-12.672106360938365,left_mirror,0,2,2,0,0.44141701101928377,0.21933460884353742,0.0920584862385321,0
1052,54.3773,1790926331.6735,228.0278205871582,48.4466552734375,1,0,0.3192270426076341,0.5042963660099398,0.05463165044784546,0.037813592702150345,0.0027345647330642604,0.0002627998818081185,0.9508759706142216,10.28396551786122,-2.803917646608433,road,0,2,2,0,0.440599173553719,0.2064732142857143,0.09363532110091743,0
1053,54.4314,1790926331.7521,201.1411190032959,25.165557861328125,1,0,0.31996978219075556,0.5055963344190993,0.052609264850616455,0.040484294295310974,0.002285522243249537,0.0003010785989089715,-0.23156030435566163,10.287337470253366,-2.1934456824282265,road,0,2,1,1,0.4397813360881543,0.16167091836734696,0.10002866972477065,0
1054,54.5036,1790926331.7909,198.52781295776367,24.35445785522461,1,0,0.32094643985700233,0.514905080584082,0.048432592302560806,0.03932107239961624,0.002015149793873283,0.00035846341293720575,-1.4675651920552337,10.571004885329335,-1.345986141513265,road,0,2,1,1,0.4381456611570248,0.12324617346938775,0.11143922018348623,0
1055,54.5431,1790926331.8521,187.7293586730957,39.49403762817383,1,0,0.3220152861413452,0.5028849128157582,0.04774084314703941,0.04317626729607582,0.001967852406657024,0.00041276239963095577,-1.823387640378585,10.422646298820213,-1.2942223557186239,road,0,2,1,1,0.4368973829201102,0.10087159863945577,0.12319380733944954,0
1056,54.6049,1790926331.8936,200.2089023590088,30.292272567749023,1,0,0.3229679068603106,0.5149299469733125,0.04884848743677139,0.04952549934387207,0.0018092636370409345,0.0004773338770045632,-1.934145993455169,10.422074223282417,-0.9086111733606259,road,0,2,1,1,0.4380165289256198,0.0746704931972789,0.14314793577981652,0
1057,54.6461,1790926331.9383,176.1913299560547,19.99068260192871,1,0,0.3224769046481954,0.5098545621396764,0.04748423770070076,0.047005798667669296,0.0016930585761518913,0.0005446561644582595,-2.2304328466077203,10.74042074929875,-0.12958373048817862,road,0,2,1,1,0.4380165289256198,0.04974489795918367,0.17012614678899082,0
1058,54.6974,1790926331.9942,200.79398155212402,32.70697593688965,1,0,0.3207550615478393,0.5083265039358719,0.04737013950943947,0.04366401582956314,0.0016781971958498064,0.0005985385344571479,-2.3949383955979546,10.738355150224924,-0.12958373048817862,road,0,2,1,1,0.43732782369146006,0.02189625850340136,0.1949827981651376,0
1059,54.7468,1790926332.0348,197.096586227417,25.20298957824707,1,0,0.32155371812909883,0.508802630090764,0.04718442261219025,0.043436985462903976,0.0016184272668504415,0.0006436159314334869,-2.4306154056591125,10.675784693915796,0.1473458085740944,road,0,2,1,1,0.43681129476584024,0.002816751700680272,0.20524655963302751,0
1060,54.7875,1790926332.0984,202.88395881652832,46.495676040649414,1,0,0.322306872507221,0.5107389270328344,0.047132980078458786,0.042653411626815796,0.0016662941367488811,0.0006626342088067775,-2.428500145053356,10.635375466930489,0.1473458085740944,road,0,2,1,1,0.4364669421487603,0.0012755102040816326,0.20857224770642202,0
1061,54.8516,1790926332.1409,201.9522190093994,32.76205062866211,1,0,0.32321636517751934,0.5101381444464689,0.04680337384343147,0.041921671479940414,0.001586182570571804,0.0006895445463717225,-2.4988114706181963,10.463262878432017,0.06396861891963113,road,0,2,1,1,0.4371986914600551,0.0011160714285714287,0.2084862385321101,0
1062,54.893,1790926332.1817,192.26694107055664,22.838354110717773,1,0,0.3232297587915349,0.5108545413430539,0.04680854454636574,0.04083780571818352,0.0016017506477241869,0.000703940245646968,-2.5089187079003157,10.427810651956836,-0.0027847963604230586,road,0,2,1,1,0.4385330578512397,0.0014349489795918368,0.20642201834862386,0
1063,54.9361,1790926332.2363,192.2008991241455,44.490814208984375,1,0,0.3235342432976078,0.509759660416011,0.04626290127635002,0.04031379893422127,0.001595602406314974,0.0007056347325414749,-2.5349531485263332,10.393248704575294,0.06396861891963113,road,0,2,1,1,0.43788739669421484,0.0014349489795918368,0.20711009174311926,0
1064,54.9883,1790926332.2744,212.67390251159668,30.41386604309082,1,0,0.3235755891836717,0.5094978379521924,0.04614837095141411,0.03977389633655548,0.0015475398950739083,0.0007095220521316126,-2.5624714475757466,10.380332902243698,0.13375034108769768,road,0,2,1,1,0.4371556473829201,0.0014349489795918368,0.20688073394495413,0
1065,55.027,1790926332.3194,187.65807151794434,18.764972686767578,1,0,0.3238636192722073,0.5101531235698284,0.0459374263882637,0.040221311151981354,0.0015457402054646538,0.000697014946817782,-2.555264417949924,10.389501504543547,0.13375034108769768,road,0,2,1,1,0.4390495867768595,0.0014349489795918368,0.20670871559633028,0
1066,55.0743,1790926332.3757,204.27751541137695,22.83310890197754,1,0,0.32416086976387937,0.5087461394001914,0.04542890563607216,0.040978580713272095,0.001574190349072805,0.0006708764197874546,-2.55970336923158,10.375364626808057,0.18411701354123977,road,0,2,1,1,0.43892045454545453,0.0012755102040816326,0.20668004587155964,0
1067,55.1287,1790926332.4231,203.51433753967285,22.65787124633789,1,0,0.3248773089347905,0.5080708594919578,0.04474206641316414,0.0410660058259964,0.0015709318495463732,0.0006306874704266425,-2.5612329038179147,10.342603236499993,0.26068079188802784,road,0,2,1,1,0.4399965564738292,0.0014349489795918368,0.2069380733944954,0
1068,55.1765,1790926332.4903,193.32337379455566,46.42891883850098,1,1,0.07585654067202144,0.5280637886291375,0.5413612723350525,0.04699118062853813,0.0016336336216475913,0.0005717592784064198,-2.318992646088491,9.357284370867303,0.26068079188802784,road,0,2,1,1,0.43900654269972456,0.0012755102040816326,0.2064506880733945,0
1069,55.2426,1790926332.5372,200.44994354248047,32.37557411193848,1,1,0.1701709925640486,0.5136984791950261,0.3626578152179718,0.04289166256785393,0.0016030997376126775,0.0004925557018869747,-2.294722446539139,9.50573379331024,0.26068079188802784,road,0,2,1,1,0.44223484848484845,0.0014349489795918368,0.2069380733944954,0
1070,55.2897,1790926332.5769,233.88242721557617,56.69450759887695,1,0,0.28535580112522774,0.5142905867287568,0.0945252776145935,0.03928952291607857,0.001632267309925872,0.00036884260242277,-2.2930282057576714,9.850324313308931,0.26068079188802784,road,0,2,1,1,0.4446453168044077,0.0012755102040816326,0.20642201834862386,0
1071,55.3304,1790926332.6301,215.32177925109863,34.63435173034668,1,0,0.3164782726329616,0.5100604869750894,0.05169433355331421,0.03863944113254547,0.0016246871043928393,0.00036206809312906084,-2.331912781699694,9.998394475759696,-0.0667523024026977,road,0,2,1,1,0.4452909779614325,0.0012755102040816326,0.20742545871559634,0
1072,55.383,1790926332.6709,202.00824737548828,21.457910537719727,1,0,0.3286066676781272,0.5103155181351972,0.03518744185566902,0.038968563079833984,0.0016179989819215513,0.00018399520528291046,-2.3472622282780473,10.013337400708513,-0.08073819080407674,road,0,2,1,1,0.44567837465564736,0.0014349489795918368,0.20685206422018348,0
1073,55.4237,1790926332.7283,217.52309799194336,40.83704948425293,1,0,0.3287433254599361,0.5062819968412993,0.03708460181951523,0.0399022102355957,0.0015911985926505337,0.00018087439930721804,-2.3649788661017945,10.055457163864817,-0.0667523024026977,road,0,2,1,1,0.44658230027548207,0.0013818027210884354,0.2053612385321101,0
1074,55.4839,1790926332.7839,205.11603355407715,38.55180740356445,1,0,0.33056901837378827,0.509132364450298,0.03648213669657707,0.03997953608632088,0.0016283648471108793,0.00012221140333419333,-2.3889619198526844,10.054362894512414,0.07809270287548742,road,0,2,1,1,0.44890668044077137,0.054900085034013606,0.15054472477064218,0
1075,55.5369,1790926332.8283,183.04824829101562,20.80678939819336,1,0,0.3268897417312416,0.5056300281319803,0.041180986911058426,0.04121439531445503,0.001616895152574877,9.247925347446559e-05,-2.408899862244137,10.117887824736144,0.35719337165765097,road,0,2,1,1,0.44890668044077137,0.05745110544217687,0.1494552752293578,0
1076,55.5825,1790926332.8843,203.80783081054688,48.54893684387207,1,0,0.3278714353039568,0.5072087169369692,0.041228972375392914,0.04091281071305275,0.0016201685622265294,5.586166289664079e-05,-2.458262579194882,10.159421907493627,0.33758046066673586,road,0,2,1,1,0.45088670798898073,0.05564413265306122,0.14977064220183486,0
1077,55.6367,1790926332.9244,211.24792098999023,34.44838523864746,1,0,0.3278054577538665,0.5073464008030303,0.04128062352538109,0.040913961827754974,0.0016037309312303932,3.694148475815596e-05,-2.4443467776014485,10.240156833642612,0.33758046066673586,road,0,2,1,1,0.45265151515151514,0.0014349489795918368,0.20151949541284406,0
1078,55.6779,1790926332.9697,196.8703269958496,28.88798713684082,1,0,0.32798948298296615,0.5075382046323728,0.04138810187578201,0.040822915732860565,0.001590662708505531,3.2384409992054894e-05,-2.4557005058579553,10.250450995508125,0.31155620800067396,road,0,2,1,1,0.45420110192837465,0.0011160714285714287,0.2065940366972477,0
1079,55.726,1790926333.027,206.9108486175537,44.80886459350586,1,0,0.32766379021238295,0.5075500824372418,0.04127618670463562,0.04067434370517731,0.0015829075934788446,2.8542271526218307e-05,-2.4583495328620004,10.266009566363532,0.3018373077855898,road,0,2,1,1,0.4560519972451791,0.001328656462585034,0.20656536697247707,0
1080,55.78,1790926333.0698,194.34285163879395,26.14116668701172,1,0,0.32786190836099416,0.5074384128032197,0.0411318801343441,0.040319375693798065,0.0015579883082468288,2.9809119062949596e-05,-2.485872550465974,10.257096178242154,0.3018373077855898,road,0,2,1,1,0.4584194214876033,0.0014349489795918368,0.20702408256880733,0
1081,55.8229,1790926333.1142,193.67647171020508,22.355318069458008,1,0,0.32779320510535814,0.5072618408991031,0.04107341170310974,0.040380850434303284,0.0015461223599004385,2.793446569224236e-05,-2.487765291757673,10.297125534067838,0.3364541200859321,road,0,2,1,1,0.46018422865013775,0.0013818027210884354,0.2071387614678899,0
1082,55.8658,1790926333.1738,194.14091110229492,26.314973831176758,1,0,0.3280082722148695,0.507528048505994,0.04070887714624405,0.04022984579205513,0.0015391719546033209,3.0250010841313863e-05,-2.4972483977828137,10.302828436113867,0.33651500255543,road,0,2,1,1,0.4598829201101928,0.0014349489795918368,0.20653669724770643,0
1083,55.9255,1790926333.2158,196.34461402893066,24.92046356201172,1,0,0.3280966428242074,0.5074647483148933,0.04056469351053238,0.04028870910406113,0.0015374419066821327,3.226077204109466e-05,-2.504956079628291,10.318533644202116,0.349569556342189,road,0,2,1,1,0.46100206611570244,0.001328656462585034,0.20688073394495413,0
1084,55.9694,1790926333.2692,207.25607872009277,56.220054626464844,1,0,0.3280229059712165,0.5076773503332837,0.04058919474482536,0.040280573070049286,0.0015479900018639317,3.334304755531062e-05,-2.5116323121206645,10.324372314537774,0.33651500255543,road,0,2,1,1,0.4619920798898072,0.0014349489795918368,0.20688073394495413,0
1085,56.0229,1790926333.3188,215.76499938964844,40.83371162414551,1,0,0.32780444486867255,0.5071451821748212,0.04066051170229912,0.04040456563234329,0.0015389525623602449,3.3864724652503164e-05,-2.5252525063855598,10.342787226062564,0.349569556342189,road,0,2,1,1,0.4643595041322314,0.0012223639455782313,0.20576261467889906,0
1086,56.0708,1790926333.3589,200.8674144744873,23.540735244750977,1,0,0.32777959843460225,0.5068800668655579,0.040639445185661316,0.04044152796268463,0.001530460434344693,3.486926997073857e-05,-2.52039579536107,10.350730991492831,0.399985616588026,road,0,2,1,1,0.465607782369146,0.05282738095238095,0.1502006880733945,0
1087,56.1121,1790926333.4182,208.50801467895508,42.305946350097656,1,0,0.32775555860137745,0.5066070130264518,0.0405244417488575,0.04048001393675804,0.0015298473692869493,3.676232442474641e-05,-2.5179771411939216,10.351078150692219,0.42376003307464316,road,0,2,1,1,0.4660812672176309,0.057025935374149656,0.1488532110091743,0
1088,56.1708,1790926333.4609,217.91648864746094,22.91417121887207,1,0,0.32787463818502005,0.5066164659420801,0.0401851050555706,0.04027636721730232,0.0015312927962405581,3.832179338915762e-05,-2.5244993659871877,10.351936503462062,0.45039594036173725,road,0,2,1,1,0.4668560606060606,0.06106505102040816,0.14848050458715595,0
1089,56.2139,1790926333.5062,199.68032836914062,21.977663040161133,1,0,0.3278204805621284,0.5063952877952065,0.04000110551714897,0.04060373082756996,0.001546042057204939,3.713460747597242e-05,-2.5176221642506222,10.39541961864714,0.4548309951514824,road,0,2,1,1,0.46745867768595045,0.011107568027210885,0.19486811926605505,0
1090,56.2629,1790926333.581,200.60181617736816,28.075218200683594,1,0,0.3279823397685432,0.5063846346548091,0.03965875133872032,0.04014473408460617,0.001555639314898585,3.6921859660752585e-05,-2.5297522409562423,10.384594710823821,0.4723144412396465,road,0,2,1,1,0.468620867768595,0.008715986394557822,0.19954128440366972,0
1091,56.3328,1790926333.6219,211.99703216552734,28.825044631958008,1,0,0.3278631456206623,0.5065697899518364,0.03949445113539696,0.040085867047309875,0.001529012271406011,3.4456878502492035e-05,-2.5386933068754773,10.405755320985397,0.4723144412396465,road,0,2,1,1,0.4693526170798898,0.03443877551020408,0.1819954128440367,0
1092,56.3744,1790926333.6763,207.89098739624023,46.72408103942871,1,0,0.32784604156920416,0.5072098689051707,0.03943509981036186,0.040093425661325455,0.0015197691418836086,3.51043080605785e-05,-2.538724241783756,10.397986368587107,0.471538278934311,road,0,2,1,1,0.4672865013774105,0.058514030612244895,0.16238532110091744,0
1093,56.4299,1790926333.7216,203.9196491241455,29.8616886138916,1,0,0.3274387586966809,0.5073917265419189,0.0398041307926178,0.04032614454627037,0.0015255804637178433,3.405439153263115e-05,-2.5412816158485643,10.385937496355586,0.40440799464447963,road,0,2,1,1,0.4685347796143251,0.08827593537414966,0.13033256880733946,0
1094,56.475,1790926333.7621,192.99030303955078,18.596887588500977,1,0,0.32713345483671097,0.507839864911213,0.03987143561244011,0.04038996249437332,0.0015192005905325632,3.429228645908641e-05,-2.5417238442532155,10.385152829772373,0.3874556642404485,road,0,2,1,1,0.46943870523415976,0.10719600340136054,0.11863532110091743,0
1095,56.5145,1790926333.8229,204.4045925140381,34.998416900634766,1,0,0.32692825396785846,0.5081948313350815,0.04003048315644264,0.04060746356844902,0.001500665762854053,3.2368556540578683e-05,-2.5367715651414486,10.394067244174678,0.34080568630074026,road,0,2,1,1,0.46930957300275483,0.12547831632653061,0.10817087155963302,0
1096,56.5764,1790926333.8719,203.48429679870605,28.818607330322266,1,0,0.3263578038142045,0.5081905418769004,0.040445346385240555,0.04078352078795433,0.0015001994095834802,3.053183254748459e-05,-2.554385037341451,10.374080908086974,0.31454802802723236,road,0,2,1,1,0.47025654269972456,0.16480654761904764,0.09848050458715596,0
1097,56.6239,1790926333.9178,187.2720718383789,17.895221710205078,1,0,0.3260950811981661,0.5076746792009742,0.04091625288128853,0.04200016334652901,0.0015086412258764237,2.6492350244885405e-05,-2.54619061964639,10.405731883631454,0.31454802802723236,road,0,2,2,0,0.46883608815426997,0.20078656462585034,0.09380733944954128,0
1098,56.673,1790926333.9779,189.04447555541992,28.963565826416016,1,0,0.32635909318307155,0.5080149305916151,0.04102373495697975,0.04185321554541588,0.001548387264879766,2.2475967434709065e-05,-2.5145591719142217,10.39473388246397,0.31454802802723236,road,0,2,2,0,0.46961088154269975,0.22172619047619047,0.08890481651376146,0
1099,56.7308,1790926334.0167,194.65255737304688,25.32339096069336,1,0,0.32611960890085057,0.507900061564769,0.040980320423841476,0.04203617945313454,0.001523872238576653,1.621667921677982e-05,-2.4976650170795662,10.381075893612486,0.29983562818209464,road,0,2,2,0,0.4703856749311294,0.25297619047619047,0.08279816513761468,0
1100,56.7692,1790926334.0744,186.02228164672852,41.23663902282715,1,0,0.326089876013118,0.5078576610343533,0.04091242700815201,0.04164804890751839,0.0015056876259842138,1.6775393786259888e-05,-2.4958877060713034,10.360096613461005,0.29983562818209464,road,0,2,2,0,0.4697830578512397,0.2814625850340136,0.07858371559633028,0
1101,56.8271,1790926334.1157,202.67653465270996,26.39031410217285,1,0,0.3260366945518662,0.5076560178479042,0.041033804416656494,0.04177422448992729,0.0014996377774994594,1.6732804711194237e-05,-2.4915187260581693,10.363507571151644,0.3008004338250032,road,0,2,2,0,0.46952479338842973,0.3310480442176871,0.07356651376146789,0
1102,56.868,1790926334.1604,179.55732345581055,19.577741622924805,1,0,0.3260893800596366,0.5072823756293172,0.04100722447037697,0.041634805500507355,0.0015022581162145666,1.7300795457312287e-05,-2.494760328596306,10.35961578424295,0.3183212785246141,road,0,2,2,0,0.4690943526170799,0.3663371598639456,0.07009747706422018,0
1103,56.9144,1790926334.214,183.4113597869873,24.445533752441406,1,0,0.32607454532819835,0.5067978853737161,0.0410894937813282,0.041509173810482025,0.0015011125006652102,1.763533731327743e-05,-2.4947736595165626,10.349147950413693,0.3602203876085781,road,0,2,2,0,0.4696539256198347,0.38903061224489793,0.06688646788990826,0
1104,56.9672,1790926334.2559,196.183443069458,25.766611099243164,1,0,0.3260204352567518,0.5074928784800732,0.04103631153702736,0.041259802877902985,0.001525156372803823,1.737797006482514e-05,-2.519305370118839,10.319069082554831,0.3602203876085781,road,0,2,2,0,0.46969696969696967,0.39673681972789115,0.06525229357798165,0
1105,57.0082,1790926334.3151,194.2291259765625,46.69332504272461,1,0,0.3256143021586888,0.5069369488289692,0.041354697197675705,0.04125922918319702,0.001537950741954816,1.6821499950758554e-05,-2.4973754522730736,10.367853341273838,0.39863791789639436,road,0,2,2,0,0.4697400137741047,0.3908375850340136,0.06459288990825689,0
1106,57.0693,1790926334.3621,185.14347076416016,26.345252990722656,1,0,0.3265894440301151,0.5072822239368366,0.04000547155737877,0.04091866686940193,0.0015447910993260795,1.7131126282935663e-05,-2.5294633281662593,10.329887388809828,0.3891110502686672,road,0,2,2,0,0.4697830578512397,0.390890731292517,0.06528096330275229,0
1107,57.1144,1790926334.4031,184.190034866333,27.495145797729492,1,0,0.32576724425005443,0.5056884013470497,0.041372284293174744,0.04143890365958214,0.0015892278465136477,2.269397063993694e-05,-2.5096738901787345,10.344708708409586,0.39863791789639436,road,0,2,2,0,0.4700843663911846,0.39126275510204084,0.06493692660550458,0
1108,57.1561,1790926334.4545,214.86258506774902,32.61518478393555,1,0,0.32606620601555536,0.5067016018049224,0.041159797459840775,0.04129863157868385,0.0015930099685150662,2.6380381173412436e-05,-2.5069836525002183,10.345922876083584,0.4313246731805549,road,0,2,2,0,0.46918044077134985,0.3913690476190476,0.06519495412844037,0
1109,57.2069,1790926334.4987,212.00132369995117,28.059005737304688,1,0,0.32580293948258077,0.5061026081613383,0.04140001907944679,0.04133825749158859,0.0015980996802233754,3.022397424765325e-05,-2.4844396636837054,10.362922584930148,0.4754122926999713,road,0,2,2,0,0.47047176308539945,0.3920068027210884,0.06502293577981651,0
1110,57.2503,1790926334.5483,232.26594924926758,37.42551803588867,1,0,0.3263519625233905,0.5077485978387437,0.04077984392642975,0.040979817509651184,0.0016040557812918032,3.3811187289304595e-05,-2.4891008976874707,10.352899874889111,0.4313246731805549,road,0,2,2,0,0.46969696969696967,0.3908375850340136,0.06516628440366973,0
1111,57.3129,1790926334.6096,210.33072471618652,25.704622268676758,1,0,0.3248167998378262,0.5056014609204083,0.04336850345134735,0.04209153726696968,0.0016559799885185946,4.240785912290039e-05,-2.453489499713496,10.361978277132305,0.4754122926999713,road,0,2,2,0,0.46943870523415976,0.391156462585034,0.06530963302752295,0
1112,57.3622,1790926334.6507,231.9507598876953,48.770904541015625,1,0,0.3258146984944793,0.5086773698565621,0.0421290323138237,0.04174812138080597,0.0016553694783095184,4.8935702360798344e-05,-2.4841166428621957,10.34841544945956,0.3065961769866803,road,0,2,2,0,0.4693526170798898,0.391422193877551,0.06519495412844037,0
1113,57.4064,1790926334.7241,190.155029296875,31.094074249267578,1,0,0.325172618796973,0.5082923088914522,0.04312000796198845,0.042251504957675934,0.0016441748896045833,5.282003177292635e-05,-2.485683507314704,10.352506714841228,0.24670746261021037,road,0,2,2,0,0.4702134986225895,0.3926977040816326,0.06528096330275229,0
1114,57.4774,1790926334.7665,198.60029220581055,25.82693099975586,1,0,0.3254960981808349,0.5096921079379985,0.04312934726476669,0.041380874812603,0.0016374281871242376,5.6212211503112675e-05,-2.5263483277185173,10.335902444803285,0.20500378899948402,road,0,2,2,0,0.47004132231404955,0.3932291666666667,0.06456422018348623,0
1115,57.5194,1790926334.8277,188.5702610015869,29.872655868530273,1,0,0.3253243790338729,0.5092490591237482,0.04319240152835846,0.041723836213350296,0.0016111530396381935,5.565536028282656e-05,-2.5315150582042216,10.386012143942867,0.1844611084943395,road,0,2,2,0,0.4709452479338843,0.3932823129251701,0.06539564220183486,0
1116,57.5796,1790926334.8708,187.0558261871338,28.968334197998047,1,0,0.3255392332014567,0.5093667501366325,0.04268207773566246,0.0416594035923481,0.001622620499447257,5.499593884341413e-05,-2.5265296618875706,10.385049538632112,0.16796504657628475,road,0,2,2,0,0.46995523415977963,0.39248511904761907,0.06510894495412844,0
1117,57.6224,1790926334.9133,212.8009796142578,45.48144340515137,1,0,0.32514928733983994,0.5084460763018271,0.04307243973016739,0.0419514998793602,0.0016111540563549449,5.4366693782539896e-05,-2.5224803557982836,10.384965343358152,0.1844611084943395,road,0,2,2,0,0.4697400137741047,0.39280399659863946,0.06536697247706422,0
1118,57.6668,1790926334.9671,192.1224594116211,32.61613845825195,1,0,0.3252866666912688,0.5084400922624983,0.04289311170578003,0.041823610663414,0.00161248252011596,5.305194310912986e-05,-2.522841849826852,10.37575521164227,0.2611913819160918,road,0,2,2,0,0.46930957300275483,0.39285714285714285,0.06556766055045872,0
1119,57.7195,1790926335.0042,200.26135444641113,26.584386825561523,1,0,0.3249802145018593,0.5071635300732829,0.04314619302749634,0.042103588581085205,0.001611612907890917,5.311886510807294e-05,-2.524503028804748,10.378387766142158,0.26211999973312317,road,0,2,2,0,0.46943870523415976,0.3926977040816326,0.06505160550458715,0
1120,57.7557,1790926335.0585,208.7996006011963,49.22795295715332,1,0,0.3249977430403938,0.5070421691618949,0.0430242083966732,0.04205595329403877,0.0016098761608907585,5.191015139339581e-05,-2.525261707293395,10.377052824758488,0.3974369801282691,road,0,2,2,0,0.46930957300275483,0.3926977040816326,0.065625,0
1121,57.8117,1790926335.1033,208.20260047912598,26.019573211669922,1,0,0.325029913255671,0.5069900905565344,0.04294496402144432,0.04222121834754944,0.0016013532418336,4.8911926486851234e-05,-2.5256179292621117,10.377921664374657,0.41080122695630905,road,0,2,2,0,0.46892217630853994,0.39344175170068024,0.06519495412844037,0
1122,57.856,1790926335.1495,240.9038543701172,24.096012115478516,1,0,0.3250621796625032,0.5069748834952643,0.04272940382361412,0.042297542095184326,0.0015969594830306316,4.4652744298758604e-05,-2.5246303270393207,10.373656474860777,0.41656162367159055,road,0,2,2,0,0.4692665289256198,0.3930165816326531,0.0659690366972477,0
