label,phase,evt,cal,talking,ped,speed,steer,ped_gap,ped_yaw,ped_x,car_z,head_yaw,head_pitch,eye_yaw,eye_pitch,blink,jaw,reach,f,t,unix
road,calibration,,1,0,0,9.0,1.0948,99.0,0.0,0.0,0.3757,0.0,0,0.3107,0.2904,0.0,0.0,0.0,0,0.0301,1790926277.0168
road,calibration,,1,0,0,9.0,1.3128,99.0,0.0,0.0,0.7674,0.0,0,0.4793,0.3445,0.0,0.0,0.0,1,0.1137,1790926277.0633
road,calibration,,1,0,0,9.0,1.4111,99.0,0.0,0.0,1.1435,0.0,0,0.449,0.311,0.0,0.0,0.0,2,0.1555,1790926277.1333
road,calibration,,1,0,0,9.0,1.4935,99.0,0.0,0.0,1.4834,0.0,0,0.3577,0.2463,0.0,0.0,0.0,3,0.1933,1790926277.1682
road,calibration,,1,0,0,9.0,1.5642,99.0,0.0,0.0,1.7977,0.0,0,0.2338,0.1632,0.0,0.0,0.0,4,0.2282,1790926277.1781
road,calibration,,1,0,0,9.0,1.6644,99.0,0.0,0.0,2.291,0.0,0,0.0089,0.0085,0.0,0.0,0.0,5,0.283,1790926277.2595
road,calibration,,1,0,0,9.0,1.7246,99.0,0.0,0.0,2.6249,0.0,0,-0.1299,-0.0958,0.0,0.0,0.0,6,0.3201,1790926277.3268
road,calibration,,1,0,0,9.0,1.818,99.0,0.0,0.0,3.2306,0.0,0,-0.286,-0.2426,0.0,0.0,0.0,7,0.3874,1790926277.338
road,calibration,,1,0,0,9.0,1.8705,99.0,0.0,0.0,3.6467,0.0,0,-0.3045,-0.2922,0.0,0.0,0.0,8,0.4336,1790926277.4108
road,calibration,,1,0,0,9.0,1.907,99.0,0.0,0.0,3.9932,0.0,0,-0.2736,-0.298,0.0,0.0,0.0,9,0.4721,1790926277.4858
road,calibration,,1,0,0,9.0,1.9595,99.0,0.0,0.0,4.6646,0.0,0,-0.1614,-0.2357,0.0,0.0,0.0,10,0.5467,1790926277.4981
road,calibration,,1,0,0,9.0,1.9838,99.0,0.0,0.0,5.1677,0.0,0,-0.096,-0.158,0.0,0.0,0.0,11,0.6026,1790926277.5799
road,calibration,,1,0,0,9.0,1.993,99.0,0.0,0.0,5.5013,0.0,0,-0.0787,-0.1087,0.0,0.0,0.0,12,0.6397,1790926277.6451
road,calibration,,1,0,0,9.0,1.9969,99.0,0.0,0.0,6.0942,0.0,0,-0.0886,-0.0466,0.0,0.0,0.0,13,0.7056,1790926277.658
road,calibration,,1,0,0,9.0,1.9883,99.0,0.0,0.0,6.5963,0.0,0,-0.0965,-0.0238,0.0,0.0,0.0,14,0.7614,1790926277.7631
road,calibration,,1,0,0,9.0,1.9672,99.0,0.0,0.0,7.1582,0.0,0,-0.0465,-0.015,0.0,0.0,0.0,15,0.8238,1790926277.8407
road,calibration,,1,0,0,9.0,1.9253,99.0,0.0,0.0,7.8704,0.0,0,0.1353,0.0162,0.0,0.0,0.0,16,0.9029,1790926277.8593
road,calibration,,1,0,0,9.0,1.914,99.0,0.0,0.0,8.0281,0.0,0,0.1866,0.0307,0.0,0.0,0.0,17,0.9205,1790926277.911
road,calibration,,1,0,0,9.0,1.8774,99.0,0.0,0.0,8.4887,0.0,0,0.3288,0.0907,0.0,0.0,0.0,18,0.9716,1790926277.9618
road,calibration,,1,0,0,9.0,1.836,99.0,0.0,0.0,8.9532,0.0,0,0.4174,0.1707,0.0,0.0,0.0,19,1.0232,1790926278.0168
road,calibration,,1,0,0,9.0,1.7885,99.0,0.0,0.0,9.4428,0.0,0,0.4036,0.255,0.0,0.0,0.0,20,1.0776,1790926278.0582
road,calibration,,1,0,0,9.0,1.7494,99.0,0.0,0.0,9.8259,0.0,0,0.3064,0.302,0.0,0.0,0.0,21,1.1202,1790926278.1077
road,calibration,,1,0,0,9.0,1.7025,99.0,0.0,0.0,10.2735,0.0,0,0.117,0.3169,0.0,0.0,0.0,22,1.1699,1790926278.1506
road,calibration,,1,0,0,9.0,1.6627,99.0,0.0,0.0,10.6484,0.0,0,-0.0703,0.2874,0.0,0.0,0.0,23,1.2116,1790926278.192
road,calibration,,1,0,0,9.0,1.6226,99.0,0.0,0.0,11.0287,0.0,0,-0.2475,0.218,0.0,0.0,0.0,24,1.2539,1790926278.2475
road,calibration,,1,0,0,9.0,1.5711,99.0,0.0,0.0,11.53,0.0,0,-0.4044,0.0792,0.0,0.0,0.0,25,1.3096,1790926278.2882
road,calibration,,1,0,0,9.0,1.5355,99.0,0.0,0.0,11.892,0.0,0,-0.4388,-0.0373,0.0,0.0,0.0,26,1.3498,1790926278.337
road,calibration,,1,0,0,9.0,1.4947,99.0,0.0,0.0,12.3335,0.0,0,-0.3895,-0.1726,0.0,0.0,0.0,27,1.3988,1790926278.3804
road,calibration,,1,0,0,9.0,1.4625,99.0,0.0,0.0,12.7134,0.0,0,-0.2863,-0.264,0.0,0.0,0.0,28,1.441,1790926278.4229
road,calibration,,1,0,0,9.0,1.4326,99.0,0.0,0.0,13.1049,0.0,0,-0.1531,-0.3201,0.0,0.0,0.0,29,1.4846,1790926278.4749
road,calibration,,1,0,0,9.0,1.4026,99.0,0.0,0.0,13.5631,0.0,0,-0.0077,-0.3294,0.0,0.0,0.0,30,1.5355,1790926278.5126
road,calibration,,1,0,0,9.0,1.3841,99.0,0.0,0.0,13.9055,0.0,0,0.0702,-0.2999,0.8106,0.0,0.0,31,1.5735,1790926279.1538
road,calibration,,1,0,0,9.0,1.4052,99.0,0.0,0.0,14.8055,0.0,0,0.2359,0.0517,0.0,0.0,0.0,32,1.9068,1790926279.2592
left_mirror,calibration,,1,0,0,9.0,1.4907,99.0,0.0,0.0,15.7055,-2.9233,0,0.2579,0.092,0.0,0.0,0.0,33,2.0129,1790926279.3167
left_mirror,calibration,,1,0,0,9.0,1.5532,99.0,0.0,0.0,16.2209,-4.9469,0,-18.9024,-0.8019,0.0,0.0,0.0,34,2.0701,1790926279.376
left_mirror,calibration,,1,0,0,9.0,1.6284,99.0,0.0,0.0,16.7462,-6.4714,0,-20.0873,-0.78,0.0,0.0,0.0,35,2.1285,1790926279.431
left_mirror,calibration,,1,0,0,9.0,1.71,99.0,0.0,0.0,17.2439,-7.4396,0,-20.303,-0.73,0.0,0.0,0.0,36,2.1838,1790926279.4847
left_mirror,calibration,,1,0,0,9.0,1.7975,99.0,0.0,0.0,17.7237,-8.0427,0,-20.4465,-0.7239,0.0,0.0,0.0,37,2.2371,1790926279.5337
left_mirror,calibration,,1,0,0,9.0,1.8868,99.0,0.0,0.0,18.1733,-8.4036,0,-20.4761,-0.7699,0.0,0.0,0.0,38,2.2871,1790926279.5857
left_mirror,calibration,,1,0,0,9.0,1.9859,99.0,0.0,0.0,18.6374,-8.6387,0,-20.3884,-0.8696,0.0,0.0,0.0,39,2.3386,1790926279.6369
left_mirror,calibration,,1,0,0,9.0,2.101,99.0,0.0,0.0,19.1428,-8.793,0,-20.1898,-1.0194,0.0,0.0,0.0,40,2.3948,1790926279.7047
left_mirror,calibration,,1,0,0,9.0,2.2415,99.0,0.0,0.0,19.726,-8.8925,0,-19.9234,-1.198,0.0,0.0,0.0,41,2.4596,1790926279.7605
left_mirror,calibration,,1,0,0,9.0,2.3613,99.0,0.0,0.0,20.202,-8.9375,0,-19.7585,-1.3067,0.0,0.0,0.0,42,2.5125,1790926279.8139
left_mirror,calibration,,1,0,0,9.0,2.4916,99.0,0.0,0.0,20.7053,-8.965,0,-19.6843,-1.3554,0.0,0.0,0.0,43,2.5684,1790926279.8633
left_mirror,calibration,,1,0,0,9.0,2.6051,99.0,0.0,0.0,21.1356,-8.9788,0,-19.7026,-1.3366,0.0,0.0,0.0,44,2.6162,1790926279.9046
left_mirror,calibration,,1,0,0,9.0,2.7043,99.0,0.0,0.0,21.5087,-8.9863,0,-19.7595,-1.2812,0.0,0.0,0.0,45,2.6577,1790926279.9556
left_mirror,calibration,,1,0,0,9.0,2.8272,99.0,0.0,0.0,21.9699,-8.9921,0,-19.845,-1.1808,0.0,0.0,0.0,46,2.7089,1790926279.9991
left_mirror,calibration,,1,0,0,9.0,2.9278,99.0,0.0,0.0,22.3499,-8.9949,0,-19.9007,-1.0899,0.0,0.0,0.0,47,2.7511,1790926280.0488
left_mirror,calibration,,1,0,0,9.0,3.0475,99.0,0.0,0.0,22.8082,-8.9971,0,-19.9315,-0.9928,0.0,0.0,0.0,48,2.802,1790926280.0933
left_mirror,calibration,,1,0,0,9.0,3.1473,99.0,0.0,0.0,23.1984,-8.9982,0,-19.9295,-0.9334,0.0,0.0,0.0,49,2.8454,1790926280.1396
left_mirror,calibration,,1,0,0,9.0,3.2552,99.0,0.0,0.0,23.6331,-8.9989,0,-19.9178,-0.8971,0.0,0.0,0.0,50,2.8937,1790926280.1849
left_mirror,calibration,,1,0,0,9.0,3.3489,99.0,0.0,0.0,24.0255,-8.9993,0,-19.9236,-0.8873,0.0,0.0,0.0,51,2.9373,1790926280.2251
left_mirror,calibration,,1,0,0,9.0,3.4324,99.0,0.0,0.0,24.3903,-8.9996,0,-19.9603,-0.8892,0.0,0.0,0.0,52,2.9778,1790926280.2801
left_mirror,calibration,,1,0,0,9.0,3.5383,99.0,0.0,0.0,24.8815,-8.9998,0,-20.0661,-0.8925,0.0,0.0,0.0,53,3.0324,1790926280.323
left_mirror,calibration,,1,0,0,9.0,3.6155,99.0,0.0,0.0,25.2676,-8.9998,0,-20.1821,-0.8848,0.0,0.0,0.0,54,3.0753,1790926280.3775
left_mirror,calibration,,1,0,0,9.0,3.7071,99.0,0.0,0.0,25.7698,-8.9999,0,-20.3316,-0.855,0.0,0.0,0.0,55,3.1311,1790926280.425
left_mirror,calibration,,1,0,0,9.0,3.7741,99.0,0.0,0.0,26.1833,-9.0,0,-20.4085,-0.8188,0.0,0.0,0.0,56,3.177,1790926280.471
left_mirror,calibration,,1,0,0,9.0,3.8351,99.0,0.0,0.0,26.6123,-9.0,0,-20.4078,-0.7833,0.0,0.0,0.0,57,3.2247,1790926280.519
left_mirror,calibration,,1,0,0,9.0,3.8857,99.0,0.0,0.0,27.0316,-9.0,0,-20.3157,-0.7669,0.0,0.0,0.0,58,3.2713,1790926280.5571
left_mirror,calibration,,1,0,0,9.0,3.9198,99.0,0.0,0.0,27.372,-9.0,0,-20.1834,-0.7768,0.0,0.0,0.0,59,3.3091,1790926280.6061
left_mirror,calibration,,1,0,0,9.0,3.9545,99.0,0.0,0.0,27.8163,-9.0,0,-19.9672,-0.8293,0.0,0.0,0.0,60,3.3585,1790926280.6434
left_mirror,calibration,,1,0,0,9.0,3.9841,99.0,0.0,0.0,28.4542,-9.0,0,-19.6804,-0.9777,0.0,0.0,0.0,61,3.4294,1790926280.7252
left_mirror,calibration,,1,0,0,9.0,3.9901,99.0,0.0,0.0,28.8835,-9.0,0,-19.5731,-1.105,0.0,0.0,0.0,62,3.4771,1790926280.8023
left_mirror,calibration,,1,0,0,9.0,3.9748,99.0,0.0,0.0,29.5901,-9.0,0,-19.6067,-1.2927,0.0,0.0,0.0,63,3.5556,1790926280.8165
left_mirror,calibration,,1,0,0,9.0,3.9524,99.0,0.0,0.0,29.9867,-9.0,0,-19.7183,-1.3533,0.0,0.0,0.0,64,3.5997,1790926280.8921
left_mirror,calibration,,1,0,0,9.0,3.9193,99.0,0.0,0.0,30.3905,-9.0,0,-19.86,-1.3667,0.0,0.0,0.0,65,3.6445,1790926280.9648
left_mirror,calibration,,1,0,0,9.0,3.8441,99.0,0.0,0.0,31.0413,-9.0,0,-20.0564,-1.2863,0.0,0.0,0.0,66,3.7168,1790926280.9777
left_mirror,calibration,,1,0,0,9.0,3.7747,99.0,0.0,0.0,31.5035,-9.0,0,-20.1263,-1.1746,0.0,0.0,0.0,67,3.7682,1790926281.0631
left_mirror,calibration,,1,0,0,9.0,3.7,99.0,0.0,0.0,31.9252,-9.0,0,-20.1377,-1.06,0.0,0.0,0.0,68,3.815,1790926281.1448
left_mirror,calibration,,1,0,0,9.0,3.5443,99.0,0.0,0.0,32.6632,-9.0,0,-20.106,-0.8953,0.0,0.0,0.0,69,3.897,1790926281.1561
left_mirror,calibration,,1,0,0,9.0,3.5199,99.0,0.0,0.0,32.7671,-9.0,0,-20.1033,-0.8795,0.0,0.0,0.0,70,3.9086,1790926281.2077
left_mirror,calibration,,1,0,0,9.0,3.4016,99.0,0.0,0.0,33.2403,-9.0,0,-20.1136,-0.8347,0.0,0.0,0.0,71,3.9612,1790926281.2602
passenger,calibration,,1,0,0,9.0,3.2739,99.0,0.0,0.0,33.7062,-5.1075,0,-20.1621,-0.8289,0.0,0.0,0.0,72,4.0129,1790926281.2989
passenger,calibration,,1,0,0,9.0,3.1698,99.0,0.0,0.0,34.0606,0.0387,0,-8.1042,-1.1768,0.0668,0.0,0.0,73,4.0523,1790926281.3437
passenger,calibration,,1,0,0,9.0,3.046,99.0,0.0,0.0,34.4597,5.6924,0,12.8849,-1.7785,0.9736,0.0,0.0,74,4.0967,1790926281.3848
passenger,calibration,,1,0,0,9.0,2.9303,99.0,0.0,0.0,34.815,9.9181,0,15.7287,-1.8683,0.7777,0.0,0.0,75,4.1361,1790926281.4216
passenger,calibration,,1,0,0,9.0,2.8109,99.0,0.0,0.0,35.1673,13.2315,0,15.7618,-1.8691,0.2691,0.0,0.0,76,4.1753,1790926281.4734
passenger,calibration,,1,0,0,9.0,2.6479,99.0,0.0,0.0,35.6298,16.3911,0,15.8801,-1.855,0.0,0.0,0.0,77,4.2267,1790926281.5185
passenger,calibration,,1,0,0,9.0,2.5049,99.0,0.0,0.0,36.022,18.2251,0,16.034,-1.8361,0.0,0.0,0.0,78,4.2702,1790926281.5596
passenger,calibration,,1,0,0,9.0,2.3652,99.0,0.0,0.0,36.3953,19.4395,0,16.1985,-1.8225,0.0,0.0,0.0,79,4.3117,1790926281.6094
passenger,calibration,,1,0,0,9.0,2.1937,99.0,0.0,0.0,36.8441,20.4142,0,16.3725,-1.8268,0.0,0.0,0.0,80,4.3616,1790926281.651
passenger,calibration,,1,0,0,9.0,2.0479,99.0,0.0,0.0,37.2194,20.946,0,16.4608,-1.8575,0.0,0.0,0.0,81,4.4033,1790926281.6918
passenger,calibration,,1,0,0,9.0,1.8967,99.0,0.0,0.0,37.6047,21.3116,0,16.4734,-1.9186,0.0,0.0,0.0,82,4.4461,1790926281.7459
passenger,calibration,,1,0,0,9.0,1.7118,99.0,0.0,0.0,38.0727,21.5929,0,16.3779,-2.0276,0.0,0.0,0.0,83,4.4981,1790926281.7844
passenger,calibration,,1,0,0,9.0,1.5744,99.0,0.0,0.0,38.4205,21.7256,0,16.2445,-2.1224,0.0,0.0,0.0,84,4.5367,1790926281.8388
passenger,calibration,,1,0,0,9.0,1.3801,99.0,0.0,0.0,38.9141,21.8443,0,16.0152,-2.252,0.0,0.0,0.0,85,4.5916,1790926281.8784
passenger,calibration,,1,0,0,9.0,1.2463,99.0,0.0,0.0,39.2574,21.8953,0,15.8657,-2.3213,0.0,0.0,0.0,86,4.6297,1790926281.9258
passenger,calibration,,1,0,0,9.0,1.0773,99.0,0.0,0.0,39.6969,21.9373,0,15.7278,-2.3666,0.0,0.0,0.0,87,4.6786,1790926281.9688
passenger,calibration,,1,0,0,9.0,0.9351,99.0,0.0,0.0,40.0736,21.9597,0,15.6752,-2.3585,0.0,0.0,0.0,88,4.7204,1790926282.0113
passenger,calibration,,1,0,0,9.0,0.7846,99.0,0.0,0.0,40.4818,21.9751,0,15.6859,-2.3014,0.0,0.0,0.0,89,4.7658,1790926282.0605
passenger,calibration,,1,0,0,9.0,0.6306,99.0,0.0,0.0,40.9121,21.9851,0,15.7514,-2.1983,0.0,0.0,0.0,90,4.8136,1790926282.1016
passenger,calibration,,1,0,0,9.0,0.5042,99.0,0.0,0.0,41.2774,21.9903,0,15.8238,-2.0919,0.0,0.0,0.0,91,4.8542,1790926282.1524
passenger,calibration,,1,0,0,9.0,0.3508,99.0,0.0,0.0,41.739,21.9944,0,15.9017,-1.9581,0.0,0.0,0.0,92,4.9055,1790926282.1936
passenger,calibration,,1,0,0,9.0,0.1754,99.0,0.0,0.0,42.2992,21.9972,0,15.9432,-1.8335,0.0,0.0,0.0,93,4.9677,1790926282.2644
passenger,calibration,,1,0,0,9.0,0.0472,99.0,0.0,0.0,42.7366,21.9983,0,15.9397,-1.7828,0.0,0.0,0.0,94,5.0163,1790926282.3374
passenger,calibration,,1,0,0,9.0,-0.1325,99.0,0.0,0.0,43.4059,21.9993,0,15.9357,-1.783,0.0,0.0,0.0,95,5.0907,1790926282.3544
passenger,calibration,,1,0,0,9.0,-0.2307,99.0,0.0,0.0,43.8091,21.9996,0,15.9721,-1.8122,0.0,0.0,0.0,96,5.1355,1790926282.4194
passenger,calibration,,1,0,0,9.0,-0.3041,99.0,0.0,0.0,44.1336,21.9997,0,16.0325,-1.8399,0.0,0.0,0.0,97,5.1715,1790926282.4955
passenger,calibration,,1,0,0,9.0,-0.4426,99.0,0.0,0.0,44.8235,21.9999,0,16.2272,-1.882,0.0,0.0,0.0,98,5.2482,1790926282.5056
passenger,calibration,,1,0,0,9.0,-0.523,99.0,0.0,0.0,45.2916,21.9999,0,16.3533,-1.8878,0.0,0.0,0.0,99,5.3002,1790926282.5904
passenger,calibration,,1,0,0,9.0,-0.5793,99.0,0.0,0.0,45.6668,22.0,0,16.4079,-1.8834,0.0,0.0,0.0,100,5.3419,1790926282.662
passenger,calibration,,1,0,0,9.0,-0.6614,99.0,0.0,0.0,46.3282,22.0,0,16.3415,-1.8841,0.0,0.0,0.0,101,5.4154,1790926282.6753
passenger,calibration,,1,0,0,9.0,-0.7026,99.0,0.0,0.0,46.7524,22.0,0,16.1892,-1.9101,0.0,0.0,0.0,102,5.4625,1790926282.757
passenger,calibration,,1,0,0,9.0,-0.7355,99.0,0.0,0.0,47.1803,22.0,0,15.9837,-1.9669,0.0,0.0,0.0,103,5.5101,1790926282.8282
passenger,calibration,,1,0,0,9.0,-0.7688,99.0,0.0,0.0,47.8202,22.0,0,15.6901,-2.1022,0.0,0.0,0.0,104,5.5811,1790926282.8478
passenger,calibration,,1,0,0,9.0,-0.7752,99.0,0.0,0.0,48.0074,22.0,0,15.6284,-2.1479,0.0,0.0,0.0,105,5.6019,1790926282.8928
passenger,calibration,,1,0,0,9.0,-0.7838,99.0,0.0,0.0,48.3941,22.0,0,15.5562,-2.2395,0.0,0.0,0.0,106,5.6449,1790926282.9319
passenger,calibration,,1,0,0,9.0,-0.7864,99.0,0.0,0.0,48.742,22.0,0,15.5605,-2.3069,0.0,0.0,0.0,107,5.6836,1790926282.9818
passenger,calibration,,1,0,0,9.0,-0.7833,99.0,0.0,0.0,49.1894,22.0,0,15.6519,-2.3547,0.0,0.0,0.0,108,5.7333,1790926283.0208
passenger,calibration,,1,0,0,9.0,-0.7761,99.0,0.0,0.0,49.541,22.0,0,15.7682,-2.3519,0.0,0.0,0.0,109,5.7724,1790926283.0648
passenger,calibration,,1,0,0,9.0,-0.7628,99.0,0.0,0.0,49.9546,22.0,0,15.9183,-2.3005,0.0,0.0,0.0,110,5.8183,1790926283.1056
passenger,calibration,,1,0,0,9.0,-0.7478,99.0,0.0,0.0,50.3088,22.0,0,16.0301,-2.2205,0.0,0.0,0.0,111,5.8577,1790926283.1466
passenger,calibration,,1,0,0,9.0,-0.729,99.0,0.0,0.0,50.6772,22.0,0,16.1105,-2.1136,0.0,0.0,0.0,112,5.8986,1790926283.2036
passenger,calibration,,1,0,0,9.0,-0.6976,99.0,0.0,0.0,51.2043,22.0,0,16.1525,-1.9489,0.0,0.0,0.0,113,5.9572,1790926283.2484
hazard_right,calibration,,1,0,0,9.0,-0.6716,99.0,0.0,0.0,51.5949,20.4051,0,16.1417,-1.8428,0.0,0.0,0.0,114,6.0006,1790926283.297
hazard_right,calibration,,1,0,0,9.0,-0.6396,99.0,0.0,0.0,52.046,16.8677,0,9.1166,0.2414,0.0,0.0,0.0,115,6.0507,1790926283.3415
hazard_right,calibration,,1,0,0,9.0,-0.6114,99.0,0.0,0.0,52.4303,13.8959,0,9.1087,0.2727,0.0,0.0,0.0,116,6.0934,1790926283.3849
hazard_right,calibration,,1,0,0,9.0,-0.5809,99.0,0.0,0.0,52.8428,11.2593,0,9.1287,0.2667,0.0,0.0,0.0,117,6.1392,1790926283.4388
hazard_right,calibration,,1,0,0,9.0,-0.5457,99.0,0.0,0.0,53.3259,8.9942,0,9.1847,0.2215,0.0,0.0,0.0,118,6.1929,1790926283.484
hazard_right,calibration,,1,0,0,9.0,-0.5178,99.0,0.0,0.0,53.7283,7.6882,0,9.2354,0.1698,0.0,0.0,0.0,119,6.2376,1790926283.5433
hazard_right,calibration,,1,0,0,9.0,-0.484,99.0,0.0,0.0,54.2582,6.5597,0,9.258,0.1078,0.0,0.0,0.0,120,6.2965,1790926283.59
hazard_right,calibration,,1,0,0,9.0,-0.461,99.0,0.0,0.0,54.67,6.0081,0,9.21,0.0767,0.0,0.0,0.0,121,6.3422,1790926283.6362
hazard_right,calibration,,1,0,0,9.0,-0.4405,99.0,0.0,0.0,55.1061,5.6284,0,9.088,0.0618,0.0,0.0,0.0,122,6.3907,1790926283.6812
hazard_right,calibration,,1,0,0,9.0,-0.4264,99.0,0.0,0.0,55.4884,5.4123,0,8.9357,0.0579,0.0,0.0,0.0,123,6.4332,1790926283.7195
hazard_right,calibration,,1,0,0,9.0,-0.4169,99.0,0.0,0.0,55.8498,5.2754,0,8.779,0.0533,0.0,0.0,0.0,124,6.4733,1790926283.7692
hazard_right,calibration,,1,0,0,9.0,-0.4109,99.0,0.0,0.0,56.2907,5.1673,0,8.6153,0.0342,0.0,0.0,0.0,125,6.5223,1790926283.8094
hazard_right,calibration,,1,0,0,9.0,-0.4109,99.0,0.0,0.0,56.6442,5.1117,0,8.5378,0.0011,0.0,0.0,0.0,126,6.5616,1790926283.8539
hazard_right,calibration,,1,0,0,9.0,-0.4164,99.0,0.0,0.0,57.0393,5.0709,0,8.5305,-0.0568,0.0,0.0,0.0,127,6.6055,1790926283.8953
hazard_right,calibration,,1,0,0,9.0,-0.4272,99.0,0.0,0.0,57.4143,5.0459,0,8.6042,-0.1279,0.0,0.0,0.0,128,6.6472,1790926283.9365
hazard_right,calibration,,1,0,0,9.0,-0.4447,99.0,0.0,0.0,57.8065,5.029,0,8.7494,-0.2084,0.0,0.0,0.0,129,6.6907,1790926283.9851
hazard_right,calibration,,1,0,0,9.0,-0.4714,99.0,0.0,0.0,58.2347,5.0175,0,8.9491,-0.2853,0.0,0.0,0.0,130,6.7383,1790926284.0248
hazard_right,calibration,,1,0,0,9.0,-0.5227,99.0,0.0,0.0,58.8365,5.0086,0,9.2053,-0.3361,0.0,0.0,0.0,131,6.8052,1790926284.1018
hazard_right,calibration,,1,0,0,9.0,-0.5708,99.0,0.0,0.0,59.2768,5.0051,0,9.3145,-0.311,0.0,0.0,0.0,132,6.8541,1790926284.1727
hazard_right,calibration,,1,0,0,9.0,-0.661,99.0,0.0,0.0,59.9448,5.0023,0,9.3178,-0.1715,0.0,0.0,0.0,133,6.9283,1790926284.191
hazard_right,calibration,,1,0,0,9.0,-0.721,99.0,0.0,0.0,60.3214,5.0014,0,9.2553,-0.0565,0.0,0.0,0.0,134,6.9702,1790926284.258
hazard_right,calibration,,1,0,0,9.0,-0.7868,99.0,0.0,0.0,60.6943,5.0009,0,9.1772,0.0637,0.0,0.0,0.0,135,7.0116,1790926284.3331
hazard_right,calibration,,1,0,0,9.0,-0.919,99.0,0.0,0.0,61.3557,5.0004,0,9.069,0.2403,0.0,0.0,0.0,136,7.0851,1790926284.3418
hazard_right,calibration,,1,0,0,9.0,-1.0257,99.0,0.0,0.0,61.8316,5.0002,0,9.0438,0.3053,0.9999,0.0,0.0,137,7.138,1790926284.4283
hazard_right,calibration,,1,0,0,9.0,-1.1162,99.0,0.0,0.0,62.206,5.0001,0,9.0478,0.3122,0.597,0.0,0.0,138,7.1796,1790926284.5012
hazard_right,calibration,,1,0,0,9.0,-1.2943,99.0,0.0,0.0,62.8862,5.0001,0,9.0478,0.2425,0.0,0.0,0.0,139,7.2551,1790926284.5191
hazard_right,calibration,,1,0,0,9.0,-1.4151,99.0,0.0,0.0,63.3158,5.0,0,9.0035,0.1694,0.0,0.0,0.0,140,7.3029,1790926284.6103
hazard_right,calibration,,1,0,0,9.0,-1.5769,99.0,0.0,0.0,63.8623,5.0,0,8.8816,0.0802,0.0,0.0,0.0,141,7.3636,1790926284.7012
hazard_right,calibration,,1,0,0,9.0,-1.83,99.0,0.0,0.0,64.6703,5.0,0,8.6588,0.005,0.0,0.0,0.0,142,7.4534,1790926284.7113
hazard_right,calibration,,1,0,0,9.0,-1.9808,99.0,0.0,0.0,65.1329,5.0,0,8.5967,-0.0078,0.8416,0.0,0.0,143,7.5048,1790926284.8036
hazard_right,calibration,,1,0,0,9.0,-2.1366,99.0,0.0,0.0,65.6017,5.0,0,8.6346,-0.0151,0.8176,0.0,0.0,144,7.5569,1790926284.8702
hazard_right,calibration,,1,0,0,9.0,-2.3355,99.0,0.0,0.0,66.1924,5.0,0,8.8314,-0.0433,0.1169,0.0,0.0,145,7.6225,1790926284.8865
hazard_right,calibration,,1,0,0,9.0,-2.3858,99.0,0.0,0.0,66.3414,5.0,0,8.9002,-0.0563,0.0197,0.0,0.0,146,7.6391,1790926284.9291
hazard_right,calibration,,1,0,0,9.0,-2.5129,99.0,0.0,0.0,66.7172,5.0,0,9.0865,-0.1007,0.0,0.0,0.0,147,7.6808,1790926284.9695
hazard_right,calibration,,1,0,0,9.0,-2.6356,99.0,0.0,0.0,67.0815,5.0,0,9.2569,-0.1559,0.0,0.0,0.0,148,7.7213,1790926285.018
hazard_right,calibration,,1,0,0,9.0,-2.7827,99.0,0.0,0.0,67.5228,5.0,0,9.4048,-0.2269,0.0,0.0,0.0,149,7.7703,1790926285.0588
hazard_right,calibration,,1,0,0,9.0,-2.9008,99.0,0.0,0.0,67.8829,5.0,0,9.4537,-0.2749,0.0,0.0,0.0,150,7.8103,1790926285.0994
hazard_right,calibration,,1,0,0,9.0,-3.0252,99.0,0.0,0.0,68.2693,5.0,0,9.4276,-0.3023,0.0,0.0,0.0,151,7.8533,1790926285.1575
hazard_right,calibration,,1,0,0,9.0,-3.1824,99.0,0.0,0.0,68.7734,5.0,0,9.2943,-0.2835,0.0,0.0,0.0,152,7.9093,1790926285.1956
hazard_right,calibration,,1,0,0,9.0,-3.2863,99.0,0.0,0.0,69.1192,5.0,0,9.1679,-0.2307,0.0,0.0,0.0,153,7.9477,1790926285.2353
hazard_right,calibration,,1,0,0,9.0,-3.3962,99.0,0.0,0.0,69.499,5.0,0,9.0299,-0.1395,0.0,0.0,0.0,154,7.9899,1790926285.2845
road,calibration,,1,0,0,9.0,-3.5151,99.0,0.0,0.0,69.9314,4.4441,0,8.9079,-0.0078,0.0,0.0,0.0,155,8.038,1790926285.324
road,calibration,,1,0,0,9.0,-3.6044,99.0,0.0,0.0,70.2754,3.6482,0,0.0386,0.1026,0.0,0.0,0.0,156,8.0762,1790926285.3672
road,calibration,,1,0,0,9.0,-3.7029,99.0,0.0,0.0,70.6793,2.7142,0,-0.1664,0.2189,0.0,0.0,0.0,157,8.1211,1790926285.4123
road,calibration,,1,0,0,9.0,-3.7917,99.0,0.0,0.0,71.0729,1.9498,0,-0.1507,0.3011,0.0,0.0,0.0,158,8.1648,1790926285.4505
road,calibration,,1,0,0,9.0,-3.8625,99.0,0.0,0.0,71.4147,1.4293,0,-0.1285,0.3381,0.0,0.0,0.0,159,8.2028,1790926285.4996
road,calibration,,1,0,0,9.0,-3.9451,99.0,0.0,0.0,71.8571,0.9333,0,-0.1134,0.3345,0.0,0.0,0.0,160,8.2519,1790926285.5424
road,calibration,,1,0,0,9.0,-4.009,99.0,0.0,0.0,72.2468,0.6304,0,-0.1271,0.289,0.0,0.0,0.0,161,8.2952,1790926285.5823
road,calibration,,1,0,0,9.0,-4.0581,99.0,0.0,0.0,72.5908,0.4414,0,-0.1599,0.2256,0.0,0.0,0.0,162,8.3334,1790926285.619
road,calibration,,1,0,0,9.0,-4.1001,99.0,0.0,0.0,72.9337,0.307,0,-0.2017,0.1522,0.0,0.0,0.0,163,8.3715,1790926285.6669
road,calibration,,1,0,0,9.0,-4.1425,99.0,0.0,0.0,73.363,0.1929,0,-0.2421,0.0626,0.0,0.0,0.0,164,8.4192,1790926285.7048
road,calibration,,1,0,0,9.0,-4.1815,99.0,0.0,0.0,73.9436,0.1015,0,-0.2213,-0.0275,0.0,0.0,0.0,165,8.4838,1790926285.7718
road,calibration,,1,0,0,9.0,-4.1951,99.0,0.0,0.0,74.3118,0.0672,0,-0.1436,-0.0588,0.0,0.0,0.0,166,8.5247,1790926285.8357
road,calibration,,1,0,0,9.0,-4.1989,99.0,0.0,0.0,74.8846,0.035,0,0.0641,-0.0752,0.0,0.0,0.0,167,8.5883,1790926285.8473
road,calibration,,1,0,0,9.0,-4.1911,99.0,0.0,0.0,75.2248,0.0237,0,0.2093,-0.0764,0.0,0.0,0.0,168,8.6261,1790926285.9145
road,calibration,,1,0,0,9.0,-4.1746,99.0,0.0,0.0,75.588,0.0155,0,0.3494,-0.0805,0.0,0.0,0.0,169,8.6665,1790926285.9762
road,calibration,,1,0,0,9.0,-4.1315,99.0,0.0,0.0,76.1601,0.008,0,0.4714,-0.1079,0.0,0.0,0.0,170,8.73,1790926285.9933
road,calibration,,1,0,0,9.0,-4.0867,99.0,0.0,0.0,76.5824,0.0048,0,0.4494,-0.1478,0.0,0.0,0.0,171,8.777,1790926286.0615
road,calibration,,1,0,0,9.0,-4.0447,99.0,0.0,0.0,76.9082,0.0033,0,0.3662,-0.1855,0.0,0.0,0.0,172,8.8132,1790926286.1357
road,calibration,,1,0,0,9.0,-3.9383,99.0,0.0,0.0,77.5816,0.0015,0,0.0751,-0.252,0.0,0.0,0.0,173,8.888,1790926286.1453
road,calibration,,1,0,0,9.0,-3.8647,99.0,0.0,0.0,77.9742,0.0009,0,-0.1079,-0.2616,0.0,0.0,0.0,174,8.9316,1790926286.2217
road,calibration,,1,0,0,9.0,-3.7874,99.0,0.0,0.0,78.347,0.0006,0,-0.247,-0.2388,0.0,0.0,0.0,175,8.973,1790926286.283
road,calibration,,1,0,0,9.0,-3.6591,99.0,0.0,0.0,78.9042,0.0003,0,-0.3465,-0.141,0.0,0.0,0.0,176,9.0349,1790926286.2935
road,calibration,,1,0,0,9.0,-3.5425,99.0,0.0,0.0,79.3653,0.0002,0,-0.3255,-0.0142,0.0,0.0,0.0,177,9.0862,1790926286.3735
road,calibration,,1,0,0,9.0,-3.4488,99.0,0.0,0.0,79.7131,0.0001,0,-0.2653,0.0938,0.0,0.0,0.0,178,9.1248,1790926286.4429
road,calibration,,1,0,0,9.0,-3.2629,99.0,0.0,0.0,80.36,0.0001,0,-0.1257,0.273,0.0,0.0,0.0,179,9.1967,1790926286.4538
road,calibration,,1,0,0,9.0,-3.1446,99.0,0.0,0.0,80.7499,0.0,0,-0.0641,0.3399,0.0,0.0,0.0,180,9.24,1790926286.5279
road,calibration,,1,0,0,9.0,-3.0325,99.0,0.0,0.0,81.1079,0.0,0,-0.0358,0.3622,0.0,0.0,0.0,181,9.2798,1790926286.5983
road,calibration,,1,0,0,9.0,-2.8281,99.0,0.0,0.0,81.7397,0.0,0,-0.0361,0.3081,0.0,0.0,0.0,182,9.35,1790926286.6083
road,calibration,,1,0,0,9.0,-2.6554,99.0,0.0,0.0,82.2596,0.0,0,-0.0362,0.197,0.0,0.0,0.0,183,9.4078,1790926286.7035
road,calibration,,1,0,0,9.0,-2.5119,99.0,0.0,0.0,82.6863,0.0,0,0.0002,0.0892,0.0,0.0,0.0,184,9.4552,1790926286.7831
road,calibration,,1,0,0,9.0,-2.2662,99.0,0.0,0.0,83.4132,0.0,0,0.1593,-0.0651,0.0,0.0,0.0,185,9.5359,1790926286.7971
road,calibration,,1,0,0,9.0,-2.1227,99.0,0.0,0.0,83.8404,0.0,0,0.2782,-0.1162,0.0,0.0,0.0,186,9.5834,1790926286.9246
road,calibration,,1,0,0,9.0,-1.8473,99.0,0.0,0.0,84.6769,0.0,0,0.3956,-0.1345,0.0,0.0,0.0,187,9.6763,1790926286.9976
road,calibration,,1,0,0,9.0,-1.6293,99.0,0.0,0.0,85.3671,0.0,0,0.2561,-0.1213,0.0,0.0,0.0,188,9.753,1790926287.0132
road,calibration,,1,0,0,9.0,-1.5947,99.0,0.0,0.0,85.4801,0.0,0,0.2128,-0.1211,0.0,0.0,0.0,189,9.7656,1790926287.0632
road,calibration,,1,0,0,9.0,-1.456,99.0,0.0,0.0,85.9443,0.0,0,-0.0017,-0.1315,0.0,0.0,0.0,190,9.8172,1790926287.1077
road,calibration,,1,0,0,9.0,-1.3446,99.0,0.0,0.0,86.3333,0.0,0,-0.1924,-0.1537,0.0,0.0,0.0,191,9.8604,1790926287.1545
road,calibration,,1,0,0,9.0,-1.2272,99.0,0.0,0.0,86.764,0.0,0,-0.3639,-0.1849,0.0,0.0,0.0,192,9.9082,1790926287.2001
road,calibration,,1,0,0,9.0,-1.126,99.0,0.0,0.0,87.1564,0.0,0,-0.4485,-0.2073,0.0,0.0,0.0,193,9.9518,1790926287.2338
road,calibration,,1,0,0,9.0,-1.0525,99.0,0.0,0.0,87.4569,0.0,0,-0.4565,-0.2122,0.0,0.0,0.0,194,9.9852,1790926287.2779
road,calibration,,1,0,0,9.0,-0.9587,99.0,0.0,0.0,87.8638,0.0,0,-0.3919,-0.1927,0.0,0.0,0.0,195,10.0304,1790926287.3162
road,calibration,,1,0,0,9.0,-0.8845,99.0,0.0,0.0,88.2097,0.0,0,-0.2853,-0.1479,0.0,0.0,0.0,196,10.0689,1790926287.3551
road,calibration,,1,0,0,9.0,-0.8134,99.0,0.0,0.0,88.5667,0.0,0,-0.1506,-0.075,0.0,0.0,0.0,197,10.1085,1790926287.4103
road,calibration,,1,0,0,9.0,-0.7261,99.0,0.0,0.0,89.0511,0.0,0,0.0236,0.0552,0.0,0.0,0.0,198,10.1624,1790926287.447
road,calibration,,1,0,0,9.0,-0.6328,99.0,0.0,0.0,89.6519,0.0,0,0.1567,0.2259,0.0,0.0,0.0,199,10.2291,1790926287.5223
road,calibration,,1,0,0,9.0,-0.5775,99.0,0.0,0.0,90.0721,0.0,0,0.1802,0.3181,0.0,0.0,0.0,200,10.2758,1790926287.5905
road,calibration,,1,0,0,9.0,-0.5098,99.0,0.0,0.0,90.7036,0.0,0,0.1469,0.3694,0.0,0.0,0.0,201,10.346,1790926287.6103
road,calibration,,1,0,0,9.0,-0.4819,99.0,0.0,0.0,91.0323,0.0,0,0.1254,0.3473,0.0,0.0,0.0,202,10.3825,1790926287.6693
road,calibration,,1,0,0,9.0,-0.4576,99.0,0.0,0.0,91.3797,0.0,0,0.1171,0.2906,0.0,0.0,0.0,203,10.4211,1790926287.7394
road,calibration,,1,0,0,9.0,-0.4264,99.0,0.0,0.0,92.0251,0.0,0,0.1564,0.1258,0.0,0.0,0.0,204,10.4928,1790926287.7517
road,calibration,,1,0,0,9.0,-0.4157,99.0,0.0,0.0,92.4212,0.0,0,0.2004,0.0145,0.0,0.0,0.0,205,10.5368,1790926287.8281
road,calibration,,1,0,0,9.0,-0.4113,99.0,0.0,0.0,93.0651,0.0,0,0.2331,-0.1294,0.0,0.0,0.0,206,10.6084,1790926287.9255
road,calibration,,1,0,0,9.0,-0.4235,99.0,0.0,0.0,93.7905,0.0,0,0.114,-0.1943,0.0,0.0,0.0,207,10.689,1790926287.9714
road,calibration,,1,0,0,9.0,-0.4342,99.0,0.0,0.0,94.1169,0.0,0,0.0015,-0.1918,0.0,0.0,0.0,208,10.7252,1790926288.0201
road,calibration,,1,0,0,9.0,-0.4529,99.0,0.0,0.0,94.555,0.0,0,-0.179,-0.1708,0.0,0.0,0.0,209,10.7739,1790926288.0868
road,calibration,,1,0,0,9.0,-0.4855,99.0,0.0,0.0,95.155,0.0,0,-0.3976,-0.1378,0.0,0.0,0.0,210,10.8406,1790926288.1403
road,calibration,,1,0,0,9.0,-0.5175,99.0,0.0,0.0,95.6571,0.0,0,-0.4731,-0.1276,0.0,0.0,0.0,211,10.8964,1790926288.1546
road,calibration,,1,0,0,9.0,-0.5319,99.0,0.0,0.0,95.8673,0.0,0,-0.4637,-0.1297,0.0,0.0,0.0,212,10.9197,1790926288.2136
road,calibration,,1,0,0,9.0,-0.5642,99.0,0.0,0.0,96.3203,0.0,0,-0.3617,-0.1427,0.0,0.0,0.0,213,10.9701,1790926288.2833
road,calibration,,1,0,0,9.0,-0.6079,99.0,0.0,0.0,96.9118,0.0,0,-0.1078,-0.1561,0.0,0.0,0.0,214,11.0358,1790926288.3313
road,calibration,,1,0,0,9.0,-0.6414,99.0,0.0,0.0,97.3682,0.0,0,0.1087,-0.1411,0.0,0.0,0.0,215,11.0865,1790926288.3492
road,calibration,,1,0,0,9.0,-0.6703,99.0,0.0,0.0,97.7758,0.0,0,0.2619,-0.0968,0.0,0.0,0.0,216,11.1318,1790926288.4184
road,calibration,,1,0,0,9.0,-0.6963,99.0,0.0,0.0,98.1643,0.0,0,0.344,-0.0256,0.0,0.0,0.0,217,11.1749,1790926288.4965
road,calibration,,1,0,0,9.0,-0.7365,99.0,0.0,0.0,98.8491,0.0,0,0.3234,0.1456,0.0,0.0,0.0,218,11.251,1790926288.5361
road,calibration,,1,0,0,9.0,-0.7546,99.0,0.0,0.0,99.2268,0.0,0,0.2483,0.2412,0.0,0.0,0.0,219,11.293,1790926288.5794
road,calibration,,1,0,0,9.0,-0.7691,99.0,0.0,0.0,99.6003,0.0,0,0.1612,0.3167,0.0,0.0,0.0,220,11.3345,1790926288.6482
road,calibration,,1,0,0,9.0,-0.7837,99.0,0.0,0.0,100.1932,0.0,0,0.0532,0.3659,0.0,0.0,0.0,221,11.4004,1790926288.693
road,calibration,,1,0,0,9.0,-0.7871,99.0,0.0,0.0,100.6121,0.0,0,0.0209,0.3361,0.0,0.0,0.0,222,11.4469,1790926288.7052
road,calibration,,1,0,0,9.0,-0.7839,99.0,0.0,0.0,101.0409,0.0,0,0.0195,0.2541,0.0,0.0,0.0,223,11.4946,1790926288.788
road,calibration,,1,0,0,9.0,-0.7736,99.0,0.0,0.0,101.4648,0.0,0,0.0258,0.1373,0.0,0.0,0.0,224,11.5417,1790926288.8643
road,calibration,,1,0,0,9.0,-0.7367,99.0,0.0,0.0,102.2109,0.0,0,-0.0258,-0.0837,0.0,0.0,0.0,225,11.6246,1790926288.889
road,calibration,,1,0,0,9.0,-0.7143,99.0,0.0,0.0,102.5162,0.0,0,-0.084,-0.156,0.0,0.0,0.0,226,11.6585,1790926288.9584
road,calibration,,1,0,0,9.0,-0.6712,99.0,0.0,0.0,102.9847,0.0,0,-0.2036,-0.2275,0.0,0.0,0.0,227,11.7106,1790926289.0475
road,calibration,,1,0,0,9.0,-0.5718,99.0,0.0,0.0,103.7907,0.0,0,-0.3763,-0.2337,0.0,0.0,0.0,228,11.8001,1790926289.0608
road,calibration,,1,0,0,9.0,-0.4978,99.0,0.0,0.0,104.2661,0.0,0,-0.3732,-0.1916,0.0,0.0,0.0,229,11.8529,1790926289.1485
road,calibration,,1,0,0,9.0,-0.4164,99.0,0.0,0.0,104.7201,0.0,0,-0.2677,-0.1457,0.0,0.0,0.0,230,11.9034,1790926289.231
road,calibration,,1,0,0,9.0,-0.2548,99.0,0.0,0.0,105.4895,0.0,0,0.0756,-0.0986,0.0,0.0,0.0,231,11.9889,1790926289.2936
road,baseline,,0,0,0,9.0,-0.1254,99.0,0.0,0.0,106.0242,0.0,0,0.3173,-0.0944,0.0,0.0,0.0,232,12.0483,1790926289.365
road,baseline,,0,0,0,9.0,0.0443,99.0,0.0,0.0,106.6546,0.0,0,0.4604,-0.092,0.0,0.0,0.0,233,12.1183,1790926289.4193
road,baseline,,0,0,0,9.0,0.1932,99.0,0.0,0.0,107.1611,0.0,0,0.4201,-0.0638,0.0,0.0,0.0,234,12.1746,1790926289.4358
road,baseline,,0,0,0,9.0,0.2609,99.0,0.0,0.0,107.3801,0.0,0,0.3645,-0.0397,0.0,0.0,0.0,235,12.1989,1790926289.492
road,baseline,,0,0,0,9.0,0.3934,99.0,0.0,0.0,107.7929,0.0,0,0.2196,0.0263,0.0,0.0,0.0,236,12.2448,1790926289.5608
road,baseline,,0,0,0,9.0,0.5984,99.0,0.0,0.0,108.3974,0.0,0,-0.0105,0.1574,0.0,0.0,0.0,237,12.312,1790926289.5702
road,baseline,,0,0,0,9.0,0.762,99.0,0.0,0.0,108.8572,0.0,0,-0.136,0.258,0.0,0.0,0.0,238,12.363,1790926289.6535
road,baseline,,0,0,0,9.0,0.9031,99.0,0.0,0.0,109.2415,0.0,0,-0.1865,0.3211,0.0,0.0,0.0,239,12.4057,1790926289.7354
road,baseline,,0,0,0,9.0,1.1891,99.0,0.0,0.0,109.9959,0.0,0,-0.1673,0.3372,0.0,0.0,0.0,240,12.4896,1790926289.7467
road,baseline,,0,0,0,9.0,1.3831,99.0,0.0,0.0,110.4946,0.0,0,-0.1293,0.2564,0.0,0.0,0.0,241,12.545,1790926289.8407
road,baseline,,0,0,0,9.0,1.553,99.0,0.0,0.0,110.9263,0.0,0,-0.12,0.14,0.0,0.0,0.0,242,12.5929,1790926289.9305
road,baseline,,0,0,0,9.0,1.8715,99.0,0.0,0.0,111.7324,0.0,0,-0.1798,-0.1109,0.0,0.0,0.0,243,12.6825,1790926289.9398
road,baseline,,0,0,0,9.0,2.0775,99.0,0.0,0.0,112.2572,0.0,0,-0.22,-0.2338,0.0,0.0,0.0,244,12.7408,1790926290.0308
road,baseline,,0,0,0,9.0,2.2247,99.0,0.0,0.0,112.6372,0.0,0,-0.2107,-0.2813,0.0,0.0,0.0,245,12.783,1790926290.1644
road,baseline,,0,0,0,9.0,2.6733,99.0,0.0,0.0,113.5372,0.0,0,0.1314,-0.2109,0.0,0.0,0.0,246,12.9169,1790926290.2199
road,baseline,,0,0,0,9.0,2.9012,99.0,0.0,0.0,114.1942,0.0,0,0.3784,-0.1163,0.9128,0.0,0.0,247,12.9899,1790926290.2823
road,baseline,,0,0,0,9.0,3.0385,99.0,0.0,0.0,114.6132,0.0,0,0.4623,-0.0708,0.2938,0.0,0.0,248,13.0365,1790926290.3445
road,baseline,,0,0,0,9.0,3.2088,99.0,0.0,0.0,115.166,0.0,0,0.4296,-0.0398,0.0,0.0,0.0,249,13.0979,1790926290.3917
road,baseline,,0,0,0,9.0,3.3278,99.0,0.0,0.0,115.5821,0.0,0,0.2996,-0.0321,0.0,0.0,0.0,250,13.1441,1790926290.4429
road,baseline,,0,0,0,9.0,3.4496,99.0,0.0,0.0,116.0427,0.0,0,0.0893,-0.0244,0.0,0.0,0.0,251,13.1953,1790926290.488
road,baseline,,0,0,0,9.0,3.5532,99.0,0.0,0.0,116.4718,0.0,0,-0.1156,-0.0038,0.0,0.0,0.0,252,13.243,1790926290.5562
road,baseline,,0,0,0,9.0,3.6814,99.0,0.0,0.0,117.0747,0.0,0,-0.3212,0.0638,0.0,0.0,0.0,253,13.3099,1790926290.605
road,baseline,,0,0,0,9.0,3.7608,99.0,0.0,0.0,117.5101,0.0,0,-0.3689,0.1383,0.0,0.0,0.0,254,13.3583,1790926290.6811
road,baseline,,0,0,0,9.0,3.8619,99.0,0.0,0.0,118.1913,0.0,0,-0.2853,0.2618,0.0,0.0,0.0,255,13.434,1790926290.7301
road,baseline,,0,0,0,9.0,3.9132,99.0,0.0,0.0,118.6448,0.0,0,-0.1762,0.3148,0.0,0.0,0.0,256,13.4844,1790926290.798
road,baseline,,0,0,0,9.0,3.9605,99.0,0.0,0.0,119.236,0.0,0,-0.0547,0.3099,0.0,0.0,0.0,257,13.5501,1790926290.8496
road,baseline,,0,0,0,9.0,3.9828,99.0,0.0,0.0,119.7283,0.0,0,-0.0086,0.231,0.0,0.0,0.0,258,13.6048,1790926290.9132
road,baseline,,0,0,0,9.0,3.9896,99.0,0.0,0.0,120.2975,0.0,0,-0.0077,0.0729,0.0,0.0,0.0,259,13.668,1790926290.9786
road,baseline,,0,0,0,9.0,3.9764,99.0,0.0,0.0,120.8605,0.0,0,-0.007,-0.1075,0.0,0.0,0.0,260,13.7306,1790926291.0321
road,baseline,,0,0,0,9.0,3.9497,99.0,0.0,0.0,121.3468,0.0,0,0.0384,-0.2381,0.0,0.0,0.0,261,13.7846,1790926291.0872
road,baseline,,0,0,0,9.0,3.9065,99.0,0.0,0.0,121.8615,0.0,0,0.1436,-0.3162,0.0,0.0,0.0,262,13.8418,1790926291.1314
road,baseline,,0,0,0,9.0,3.8632,99.0,0.0,0.0,122.2576,0.0,0,0.2454,-0.3251,0.0,0.0,0.0,263,13.8858,1790926291.1889
road,baseline,,0,0,0,9.0,3.7967,99.0,0.0,0.0,122.759,0.0,0,0.3514,-0.279,0.0,0.0,0.0,264,13.9415,1790926291.231
road,baseline,,0,0,0,9.0,3.7386,99.0,0.0,0.0,123.1358,0.0,0,0.3791,-0.2159,0.0,0.0,0.0,265,13.9834,1790926291.2828
road,baseline,,0,0,0,9.0,3.6538,99.0,0.0,0.0,123.6237,0.0,0,0.3178,-0.1227,0.0,0.0,0.0,266,14.0376,1790926291.3274
road,baseline,,0,0,0,9.0,3.5813,99.0,0.0,0.0,124.0015,0.0,0,0.1944,-0.0581,0.0,0.0,0.0,267,14.0796,1790926291.3938
road,baseline,,0,0,0,9.0,3.4546,99.0,0.0,0.0,124.6046,0.0,0,-0.0867,0.0098,0.0,0.0,0.0,268,14.1466,1790926291.434
road,baseline,,0,0,0,9.0,3.3733,99.0,0.0,0.0,124.9646,0.0,0,-0.2558,0.0283,0.0,0.0,0.0,269,14.1866,1790926291.4919
road,baseline,,0,0,0,9.0,3.2496,99.0,0.0,0.0,125.4845,0.0,0,-0.4276,0.0375,0.0,0.0,0.0,270,14.2444,1790926291.5331
road,baseline,,0,0,0,9.0,3.1575,99.0,0.0,0.0,125.856,0.0,0,-0.4671,0.0435,0.0,0.0,0.0,271,14.2856,1790926291.5858
road,baseline,,0,0,0,9.0,3.0342,99.0,0.0,0.0,126.3382,0.0,0,-0.4058,0.0657,0.0,0.0,0.0,272,14.3392,1790926291.6285
road,baseline,,0,0,0,9.0,2.9371,99.0,0.0,0.0,126.7096,0.0,0,-0.29,0.0995,0.0,0.0,0.0,273,14.3805,1790926291.6861
road,baseline,,0,0,0,9.0,2.7938,99.0,0.0,0.0,127.2506,0.0,0,-0.0762,0.1708,0.0,0.0,0.0,274,14.4406,1790926291.731
road,baseline,,0,0,0,9.0,2.6919,99.0,0.0,0.0,127.6331,0.0,0,0.0612,0.2253,0.0,0.0,0.0,275,14.4831,1790926291.7913
road,baseline,,0,0,0,9.0,2.5487,99.0,0.0,0.0,128.1729,0.0,0,0.1824,0.2804,0.0,0.0,0.0,276,14.5431,1790926291.8338
road,baseline,,0,0,0,9.0,2.4485,99.0,0.0,0.0,128.5553,0.0,0,0.2071,0.2865,0.0,0.0,0.0,277,14.5856,1790926291.8812
road,baseline,,0,0,0,9.0,2.3312,99.0,0.0,0.0,129.0117,0.0,0,0.1863,0.2452,0.0,0.0,0.0,278,14.6363,1790926291.9322
road,baseline,,0,0,0,9.0,2.2224,99.0,0.0,0.0,129.4472,0.0,0,0.1472,0.1564,0.0,0.0,0.0,279,14.6847,1790926291.9718
road,baseline,,0,0,0,9.0,2.1355,99.0,0.0,0.0,129.8066,0.0,0,0.1241,0.0551,0.0,0.0,0.0,280,14.7246,1790926292.03
road,baseline,,0,0,0,9.0,2.0158,99.0,0.0,0.0,130.3242,0.0,0,0.1283,-0.1086,0.0,0.0,0.0,281,14.7821,1790926292.0756
road,baseline,,0,0,0,9.0,1.9241,99.0,0.0,0.0,130.7443,0.0,0,0.1609,-0.2293,0.0,0.0,0.0,282,14.8288,1790926292.1399
road,baseline,,0,0,0,9.0,1.8074,99.0,0.0,0.0,131.3203,0.0,0,0.2055,-0.3348,0.0,0.0,0.0,283,14.8928,1790926292.1856
road,baseline,,0,0,0,9.0,1.7252,99.0,0.0,0.0,131.7654,0.0,0,0.1959,-0.3507,0.0,0.0,0.0,284,14.9423,1790926292.2425
road,baseline,,0,0,0,9.0,1.6467,99.0,0.0,0.0,132.2335,0.0,0,0.1143,-0.3062,0.0,0.0,0.0,285,14.9943,1790926292.2846
left_mirror,baseline,,0,0,0,9.0,1.5864,99.0,0.0,0.0,132.6346,-0.883,0,-0.0131,-0.231,0.0,0.0,0.0,286,15.0388,1790926292.3381
left_mirror,baseline,,0,0,0,9.0,1.5246,99.0,0.0,0.0,133.1011,-2.8294,0,-17.8179,-1.0052,0.3053,0.0,0.0,287,15.0907,1790926292.3779
left_mirror,baseline,,0,0,0,9.0,1.4827,99.0,0.0,0.0,133.4662,-4.3164,0,-20.3346,-1.0435,0.998,0.0,0.0,288,15.1312,1790926292.4346
left_mirror,baseline,,0,0,0,9.0,1.4319,99.0,0.0,0.0,133.9987,-6.0458,0,-20.4573,-0.9537,0.4078,0.0,0.0,289,15.1904,1790926292.4784
left_mirror,baseline,,0,0,0,9.0,1.4041,99.0,0.0,0.0,134.3642,-6.9039,0,-20.4589,-0.9181,0.0143,0.0,0.0,290,15.231,1790926292.5347
left_mirror,baseline,,0,0,0,9.0,1.3754,99.0,0.0,0.0,134.8694,-7.7293,0,-20.3411,-0.9001,0.0,0.0,0.0,291,15.2871,1790926292.5777
left_mirror,baseline,,0,0,0,9.0,1.3609,99.0,0.0,0.0,135.2507,-8.1419,0,-20.181,-0.9004,0.0,0.0,0.0,292,15.3295,1790926292.633
left_mirror,baseline,,0,0,0,9.0,1.3512,99.0,0.0,0.0,135.7556,-8.4977,0,-19.9351,-0.9004,0.0,0.0,0.0,293,15.3856,1790926292.6741
left_mirror,baseline,,0,0,0,9.0,1.3505,99.0,0.0,0.0,136.1191,-8.6613,0,-19.7786,-0.8902,0.0,0.0,0.0,294,15.426,1790926292.7209
left_mirror,baseline,,0,0,0,9.0,1.3567,99.0,0.0,0.0,136.5626,-8.7924,0,-19.6542,-0.8614,0.0,0.0,0.0,295,15.4753,1790926292.7712
left_mirror,baseline,,0,0,0,9.0,1.3699,99.0,0.0,0.0,137.005,-8.8735,0,-19.6231,-0.8195,0.0,0.0,0.0,296,15.5244,1790926292.8141
left_mirror,baseline,,0,0,0,9.0,1.3868,99.0,0.0,0.0,137.3894,-8.9182,0,-19.6657,-0.7831,0.0,0.0,0.0,297,15.5671,1790926292.8775
left_mirror,baseline,,0,0,0,9.0,1.4206,99.0,0.0,0.0,137.9634,-8.9577,0,-19.7994,-0.7568,0.0,0.0,0.0,298,15.6309,1790926292.9153
left_mirror,baseline,,0,0,0,9.0,1.4443,99.0,0.0,0.0,138.2972,-8.9712,0,-19.8826,-0.7698,0.0,0.0,0.0,299,15.668,1790926292.9774
left_mirror,baseline,,0,0,0,9.0,1.4911,99.0,0.0,0.0,138.8691,-8.9853,0,-19.9824,-0.8529,0.0,0.0,0.0,300,15.7315,1790926293.0213
left_mirror,baseline,,0,0,0,9.0,1.5252,99.0,0.0,0.0,139.243,-8.9905,0,-20.0075,-0.9447,0.0,0.0,0.0,301,15.7731,1790926293.0756
left_mirror,baseline,,0,0,0,9.0,1.5737,99.0,0.0,0.0,139.7394,-8.9947,0,-20.0063,-1.0921,0.0,0.0,0.0,302,15.8283,1790926293.1176
left_mirror,baseline,,0,0,0,9.0,1.6128,99.0,0.0,0.0,140.1211,-8.9967,0,-20.0026,-1.2043,0.0,0.0,0.0,303,15.8707,1790926293.1748
left_mirror,baseline,,0,0,0,9.0,1.6678,99.0,0.0,0.0,140.6432,-8.9982,0,-20.0317,-1.3217,0.0,0.0,0.0,304,15.9287,1790926293.2211
left_mirror,baseline,,0,0,0,9.0,1.7099,99.0,0.0,0.0,141.0405,-8.9989,0,-20.0941,-1.3635,0.0,0.0,0.0,305,15.9728,1790926293.2707
left_mirror,baseline,,0,0,0,9.0,1.7572,99.0,0.0,0.0,141.4931,-8.9994,0,-20.1984,-1.3518,0.0,0.0,0.0,306,16.0231,1790926293.3179
left_mirror,baseline,,0,0,0,9.0,1.8016,99.0,0.0,0.0,141.9322,-8.9996,0,-20.3019,-1.285,0.0,0.0,0.0,307,16.0719,1790926293.3609
left_mirror,baseline,,0,0,0,9.0,1.8374,99.0,0.0,0.0,142.3046,-8.9998,0,-20.3595,-1.1983,0.0,0.0,0.0,308,16.1133,1790926293.4098
left_mirror,baseline,,0,0,0,9.0,1.8775,99.0,0.0,0.0,142.7546,-8.9999,0,-20.3577,-1.0791,0.0,0.0,0.0,309,16.1633,1790926293.4566
road,baseline,,0,0,0,9.0,1.9104,99.0,0.0,0.0,143.1656,-8.0804,0,-20.2727,-0.9778,0.0,0.0,0.0,310,16.2089,1790926293.501
road,baseline,,0,0,0,9.0,1.9389,99.0,0.0,0.0,143.5742,-6.3788,0,-4.7588,-0.1326,0.0,0.0,0.0,311,16.2543,1790926293.5664
road,baseline,,0,0,0,9.0,1.9704,99.0,0.0,0.0,144.1456,-4.1081,0,0.1565,0.1547,0.0,0.0,0.0,312,16.3178,1790926293.6039
road,baseline,,0,0,0,9.0,1.9841,99.0,0.0,0.0,144.4922,-3.0305,0,0.3092,0.1609,0.0,0.0,0.0,313,16.3563,1790926293.6561
road,baseline,,0,0,0,9.0,1.9957,99.0,0.0,0.0,144.9786,-1.9149,0,0.4471,0.1487,0.0,0.0,0.0,314,16.4104,1790926293.7027
road,baseline,,0,0,0,9.0,1.9979,99.0,0.0,0.0,145.3766,-1.289,0,0.4667,0.1348,0.0,0.0,0.0,315,16.4546,1790926293.7543
road,baseline,,0,0,0,9.0,1.991,99.0,0.0,0.0,145.8667,-0.7769,0,0.3747,0.129,0.0,0.0,0.0,316,16.5091,1790926293.8074
road,baseline,,0,0,0,9.0,1.9743,99.0,0.0,0.0,146.3242,-0.4772,0,0.2088,0.1416,0.0,0.0,0.0,317,16.5599,1790926293.8673
road,baseline,,0,0,0,9.0,1.9402,99.0,0.0,0.0,146.8766,-0.2611,0,-0.0125,0.1714,0.0,0.0,0.0,318,16.6213,1790926293.9169
road,baseline,,0,0,0,9.0,1.9025,99.0,0.0,0.0,147.3086,-0.1614,0,-0.1441,0.189,0.0,0.0,0.0,319,16.6693,1790926293.9588
road,baseline,,0,0,0,9.0,1.8575,99.0,0.0,0.0,147.7185,-0.1017,0,-0.2095,0.1849,0.0,0.0,0.0,320,16.7148,1790926294.0222
road,baseline,,0,0,0,9.0,1.7843,99.0,0.0,0.0,148.257,-0.055,0,-0.2108,0.1314,0.0,0.0,0.0,321,16.7746,1790926294.0645
road,baseline,,0,0,0,9.0,1.7224,99.0,0.0,0.0,148.6408,-0.0353,0,-0.1766,0.0571,0.0,0.0,0.0,322,16.8173,1790926294.1248
road,baseline,,0,0,0,9.0,1.6183,99.0,0.0,0.0,149.1967,-0.0185,0,-0.1282,-0.0884,0.0,0.0,0.0,323,16.8791,1790926294.1672
road,baseline,,0,0,0,9.0,1.538,99.0,0.0,0.0,149.5737,-0.0119,0,-0.1197,-0.1936,0.0,0.0,0.0,324,16.9209,1790926294.2354
road,baseline,,0,0,0,9.0,1.3884,99.0,0.0,0.0,150.1975,-0.0057,0,-0.1551,-0.33,0.0,0.0,0.0,325,16.9903,1790926294.2778
road,baseline,,0,0,0,9.0,1.2909,99.0,0.0,0.0,150.5643,-0.0037,0,-0.184,-0.3665,0.0,0.0,0.0344,326,17.031,1790926294.3315
road,baseline,,0,0,0,9.0,1.1484,99.0,0.0,0.0,151.0601,-0.002,0,-0.1909,-0.3499,0.0,0.0,0.0957,327,17.0861,1790926294.3799
road,baseline,,0,0,0,9.0,1.0175,99.0,0.0,0.0,151.4829,-0.0012,0,-0.1398,-0.2789,0.0,0.0,0.1479,328,17.1331,1790926294.4229
road,baseline,,0,0,0,9.0,0.8949,99.0,0.0,0.0,151.8574,-0.0008,0,-0.0436,-0.1843,0.0,0.0,0.1941,329,17.1747,1790926294.4808
road,baseline,,0,0,0,9.0,0.7092,99.0,0.0,0.0,152.3931,-0.0004,0,0.1534,-0.0284,0.0,0.0,0.2602,330,17.2342,1790926294.5194
road,baseline,,0,0,0,9.0,0.5872,99.0,0.0,0.0,152.7287,-0.0003,0,0.2831,0.0626,0.0,0.0,0.3017,331,17.2715,1790926294.5744
road,baseline,,0,0,0,9.0,0.4002,99.0,0.0,0.0,153.2235,-0.0001,0,0.4267,0.1636,0.0,0.0,0.3627,332,17.3265,1790926294.623
road,baseline,,0,0,0,9.0,0.2273,99.0,0.0,0.0,153.6641,-0.0001,0,0.4625,0.2094,0.0,0.0,0.4171,333,17.3754,1790926294.6769
road,baseline,,0,0,0,9.0,0.023,99.0,0.0,0.0,154.1689,0.0,0,0.3729,0.2127,0.0,0.0,0.4795,334,17.4315,1790926294.73
road,baseline,,0,0,0,9.0,-0.168,99.0,0.0,0.0,154.6296,0.0,0,0.1899,0.1857,0.0,0.0,0.5363,335,17.4827,1790926294.7818
road,baseline,,0,0,0,9.0,-0.3806,99.0,0.0,0.0,155.1329,0.0,0,-0.0565,0.1479,0.0,0.0,0.5985,336,17.5386,1790926294.8496
road,baseline,,0,0,0,9.0,-0.6272,99.0,0.0,0.0,155.7098,0.0,0,-0.2913,0.1213,0.0,0.0,0.6697,337,17.6027,1790926294.8946
road,baseline,,0,0,0,9.0,-0.7981,99.0,0.0,0.0,156.1077,0.0,0,-0.3746,0.1195,0.0,0.0,0.7188,338,17.6469,1790926294.9561
road,baseline,,0,0,0,9.0,-1.0382,99.0,0.0,0.0,156.6684,0.0,0,-0.3626,0.1296,0.0,0.0,0.7881,339,17.7093,1790926295.0002
road,baseline,,0,0,0,9.0,-1.2006,99.0,0.0,0.0,157.0507,0.0,0,-0.2867,0.1316,0.0,0.0,0.8352,340,17.7517,1790926295.0491
road,baseline,,0,0,0,9.0,-1.388,99.0,0.0,0.0,157.4977,0.0,0,-0.1687,0.1131,0.0,0.0,0.8904,341,17.8014,1790926295.0931
road,baseline,,0,0,0,9.0,-1.5505,99.0,0.0,0.0,157.8923,0.0,0,-0.0726,0.0693,0.0,0.0,0.9391,342,17.8452,1790926295.1479
road,baseline,,0,0,0,9.0,-1.7582,99.0,0.0,0.0,158.4098,0.0,0,0.0056,-0.0283,0.0,0.0,1.0,343,17.9027,1790926295.1995
road,baseline,,0,0,0,9.0,-1.9276,99.0,0.0,0.0,158.8462,0.0,0,0.0241,-0.1343,0.0,0.0,1.0,344,17.9512,1790926295.24
road,baseline,,0,0,0,9.0,-2.0694,99.0,0.0,0.0,159.2246,0.0,0,0.0195,-0.2273,0.0,0.0,1.0,345,17.9933,1790926295.3042
road,baseline,,0,0,0,9.0,-2.28,99.0,0.0,0.0,159.815,0.0,0,0.0227,-0.3357,0.0,0.0,1.0,346,18.0589,1790926295.3527
road,baseline,,0,0,0,9.0,-2.4189,99.0,0.0,0.0,160.2286,0.0,0,0.0614,-0.3612,0.0,0.0,1.0,347,18.1048,1790926295.4201
road,baseline,,0,0,0,9.0,-2.6103,99.0,0.0,0.0,160.8417,0.0,0,0.1818,-0.3035,0.0,0.0,1.0,348,18.1729,1790926295.4653
road,baseline,,0,0,0,9.0,-2.727,99.0,0.0,0.0,161.2483,0.0,0,0.2759,-0.2096,0.0,0.0,1.0,349,18.2181,1790926295.509
road,baseline,,0,0,0,9.0,-2.8313,99.0,0.0,0.0,161.6408,0.0,0,0.343,-0.0935,0.0,0.0,1.0,350,18.2617,1790926295.5599
road,baseline,,0,0,0,9.0,-2.9426,99.0,0.0,0.0,162.1,0.0,0,0.3539,0.0484,0.0,0.0,1.0,351,18.3128,1790926295.6033
road,baseline,,0,0,0,9.0,-3.027,99.0,0.0,0.0,162.4869,0.0,0,0.2883,0.1517,0.0,0.0,1.0,352,18.3557,1790926295.6443
road,baseline,,0,0,0,9.0,-3.1051,99.0,0.0,0.0,162.8871,0.0,0,0.1514,0.227,0.0,0.0,1.0,353,18.4002,1790926295.6978
road,baseline,,0,0,0,9.0,-3.182,99.0,0.0,0.0,163.3414,0.0,0,-0.0584,0.2645,0.0,0.0,1.0,354,18.4507,1790926295.74
road,baseline,,0,0,0,9.0,-3.2371,99.0,0.0,0.0,163.724,0.0,0,-0.2396,0.2585,0.0,0.0,1.0,355,18.4932,1790926295.7872
road,baseline,,0,0,0,9.0,-3.2901,99.0,0.0,0.0,164.1706,0.0,0,-0.4032,0.2202,0.0,0.0,1.0,356,18.5428,1790926295.8502
road,baseline,,0,0,0,9.0,-3.3376,99.0,0.0,0.0,164.7052,0.0,0,-0.4726,0.1564,0.0,0.0,1.0,357,18.6022,1790926295.892
road,baseline,,0,0,0,9.0,-3.3614,99.0,0.0,0.0,165.0956,0.0,0,-0.4231,0.1152,0.0,0.0,1.0,358,18.6456,1790926295.9579
road,baseline,,0,0,0,9.0,-3.3802,99.0,0.0,0.0,165.6823,0.0,0,-0.2274,0.0792,0.0,0.0,1.0,359,18.7108,1790926296.0113
road,baseline,,0,0,0,9.0,-3.3808,99.0,0.0,0.0,166.1605,0.0,0,-0.029,0.0714,1.0,0.0,1.0,360,18.7639,1790926296.1035
road,baseline,,0,0,0,9.0,-3.3461,99.0,0.0,0.0,167.0605,0.0,0,0.2195,0.0507,0.0,0.0,1.0,361,18.8683,1790926296.1789
road,baseline,,0,0,0,9.0,-3.3027,99.0,0.0,0.0,167.6398,0.0,0,0.2223,-0.0107,0.0,0.0,1.0,362,18.9326,1790926296.23
road,baseline,,0,0,0,9.0,-3.2573,99.0,0.0,0.0,168.1015,0.0,0,0.1762,-0.0929,0.0,0.0,1.0,363,18.9839,1790926296.2908
road,baseline,,0,0,0,9.0,-3.1925,99.0,0.0,0.0,168.6464,0.0,0,0.1262,-0.2081,0.0,0.0,1.0,364,19.0445,1790926296.3387
road,baseline,,0,0,0,9.0,-3.1361,99.0,0.0,0.0,169.0598,0.0,0,0.1182,-0.2856,0.0,0.0,1.0,365,19.0904,1790926296.3965
road,baseline,,0,0,0,9.0,-3.0577,99.0,0.0,0.0,169.5781,0.0,0,0.1457,-0.3389,0.0,0.0,1.0,366,19.148,1790926296.4425
road,baseline,,0,0,0,9.0,-2.9852,99.0,0.0,0.0,170.0198,0.0,0,0.1757,-0.3274,0.0,0.0,1.0,367,19.1971,1790926296.4862
road,baseline,,0,0,0,9.0,-2.9182,99.0,0.0,0.0,170.4062,0.0,0,0.1787,-0.2704,0.0,0.0,1.0,368,19.24,1790926296.5384
road,baseline,,0,0,0,9.0,-2.8322,99.0,0.0,0.0,170.8818,0.0,0,0.1231,-0.1502,0.0,0.0,1.0,369,19.2928,1790926296.5848
road,baseline,,0,0,0,9.0,-2.7565,99.0,0.0,0.0,171.2877,0.0,0,0.0167,-0.0226,0.0,0.0,1.0,370,19.3379,1790926296.6256
road,baseline,,0,0,0,9.0,-2.6875,99.0,0.0,0.0,171.651,0.0,0,-0.113,0.0925,0.0,0.0,1.0,371,19.3783,1790926296.6941
road,baseline,,0,0,0,9.0,-2.5705,99.0,0.0,0.0,172.2622,0.0,0,-0.3384,0.2453,0.0,0.0,1.0,372,19.4462,1790926296.7344
road,baseline,,0,0,0,9.0,-2.4999,99.0,0.0,0.0,172.6326,0.0,0,-0.4309,0.2947,0.0,0.0,1.0,373,19.4874,1790926296.7753
road,baseline,,0,0,0,9.0,-2.4263,99.0,0.0,0.0,173.0236,0.0,0,-0.4588,0.306,0.0,0.0,0.9658,374,19.5308,1790926296.8401
road,baseline,,0,0,0,9.0,-2.3228,99.0,0.0,0.0,173.5899,0.0,0,-0.3517,0.2586,0.0,0.0,0.8959,375,19.5937,1790926296.88
road,baseline,,0,0,0,9.0,-2.2628,99.0,0.0,0.0,173.9306,0.0,0,-0.2162,0.2072,0.0,0.0,0.8538,376,19.6316,1790926296.935
road,baseline,,0,0,0,9.0,-2.1779,99.0,0.0,0.0,174.4373,0.0,0,0.0309,0.1239,0.0,0.0,0.7912,377,19.6879,1790926296.9825
road,baseline,,0,0,0,9.0,-2.1114,99.0,0.0,0.0,174.8615,0.0,0,0.2228,0.0659,0.0,0.0,0.7389,378,19.735,1790926297.0239
road,baseline,,0,0,0,9.0,-2.056,99.0,0.0,0.0,175.2414,0.0,0,0.3429,0.0311,0.0,0.0,0.692,379,19.7772,1790926297.072
road,baseline,,0,0,0,9.0,-1.9992,99.0,0.0,0.0,175.6665,0.0,0,0.3954,0.0113,0.0,0.0,0.6395,380,19.8245,1790926297.114
road,baseline,,0,0,0,9.0,-1.953,99.0,0.0,0.0,176.0497,0.0,0,0.3684,0.0043,0.0,0.0,0.5922,381,19.8671,1790926297.1777
road,baseline,,0,0,0,9.0,-1.8942,99.0,0.0,0.0,176.6174,0.0,0,0.239,-0.0084,0.0,0.0,0.5221,382,19.9301,1790926297.2237
road,baseline,,0,0,0,9.0,-1.8588,99.0,0.0,0.0,177.0345,0.0,0,0.1234,-0.0344,0.0,0.0,0.4706,383,19.9765,1790926297.2644
road,baseline,,0,0,0,9.0,-1.833,99.0,0.0,0.0,177.4055,0.0,0,0.0378,-0.0751,0.0,0.0,0.4248,384,20.0177,1790926297.3299
road,baseline,,0,0,0,9.0,-1.8038,99.0,0.0,0.0,177.9934,0.0,0,-0.0321,-0.1674,0.0,0.0,0.3522,385,20.083,1790926297.3703
road,baseline,,0,0,0,9.0,-1.7931,99.0,0.0,0.0,178.3466,0.0,0,-0.0382,-0.2272,0.0,0.0,0.3086,386,20.1223,1790926297.4172
road,baseline,,0,0,0,9.0,-1.7871,99.0,0.0,0.0,178.8278,0.0,0,-0.0299,-0.2911,0.0,0.0,0.2492,387,20.1757,1790926297.4724
road,baseline,,0,0,0,9.0,-1.7903,99.0,0.0,0.0,179.2756,0.0,0,-0.0381,-0.3109,0.0,0.0,0.1939,388,20.2255,1790926297.5081
road,baseline,,0,0,0,9.0,-1.7977,99.0,0.0,0.0,179.5936,0.0,0,-0.067,-0.2934,0.0,0.0,0.1547,389,20.2608,1790926297.5656
road,baseline,,0,0,0,9.0,-1.8181,99.0,0.0,0.0,180.1039,0.0,0,-0.1563,-0.2074,0.0,0.0,0.0916,390,20.3175,1790926297.6028
road,baseline,,0,0,0,9.0,-1.837,99.0,0.0,0.0,180.4377,0.0,0,-0.2306,-0.1188,0.0,0.0,0.0504,391,20.3546,1790926297.6557
road,baseline,,0,0,0,9.0,-1.8758,99.0,0.0,0.0,180.9681,0.0,0,-0.3289,0.0488,0.0,0.0,0.0,392,20.4135,1790926297.7128
road,baseline,,0,0,0,9.0,-1.9184,99.0,0.0,0.0,181.4361,0.0,0,-0.3462,0.1905,0.0,0.0,0.0,393,20.4655,1790926297.7526
road,baseline,,0,0,0,9.0,-1.9565,99.0,0.0,0.0,181.7999,0.0,0,-0.2929,0.2753,0.0,0.0,0.0,394,20.506,1790926297.8075
road,baseline,,0,0,0,9.0,-2.0135,99.0,0.0,0.0,182.2852,0.0,0,-0.1321,0.3342,0.0,0.0,0.0,395,20.5599,1790926297.8482
road,baseline,,0,0,0,9.0,-2.0608,99.0,0.0,0.0,182.6519,0.0,0,0.0354,0.333,0.0,0.0,0.0,396,20.6006,1790926297.9081
road,baseline,,0,0,0,9.0,-2.1383,99.0,0.0,0.0,183.2064,0.0,0,0.2916,0.2671,0.0,0.0,0.0,397,20.6622,1790926297.954
road,baseline,,0,0,0,9.0,-2.1976,99.0,0.0,0.0,183.6041,0.0,0,0.4227,0.1901,0.0,0.0,0.0,398,20.7064,1790926297.9939
road,baseline,,0,0,0,9.0,-2.2535,99.0,0.0,0.0,183.9652,0.0,0,0.4739,0.1148,0.0,0.0,0.0,399,20.7466,1790926298.0452
road,baseline,,0,0,0,9.0,-2.3262,99.0,0.0,0.0,184.4209,0.0,0,0.4339,0.0311,0.0,0.0,0.0,400,20.7972,1790926298.09
road,baseline,,0,0,0,9.0,-2.3931,99.0,0.0,0.0,184.8324,0.0,0,0.312,-0.0221,0.0,0.0,0.0,401,20.8429,1790926298.1428
road,baseline,,0,0,0,9.0,-2.4708,99.0,0.0,0.0,185.3073,0.0,0,0.1168,-0.0538,0.0,0.0,0.0,402,20.8957,1790926298.1863
road,baseline,,0,0,0,9.0,-2.5337,99.0,0.0,0.0,185.694,0.0,0,-0.041,-0.0621,0.0,0.0,0.0,403,20.9386,1790926298.2412
road,baseline,,0,0,0,9.0,-2.6252,99.0,0.0,0.0,186.2684,0.0,0,-0.2037,-0.0673,0.0,0.0,0.0,404,21.0025,1790926298.2954
road,baseline,,0,0,0,9.0,-2.6885,99.0,0.0,0.0,186.6817,0.0,0,-0.2451,-0.0815,0.0,0.0,0.0,405,21.0484,1790926298.3407
road,baseline,,0,0,0,9.0,-2.7493,99.0,0.0,0.0,187.0992,0.0,0,-0.2303,-0.1127,0.0,0.0,0.0,406,21.0948,1790926298.3963
road,baseline,,0,0,0,9.0,-2.8191,99.0,0.0,0.0,187.6136,0.0,0,-0.1722,-0.1716,0.0,0.0,0.0,407,21.1519,1790926298.4389
road,baseline,,0,0,0,9.0,-2.8915,99.0,0.0,0.0,188.2162,0.0,0,-0.1187,-0.2431,0.0,0.0,0.0,408,21.2189,1790926298.5174
road,baseline,,0,0,0,9.0,-2.9376,99.0,0.0,0.0,188.6646,0.0,0,-0.1179,-0.2704,0.0,0.0,0.0,409,21.2687,1790926298.601
road,baseline,,0,0,0,9.0,-2.9992,99.0,0.0,0.0,189.4385,0.0,0,-0.1628,-0.213,0.0,0.0,0.0,410,21.3547,1790926298.6127
road,baseline,,0,0,0,9.0,-3.0241,99.0,0.0,0.0,189.9124,0.0,0,-0.1601,-0.1066,0.0,0.0,0.0,411,21.4073,1790926298.7047
road,baseline,,0,0,0,9.0,-3.0378,99.0,0.0,0.0,190.3547,0.0,0,-0.0993,0.0249,0.0,0.0,0.0,412,21.4565,1790926298.7731
road,baseline,,0,0,0,9.0,-3.0401,99.0,0.0,0.0,190.9824,0.0,0,0.0881,0.2145,0.0,0.0,0.0,413,21.5262,1790926298.7859
road,baseline,,0,0,0,9.0,-3.027,99.0,0.0,0.0,191.4772,0.0,0,0.2721,0.3208,0.0,0.0,0.0,414,21.5812,1790926298.869
road,baseline,,0,0,0,9.0,-3.0092,99.0,0.0,0.0,191.8305,0.0,0,0.3823,0.3561,0.0,0.0,0.0,415,21.6205,1790926298.9552
road,baseline,,0,0,0,9.0,-2.9434,99.0,0.0,0.0,192.6198,0.0,0,0.4376,0.3007,0.0,0.0,0.0,416,21.7082,1790926298.9678
road,baseline,,0,0,0,9.0,-2.9325,99.0,0.0,0.0,192.7192,0.0,0,0.4209,0.2826,0.0,0.0,0.0,417,21.7192,1790926299.0177
road,baseline,,0,0,0,9.0,-2.8727,99.0,0.0,0.0,193.1911,0.0,0,0.2749,0.1771,0.0,0.0,0.0,418,21.7716,1790926299.0769
road,baseline,,0,0,0,9.0,-2.7914,99.0,0.0,0.0,193.7117,0.0,0,0.0299,0.0504,0.0,0.0,0.0,419,21.8295,1790926299.1198
road,baseline,,0,0,0,9.0,-2.7203,99.0,0.0,0.0,194.1001,0.0,0,-0.158,-0.0297,0.0,0.0,0.0,420,21.8726,1790926299.1779
road,baseline,,0,0,0,9.0,-2.6102,99.0,0.0,0.0,194.6249,0.0,0,-0.345,-0.0997,0.0,0.0,0.0,421,21.931,1790926299.2212
road,baseline,,0,0,0,9.0,-2.5186,99.0,0.0,0.0,195.0132,0.0,0,-0.4016,-0.1217,0.0,0.0,0.0,422,21.9741,1790926299.2842
road,hazard1,HAZARD_ONSET_1,0,0,1,9.0,-2.3674,21.2245,12.2102,6.7041,195.5887,0.0,0,-0.3522,-0.1221,0.0,0.0,0.0,423,22.0381,1790926299.3596
road,hazard1,,0,0,1,9.0,-2.1536,20.5036,12.2964,6.5839,196.3096,0.0,0,-0.1589,-0.1158,0.0,0.0,0.0,424,22.1181,1790926299.4204
road,hazard1,,0,0,1,9.0,-1.9919,20.0078,12.3588,6.5013,196.8054,0.0,0,-0.0328,-0.1323,0.0,0.0,0.0,425,22.1732,1790926299.4674
road,hazard1,,0,0,1,9.0,-1.8471,19.5896,12.4136,6.4316,197.2235,0.0,0,0.0312,-0.1614,0.0,0.0,0.0,426,22.2197,1790926299.5105
road,hazard1,,0,0,1,9.0,-1.7033,19.1937,12.4675,6.3656,197.6195,0.0,0,0.0522,-0.1935,0.0,0.0,0.0,427,22.2637,1790926299.5674
road,hazard1,,0,0,1,9.0,-1.4517,18.5356,12.5615,6.2559,198.2775,0.0,0,0.043,-0.2229,0.0,0.0,0.0,428,22.3368,1790926299.64
road,hazard1,,0,0,1,9.0,-1.2278,17.9774,12.646,6.1629,198.8358,0.0,0,0.0572,-0.1893,0.0,0.0,0.0,429,22.3988,1790926299.6985
hazard_right,hazard1,,0,0,1,9.0,-1.0338,17.5089,12.7205,6.0848,199.3043,0.5515,0,0.1163,-0.1075,0.0,0.0,0.0,430,22.4509,1790926299.7397
hazard_right,hazard1,,0,0,1,9.0,-0.8758,17.1348,12.7826,6.0225,199.6784,1.3193,0,8.2728,-0.0126,0.0,0.0,0.0,431,22.4925,1790926299.8062
hazard_right,hazard1,,0,0,1,9.0,-0.6196,16.538,12.8867,5.923,200.2752,2.4571,0,8.3891,0.1621,0.0,0.0,0.0,432,22.5588,1790926299.8542
hazard_right,hazard1,,0,0,1,9.0,-0.4331,16.1083,12.9657,5.8514,200.7049,3.0763,0,8.4232,0.2742,0.0,0.0,0.0,433,22.6065,1790926299.9044
hazard_right,hazard1,,0,0,1,9.0,-0.2329,15.6482,13.0545,5.7747,201.165,3.5583,0,8.3759,0.3515,0.0,0.0,0.0,434,22.6576,1790926299.959
hazard_right,hazard1,,0,0,1,8.69,-0.0127,15.1584,13.145,5.6902,201.6548,3.9168,0,8.2164,0.3646,0.0,0.0,0.0,435,22.714,1790926300.0072
hazard_right,hazard1,,0,0,1,8.4353,0.1666,14.7678,13.2144,5.6207,202.0454,4.1159,0,8.0283,0.3168,0.0,0.0,0.0,436,22.7603,1790926300.079
hazard_right,hazard1,,0,0,1,8.0452,0.4364,14.1972,13.3054,5.5143,202.616,4.3061,0,7.7446,0.1688,0.0,0.0,0.0,437,22.8312,1790926300.1245
hazard_right,hazard1,,0,0,1,7.7889,0.6094,13.8342,13.3591,5.4444,202.979,4.3863,0,7.6306,0.0524,0.0,0.0,0.0,438,22.8778,1790926300.189
hazard_right,hazard1,,0,0,1,7.4343,0.8411,13.3549,13.4185,5.3477,203.4583,4.4628,0,7.6292,-0.0872,0.0,0.0,0.0,439,22.9423,1790926300.2337
hazard_right,hazard1,,0,0,1,7.1926,0.9933,13.0389,13.4521,5.2818,203.7743,4.5012,0,7.7298,-0.1494,0.0,0.0,0.0,440,22.9862,1790926300.2843
hazard_right,hazard1,,0,0,1,6.864,1.1912,12.6288,13.4829,5.1922,204.1844,4.5404,0,7.9461,-0.1834,0.0,0.0,0.0,441,23.046,1790926300.3491
hazard_right,hazard1,,0,0,1,6.5517,1.3687,12.2568,13.4979,5.107,204.5564,4.5655,0,8.1569,-0.1737,0.0,0.0,0.0,442,23.1028,1790926300.4005
hazard_right,hazard1,,0,0,1,6.2723,1.5178,11.9381,13.499,5.0308,204.8751,4.583,0,8.2886,-0.1506,0.0,0.0,0.0,443,23.1536,1790926300.4648
hazard_right,hazard1,,0,0,1,5.9177,1.6927,11.5566,13.4789,4.9341,205.2566,4.5946,0,8.3414,-0.1305,0.0,0.0,0.0,444,23.218,1790926300.5063
hazard_right,hazard1,,0,0,1,5.6943,1.7943,11.3252,13.457,4.8731,205.4879,4.6001,0,8.3185,-0.1316,0.0,0.0,0.0,445,23.2587,1790926300.5678
hazard_right,hazard1,,0,0,1,5.3526,1.936,10.9927,13.4014,4.78,205.8205,4.6016,0,8.2481,-0.1504,0.0,0.0,0.0,446,23.3208,1790926300.6125
hazard_right,hazard1,,0,0,1,5.1027,2.0288,10.7609,13.3476,4.7118,206.0523,4.599,0,8.2061,-0.165,0.0,0.0,0.0,447,23.3662,1790926300.6548
hazard_right,hazard1,,0,0,1,4.8715,2.1064,10.556,13.2864,4.6487,206.2571,4.5961,0,8.1921,-0.1661,0.0,0.0,0.0,448,23.4083,1790926300.719
hazard_right,hazard1,,0,0,1,4.5229,2.2079,10.2694,13.1679,4.5537,206.5438,4.5786,0,8.2129,-0.1247,0.0,0.0,0.0,449,23.4716,1790926300.7626
hazard_right,hazard1,,0,0,1,4.2904,2.2653,10.088,13.0756,4.4903,206.7252,4.5631,0,8.2332,-0.062,0.0,0.0,0.0,450,23.5139,1790926300.822
hazard_right,hazard1,,0,0,1,3.9541,2.3338,9.8463,12.916,4.3986,206.9669,4.5318,0,8.2221,0.0692,0.0,0.0,0.0,451,23.5751,1790926300.865
hazard_right,hazard1,,0,0,1,3.7199,2.3713,9.6879,12.7905,4.3347,207.1253,4.5068,0,8.1633,0.1725,0.0,0.0,0.0,452,23.6177,1790926300.9105
hazard_right,hazard1,,0,0,1,3.4446,2.4051,9.5155,12.6242,4.2596,207.2977,4.4731,0,8.0376,0.2816,0.0,0.0,0.0,453,23.6677,1790926300.9636
hazard_right,hazard1,,0,0,1,3.182,2.4272,9.3635,12.4478,4.188,207.4497,4.435,0,7.8835,0.3499,0.0,0.0,0.0,454,23.7155,1790926301.0014
hazard_right,hazard1,,0,0,1,2.9723,2.4379,9.2502,12.2952,4.1308,207.563,4.4021,0,7.7641,0.3676,0.0,0.0,0.0,455,23.7536,1790926301.0538
hazard_right,hazard1,,0,0,1,2.6752,2.443,9.1057,12.0567,4.0497,207.7075,4.3458,0,7.65,0.3302,0.0,0.0,0.0,456,23.8076,1790926301.1005
hazard_right,hazard1,,0,0,1,2.4325,2.4389,8.9983,11.8462,3.9836,207.8148,4.2942,0,7.6379,0.2507,0.0,0.0,0.0,457,23.8517,1790926301.1436
hazard_right,hazard1,,0,0,1,2.1922,2.4279,8.9026,11.6228,3.918,207.9106,4.2388,0,7.7102,0.1427,0.0,0.0,0.0,458,23.8954,1790926301.1926
hazard_right,hazard1,,0,0,1,1.9095,2.4068,8.8044,11.34,3.8409,208.0088,4.1652,0,7.8868,0.0036,0.0,0.0,0.0,459,23.9468,1790926301.2401
hazard_right,hazard1,,0,0,1,1.6617,2.3817,8.7296,11.0766,3.7734,208.0836,4.0952,0,7.3105,-0.106,0.0,0.0,0.0,460,23.9919,1790926301.2931
hazard_right,hazard1,,0,0,1,1.3252,2.3387,8.6485,10.6925,3.6816,208.1647,4.0089,0,7.5626,-0.2064,0.0,0.0,0.0,461,24.053,1790926301.347
hazard_right,hazard1,,0,0,1,1.0711,2.3004,8.599,10.387,3.6123,208.2142,3.9596,0,7.6839,-0.236,0.7806,0.0,0.0,462,24.0993,1790926301.3881
hazard_right,hazard1,,0,0,1,0.8397,2.2617,8.5637,10.097,3.5492,208.2495,3.9264,0,7.7195,-0.2313,0.9155,0.0,0.0,463,24.1413,1790926301.4456
hazard_right,hazard1,,0,0,1,0.5257,2.2046,8.5336,9.6837,3.4635,208.2795,3.8957,0,7.6587,-0.1934,0.2918,0.0,0.0,464,24.1984,1790926301.4898
hazard_right,hazard1,,0,0,1,0.2865,2.1583,8.5212,9.3578,3.3983,208.292,3.8804,0,7.5552,-0.1567,0.0,0.0,0.0,465,24.2419,1790926301.5341
hazard_right,hazard1,,0,0,1,0.0297,2.1067,8.5198,8.9965,3.3283,208.2934,3.8694,0,7.429,-0.1243,0.0,0.0,0.0,466,24.2886,1790926301.5848
hazard_right,hazard1,,0,0,1,0.0,2.0532,8.5198,8.6283,3.2573,208.2934,3.8622,0,7.322,-0.1068,0.0,0.0,0.0,467,24.3359,1790926301.6229
road,hazard1,,0,0,1,0.0,2.0093,8.5198,8.328,3.1995,208.2934,3.5634,0,7.267,-0.1038,0.0,0.0,0.0,468,24.3745,1790926301.6706
road,hazard1,,0,0,1,0.0,1.9529,8.5198,7.9389,3.1247,208.2934,2.7786,0,-0.0668,-0.1072,0.0,0.0,0.0,469,24.4243,1790926301.7318
road,hazard1,,0,0,1,0.0,1.8878,8.5198,7.4774,3.0362,208.2934,1.8577,0,-0.0584,-0.1017,0.0,0.0,0.0,470,24.4833,1790926301.7713
road,hazard1,,0,0,1,0.0,1.8447,8.5198,7.1574,2.9749,208.2934,1.3504,0,-0.0548,-0.0788,0.0,0.0,0.0,471,24.5242,1790926301.8279
road,hazard1,,0,0,1,0.0,1.7861,8.5198,6.694,2.8864,208.2934,0.8189,0,-0.0879,-0.0071,0.0,0.0,0.0,472,24.5832,1790926301.8709
road,hazard1,,0,0,1,0.0,1.7493,8.5198,6.3776,2.826,208.2934,0.5717,0,-0.1424,0.0659,0.0,0.0,0.0,473,24.6234,1790926301.9185
road,hazard1,,0,0,1,0.0,1.7073,8.5198,5.977,2.7497,208.2934,0.3568,0,-0.2323,0.1729,0.0,0.0,0.0,474,24.6743,1790926301.9669
road,hazard1,,0,0,1,0.0,1.6754,8.5198,5.6283,2.6833,208.2934,0.234,0,-0.3011,0.2615,0.0,0.0,0.0,475,24.7186,1790926302.0094
road,hazard1,,0,0,1,0.0,1.6494,8.5198,5.2947,2.6199,208.2934,0.1552,0,-0.3296,0.3249,0.0,0.0,0.0,476,24.7608,1790926302.0517
road,hazard1,,0,0,1,0.0,1.6279,8.5198,4.955,2.5555,208.2934,0.1014,0,-0.2999,0.3539,0.0,0.0,0.0,477,24.8038,1790926302.1046
road,hazard1,,0,0,1,0.0,1.6087,8.5198,4.5391,2.4766,208.2934,0.0598,0,-0.1742,0.3293,0.0,0.0,0.0,478,24.8564,1790926302.147
road,hazard1,,0,0,1,0.0,1.5992,8.5198,4.1941,2.4112,208.2934,0.0384,0,-0.0108,0.2594,0.0,0.0,0.0,479,24.8999,1790926302.2036
road,hazard1,,0,0,1,0.0,1.5959,8.5198,3.7515,2.3275,208.2934,0.0216,0,0.2239,0.1213,0.0,0.0,0.0,480,24.9558,1790926302.2505
road,hazard1,,0,0,1,0.0,1.6012,8.5198,3.376,2.2565,208.2934,0.0132,0,0.3877,-0.0135,0.0,0.0,0.0,481,25.0031,1790926302.2908
road,hazard1,,0,0,1,0.0,1.612,8.5198,3.0497,2.1948,208.2934,0.0086,0,0.4669,-0.1229,0.0,0.0,0.0,482,25.0442,1790926302.3503
road,hazard1,,0,0,1,0.0,1.6374,8.5198,2.5852,2.1072,208.2934,0.0046,0,0.4486,-0.2371,0.0,0.0,0.0,483,25.1027,1790926302.3956
road,hazard1,,0,0,1,0.0,1.6657,8.5198,2.2206,2.0384,208.2934,0.0028,0,0.3344,-0.279,0.0,0.0,0.0,484,25.1485,1790926302.4588
road,hazard1,,0,0,1,0.0,1.7172,8.5198,1.712,1.9425,208.2934,0.0014,0,0.0933,-0.2672,0.0,0.0,0.0,485,25.2124,1790926302.5086
road,hazard1,,0,0,1,0.0,1.7666,8.5198,1.317,1.8681,208.2934,0.0008,0,-0.0909,-0.218,0.0,0.0,0.0,486,25.2621,1790926302.5562
road,hazard1,,0,0,1,0.0,1.821,8.5198,0.9413,1.7973,208.2934,0.0005,0,-0.2149,-0.1593,0.0,0.0,0.0,487,25.3092,1790926302.6136
road,hazard1,,0,0,1,0.0,1.8951,8.5198,0.4924,1.7127,208.2934,0.0003,0,-0.2707,-0.0974,0.0,0.0,0.0,488,25.3656,1790926302.6585
road,hazard1,,0,0,1,0.0,1.9598,8.5198,0.1396,1.6463,208.2934,0.0002,0,-0.2513,-0.0659,0.0,0.0,0.0,489,25.4099,1790926302.7111
road,hazard1,,0,0,1,0.0,2.0467,8.5198,-0.2945,1.5645,208.2934,0.0001,0,-0.1871,-0.0486,0.0,0.0,0.0,490,25.4644,1790926302.7606
road,hazard1,,0,0,1,0.0,2.1295,8.5198,-0.6778,1.4924,208.2934,0.0001,0,-0.1317,-0.0436,0.0,0.0,0.0,491,25.5125,1790926302.8008
road,hazard1,,0,0,1,0.0,2.2056,8.5198,-1.0107,1.4297,208.2934,0.0,0,-0.1059,-0.0357,0.0,0.0,0.0,492,25.5543,1790926302.8672
road,hazard1,,0,0,1,0.0,2.3319,8.5198,-1.5344,1.331,208.2934,0.0,0,-0.1144,0.0048,0.0,0.0,0.0,493,25.6201,1790926302.9152
road,hazard1,,0,0,1,0.0,2.4272,8.5198,-1.9123,1.2597,208.2934,0.0,0,-0.1354,0.063,0.0,0.0,0.0,494,25.6676,1790926302.96
road,hazard1,,0,0,1,0.0,2.5196,8.5198,-2.2691,1.1925,208.2934,0.0,0,-0.1369,0.1364,0.0,0.0,0.0,495,25.7125,1790926303.0203
road,hazard1,,0,0,1,0.0,2.6454,8.5198,-2.7448,1.1027,208.2934,0.0,0,-0.0736,0.2407,0.0,0.0,0.0,496,25.7723,1790926303.0659
road,hazard1,,0,0,1,0.0,2.7508,8.5198,-3.1391,1.0283,208.2934,0.0,0,0.0443,0.3067,0.0,0.0,0.0,497,25.8219,1790926303.1355
road,hazard1,,0,0,1,0.0,2.8905,8.5198,-3.6625,0.9293,208.2934,0.0,0,0.2511,0.3265,0.0,0.0,0.0,498,25.8879,1790926303.1787
road,hazard1,,0,0,1,0.0,2.9861,8.5198,-4.0252,0.8607,208.2934,0.0,0,0.3762,0.282,0.0,0.0,0.0,499,25.9336,1790926303.2503
road,hazard1,,0,0,1,0.0,3.1348,8.5198,-4.6051,0.7509,208.2934,0.0,0,0.4405,0.1217,0.0,0.0,0.0,500,26.0068,1790926303.3164
road,hazard1,,0,0,1,0.0,3.2531,8.5198,-5.0897,0.659,208.2934,0.0,0,0.3206,-0.0546,0.0,0.0,0.0,501,26.0681,1790926303.3796
road,hazard1,,0,0,1,0.0,3.3703,8.5198,-5.6038,0.5613,208.2934,0.0,0,0.0601,-0.2205,0.0,0.0,0.0,502,26.1332,1790926303.4281
road,hazard1,,0,0,1,0.0,3.4479,8.5198,-5.9714,0.4914,208.2934,0.0,0,-0.1472,-0.2951,0.0,0.0,0.0,503,26.1798,1790926303.471
road,hazard1,,0,0,1,0.0,3.5143,8.5198,-6.3118,0.4265,208.2934,0.0,0,-0.3054,-0.3206,0.0,0.0,0.0,504,26.2231,1790926303.5251
road,hazard1,,0,0,1,0.1349,3.5888,8.5125,-6.7405,0.3456,208.3007,0.0,0,-0.4108,-0.2955,0.0,0.0,0.0,505,26.277,1790926303.5668
road,hazard1,,0,0,1,0.2383,3.639,8.5027,-7.0719,0.2836,208.3105,0.0,0,-0.4097,-0.2438,0.0,0.0,0.0,506,26.3184,1790926303.6168
road,hazard1,,0,0,1,0.3699,3.6935,8.4832,-7.4986,0.2046,208.33,0.0,0,-0.3205,-0.1589,0.0,0.0,0.0,507,26.3711,1790926303.663
road,hazard1,,0,0,1,0.4789,3.7301,8.4623,-7.8558,0.1392,208.3509,0.0,0,-0.2039,-0.0902,0.0,0.0,0.0,508,26.4146,1790926303.7053
road,hazard1,,0,0,1,0.5901,3.7591,8.436,-8.2249,0.0725,208.3771,0.0,0,-0.0818,-0.0347,0.0,0.0,0.0,509,26.4591,1790926303.7607
road,hazard1,,0,0,1,0.7232,3.7821,8.3976,-8.6737,-0.0074,208.4156,0.0,0,0.028,0.0052,0.0,0.0,0.0,510,26.5123,1790926303.7995
road,hazard1,,0,0,1,0.8202,3.7905,8.3657,-9.0054,-0.0656,208.4475,0.0,0,0.0697,0.0181,0.0,0.0,0.0,511,26.5511,1790926303.8615
road,hazard1,,0,0,1,0.9808,3.7883,8.3027,-9.5668,-0.1619,208.5105,0.0,0,0.0784,0.027,0.0,0.0,0.0,512,26.6154,1790926303.9072
road,hazard1,,0,0,1,1.0885,3.7755,8.2558,-9.9503,-0.2266,208.5574,0.0,0,0.0678,0.0385,0.0,0.0,0.0,513,26.6585,1790926303.9465
road,hazard1,,0,0,1,1.1904,3.7547,8.2073,-10.3194,-0.2877,208.6059,0.0,0,0.0684,0.0623,0.7899,0.0,0.0,514,26.6992,1790926304.0031
road,hazard1,,0,0,1,1.3336,3.7112,8.1309,-10.8507,-0.3736,208.6823,0.0,0,0.1101,0.121,0.6846,0.0,0.0,515,26.7565,1790926304.0422
road,hazard1,,0,0,1,1.5283,3.6253,8.0119,-11.5993,-0.4904,208.8013,0.0,0,0.2321,0.2261,0.0,0.0,0.0,516,26.8344,1790926304.1254
road,hazard1,,0,0,1,1.6371,3.564,7.9406,-12.0289,-0.5557,208.8726,0.0,0,0.2948,0.274,0.0,0.0,0.0,517,26.8779,1790926304.2115
road,hazard1,,0,0,1,1.8517,3.4159,7.7817,-12.9126,-0.6845,209.0315,0.0,0,0.2842,0.282,0.0,0.0,0.0,518,26.9637,1790926304.224
road,conversation,,0,0,1,1.9926,3.2997,7.6694,-13.5152,-0.769,209.1438,0.0,0,0.1419,0.2034,0.0,0.0,0.0,519,27.0201,1790926304.3165
road,conversation,,0,0,1,2.1117,3.1904,7.5688,-14.0404,-0.8405,209.2444,0.0,0,-0.0421,0.0914,0.0,0.0,0.0,520,27.0677,1790926304.3886
road,conversation,,0,0,1,2.2979,3.0004,7.3977,-14.8989,-0.9522,209.4155,0.0,0,-0.3374,-0.12,0.0,0.0,0.0,521,27.1422,1790926304.4025
road,conversation,,0,0,1,2.3291,2.9663,7.3686,-15.0458,-0.9709,209.4446,0.0,0,-0.3761,-0.1541,0.0,0.0,0.0,522,27.1547,1790926304.4596
road,conversation,,0,0,1,2.4723,2.8029,7.2269,-15.7412,-1.0568,209.5863,0.0,0,-0.4768,-0.2832,0.0,0.0,0.0,523,27.212,1790926304.4988
road,conversation,,0,0,1,2.5693,2.6857,7.1272,-16.2276,-1.1151,209.686,0.0,0,-0.4611,-0.3337,0.0,0.0,0.0,524,27.2508,1790926304.5568
road,conversation,,0,0,1,2.7151,2.5009,6.9689,-16.988,-1.2025,209.8443,0.0,0,-0.3194,-0.3414,0.0,0.0,0.0,525,27.3091,1790926304.6024
road,conversation,,0,0,1,2.832,2.3459,6.8365,-17.6223,-1.2726,209.9767,0.0,0,-0.1416,-0.2932,0.0,0.0,0.0,526,27.3559,1790926304.6493
road,conversation,,0,0,1,2.9468,2.1887,6.7012,-18.2688,-1.3415,210.112,0.0,0,0.0397,-0.2136,0.0,0.0,0.0,527,27.4018,1790926304.704
road,conversation,,0,0,1,3.0958,1.9784,6.5166,-19.1483,-1.4309,210.2966,0.0,0,0.2167,-0.0941,0.0,0.0,0.0,528,27.4614,1790926304.7493
road,conversation,,0,1,1,3.1946,1.836,6.3905,-19.7545,-1.4902,210.4227,0.0,0,0.2735,-0.023,0.0,0.2302,0.0,529,27.5009,1790926304.8115
road,conversation,,0,1,1,3.3517,1.6058,6.1797,-20.7688,-1.5845,210.6335,0.0,0,0.2648,0.0549,0.0,0.6289,0.0,530,27.5638,1790926304.8556
road,conversation,,0,1,1,3.4626,1.4418,6.0262,-21.5183,-1.651,210.787,0.0,0,0.2117,0.0805,0.0,0.6457,0.0,531,27.6081,1790926304.9043
road,conversation,,0,1,1,3.5967,1.2428,5.8332,-22.47,-1.7315,210.98,0.0,0,0.1407,0.0882,0.0,0.3548,0.0,532,27.6618,1790926304.9634
road,conversation,,0,1,1,3.7305,1.0449,5.6335,-23.4709,-1.8118,211.1797,0.0,0,0.0998,0.0884,0.0,0.1696,0.0,533,27.7153,1790926305.0051
road,conversation,,0,1,1,3.8381,0.8872,5.4684,-24.3142,-1.8763,211.3448,0.0,0,0.0976,0.0963,0.0,0.3993,0.0,534,27.7583,1790926305.0642
road,conversation,,0,1,1,3.9862,0.6732,5.2322,-25.5424,-1.9652,211.581,0.0,0,0.1193,0.1292,0.0,0.6917,0.0,535,27.8176,1790926305.1063
road,conversation,,0,1,1,4.0901,0.5263,5.0623,-26.4483,-2.0275,211.7509,0.0,0,0.1254,0.166,0.0,0.6806,0.0,536,27.8591,1790926305.1611
road,conversation,,0,1,1,4.2242,0.3413,4.8358,-27.6831,-2.1079,211.9774,0.0,0,0.088,0.2172,0.0,0.4193,0.0,537,27.9127,1790926305.2039
road,conversation,,0,1,1,4.3306,0.199,4.6514,-28.7155,-2.1718,212.1618,0.0,0,0.0096,0.2461,0.0,0.1567,0.0,538,27.9553,1790926305.2485
road,conversation,,0,1,1,4.4466,0.0491,4.4451,-29.9004,-2.2414,212.3681,0.0,0,-0.1178,0.2502,0.0,0.2079,0.0,539,28.0017,1790926305.3097
road,conversation,,0,1,1,4.596,-0.135,4.1704,-31.5281,-2.331,212.6428,0.0,0,-0.3005,0.1969,0.0,0.5608,0.0,540,28.0615,1790926305.3524
road,conversation,,0,1,1,4.7055,-0.2628,3.9643,-32.7937,-2.3968,212.8489,0.0,0,-0.4017,0.1146,0.0,0.7316,0.0,541,28.1053,1790926305.4182
road,conversation,,0,1,1,4.8721,-0.4445,3.6395,-34.862,-2.4967,213.1736,0.0,0,-0.4274,-0.058,0.0,0.6911,0.0,542,28.1719,1790926305.4617
road,conversation,,0,1,1,4.9749,-0.5485,3.4351,-36.2189,-2.5584,213.3781,0.0,0,-0.3489,-0.1704,0.0,0.5066,0.0,543,28.213,1790926305.5274
road,conversation,,0,1,1,5.1434,-0.7047,3.0885,-38.612,-2.6595,213.7247,0.0,0,-0.0959,-0.3153,0.0,0.0748,0.0,544,28.2804,1790926305.5804
road,conversation,,0,1,1,5.2725,-0.8121,2.8161,-40.585,-2.737,213.9971,0.0,0,0.1354,-0.3631,0.0,0.2725,0.0,545,28.3321,1790926305.6231
road,conversation,,0,1,1,5.3823,-0.8946,2.5798,-42.3633,-2.8028,214.2334,0.0,0,0.3012,-0.3515,0.0,0.4978,0.0,546,28.376,1790926305.673
road,conversation,,0,1,1,5.5071,-0.9785,2.3048,-44.5131,-2.8777,214.5084,0.0,0,0.4105,-0.2853,0.0,0.6928,0.0,547,28.4259,1790926305.7172
road,conversation,,0,1,1,5.6151,-1.0425,2.0623,-46.4822,-2.9425,214.7509,0.0,0,0.4207,-0.1964,0.0,0.7272,0.0,548,28.4691,1790926305.7798
road,conversation,,0,1,1,5.7728,-1.1217,1.698,-49.5684,-3.0372,215.1152,0.0,0,0.3128,-0.05,0.0,0.538,0.0,549,28.5322,1790926305.8228
road,conversation,,0,1,1,5.8801,-1.1661,1.4458,-51.7977,-3.1015,215.3674,0.0,0,0.1926,0.0373,0.0,0.3414,0.0,550,28.5751,1790926305.873
road,conversation,,0,1,1,6.0058,-1.2083,1.1438,-54.5614,-3.1769,215.6693,0.0,0,0.0524,0.1096,0.0,0.0791,0.0,551,28.6254,1790926305.9175
road,conversation,,0,1,1,6.1146,-1.2368,0.8777,-57.0814,-3.2422,215.9355,0.0,0,-0.0378,0.1416,0.0,0.1807,0.0,552,28.6689,1790926305.9584
road,conversation,,0,1,1,6.2169,-1.2568,0.6232,-59.5602,-3.3036,216.1899,0.0,0,-0.084,0.1492,0.0,0.3884,0.0,553,28.7098,1790926306.0188
road,conversation,,0,1,1,6.3772,-1.2758,0.2143,-63.6694,-3.3998,216.5989,0.0,0,-0.0923,0.1365,0.0,0.7217,0.0,554,28.774,1790926306.0692
road,conversation,,0,1,1,6.4949,-1.2807,-0.0915,-66.8311,-3.4704,216.9047,0.0,0,-0.0789,0.1266,0.0,0.7966,0.0,555,28.821,1790926306.1131
road,conversation,,0,1,1,6.6056,-1.2788,-0.384,-69.9114,-3.5368,217.1972,0.0,0,-0.0796,0.1282,0.0,0.7141,0.0,556,28.8653,1790926306.1655
road,conversation,,0,1,1,6.7368,-1.269,-0.7376,-73.6856,-3.6156,217.5508,0.0,0,-0.1175,0.1472,0.0,0.4339,0.0,557,28.9178,1790926306.2094
road,conversation,,0,1,1,6.8497,-1.2548,-1.0468,-77.0113,-3.6833,217.8599,0.0,0,-0.1804,0.1729,0.0,0.1553,0.0,558,28.9629,1790926306.2679
passenger,conversation,,0,1,1,6.9932,-1.0631,-1.4482,-81.3303,-3.7694,218.2614,3.2591,0,-0.2682,0.199,0.0,0.2514,0.0,559,29.0203,1790926306.3107
passenger,conversation,,0,1,1,7.1012,-0.9713,-1.7549,-84.6048,-3.8341,218.5681,7.3114,0,13.2197,-1.4926,0.0,0.4686,0.0,560,29.0635,1790926306.3563
passenger,conversation,,0,1,1,7.2176,-0.8691,-2.0912,-88.1456,-3.904,218.9043,11.3843,0,15.7127,-1.8351,0.0,0.6861,0.0,561,29.1101,1790926306.4064
passenger,conversation,,0,1,1,7.3392,-0.7601,-2.4479,-91.8207,-3.9769,219.2611,14.7584,0,15.811,-1.9095,0.0,0.763,0.0,562,29.1587,1790926306.449
passenger,conversation,,0,1,1,7.4471,-0.6618,-2.7695,-95.0421,-4.0417,219.5827,16.9751,0,15.9579,-2.0046,0.0,0.6526,0.0,563,29.2019,1790926306.5057
passenger,conversation,,0,1,1,7.5872,-0.5335,-3.1946,-99.1415,-4.1258,220.0078,18.954,0,16.1875,-2.1477,0.0,0.2704,0.0,564,29.2579,1790926306.5478
passenger,conversation,,0,1,1,7.6975,-0.4328,-3.5344,-102.273,-4.192,220.3475,19.9782,0,16.3505,-2.2533,0.0,0.1542,0.0,565,29.3021,1790926306.591
passenger,conversation,,0,1,1,7.7997,-0.3406,-3.853,-105.0846,-4.2533,220.6662,20.6298,0,16.4503,-2.3273,0.0,0.3471,0.0,566,29.3429,1790926306.6487
passenger,conversation,,0,1,1,7.9514,-0.2066,-4.3355,-109.1016,-4.3443,221.1487,21.2422,0,16.4655,-2.3699,0.0,0.0562,0.0,567,29.4036,1790926306.697
passenger,conversation,,0,1,1,8.0685,-0.1066,-4.7135,-112.0442,-4.4145,221.5267,21.5247,0,16.3662,-2.3397,0.0,0.0138,0.0,568,29.4505,1790926306.7406
passenger,conversation,,0,1,1,8.1944,-0.0036,-5.1264,-115.0552,-4.4901,221.9396,21.7143,0,16.1844,-2.2528,0.0,0.003,0.0,569,29.5008,1790926306.7961
passenger,conversation,,0,1,1,8.3156,0.0902,-5.5295,-117.7973,-4.5628,222.3427,21.826,0,15.9877,-2.1354,0.0,0.0007,0.0,570,29.5493,1790926306.8355
passenger,conversation,,0,1,1,8.4226,0.168,-5.89,-120.0913,-4.627,222.7032,21.8882,0,15.8389,-2.0246,0.0,0.0002,0.0,571,29.5921,1790926306.8954
passenger,conversation,,0,1,1,8.562,0.2613,-6.3672,-122.9109,-4.7106,223.1804,21.9375,0,15.724,-1.8993,0.0,0.0,0.0,572,29.6479,1790926306.9396
passenger,conversation,,0,1,1,8.6733,0.3287,-6.7534,-125.0231,-4.7774,223.5666,21.9609,0,15.7067,-1.8315,0.0,0.0,0.0,573,29.6924,1790926306.9837
passenger,conversation,,0,1,1,8.7905,0.3921,-7.1656,-127.1229,-4.8478,223.9788,21.9762,0,15.7456,-1.7975,0.0,0.0,0.0,574,29.7393,1790926307.037
passenger,conversation,,0,1,1,8.9159,0.4507,-7.6126,-129.2331,-4.923,224.4258,21.986,0,15.8176,-1.7986,0.0,0.0,0.0,575,29.7894,1790926307.0727
passenger,conversation,,0,1,1,9.0,0.4862,-7.9332,-130.647,-4.9764,224.7464,21.9905,0,15.8658,-1.815,0.8597,0.4506,0.0,576,29.825,1790926307.1336
passenger,conversation,,0,1,1,9.0,0.5353,-8.4906,-132.9208,-5.0693,225.3038,21.9951,0,15.9108,-1.8521,0.368,0.6525,0.0,577,29.887,1790926307.1803
passenger,conversation,,0,1,1,9.0,0.5609,-8.9034,-134.4664,-5.1381,225.7166,21.997,0,15.9087,-1.8711,0.0,0.365,0.0,578,29.9328,1790926307.2415
passenger,conversation,,0,1,1,9.0,0.5805,-9.4652,-136.4007,-5.2317,226.2784,21.9985,0,15.8892,-1.8742,0.0,0.3452,0.0,579,29.9953,1790926307.2892
passenger,conversation,,0,1,1,9.0,0.5833,-9.8905,-137.7473,-5.3026,226.7037,21.9991,0,15.8985,-1.864,0.0,0.6129,0.0,580,30.0425,1790926307.3345
passenger,conversation,,0,1,1,9.0,0.5761,-10.3034,-138.9671,-5.3714,227.1166,21.9995,0,15.9518,-1.8559,0.0,0.6437,0.0,581,30.0884,1790926307.3948
passenger,conversation,,0,1,1,9.0,0.5513,-10.8509,-140.4637,-5.4627,227.6641,21.9997,0,16.0946,-1.8711,0.0,0.2018,0.0,582,30.1492,1790926307.4386
passenger,conversation,,0,1,0,9.0,0.5232,99.0,0.0,-5.5276,228.0535,21.9998,0,16.2243,-1.9119,0.8513,0.2564,0.0,583,30.1925,1790926307.4982
passenger,conversation,,0,1,0,9.0,0.4714,99.0,0.0,-5.5276,228.5829,21.9999,0,16.3778,-2.0106,0.6145,0.6627,0.0,584,30.2513,1790926307.5436
passenger,conversation,,0,1,0,9.0,0.4219,99.0,0.0,-5.5276,228.9832,21.9999,0,16.4317,-2.1089,0.067,0.6429,0.0,585,30.2958,1790926307.6027
passenger,conversation,,0,1,0,9.0,0.3418,99.0,0.0,-5.5276,229.5222,22.0,0,16.3767,-2.2438,0.0,0.1229,0.0,586,30.3557,1790926307.6546
passenger,conversation,,0,1,0,9.0,0.2605,99.0,0.0,-5.5276,229.9897,22.0,0,16.2137,-2.3311,0.0,0.4352,0.0,587,30.4076,1790926307.6957
passenger,conversation,,0,1,0,9.0,0.1903,99.0,0.0,-5.5276,230.3516,22.0,0,16.0409,-2.3621,0.0,0.6671,0.0,588,30.4478,1790926307.7491
passenger,conversation,,0,1,0,9.0,0.0814,99.0,0.0,-5.5276,230.8623,22.0,0,15.7922,-2.3382,0.0,0.5244,0.0,589,30.5046,1790926307.7981
passenger,conversation,,0,1,0,9.0,-0.0178,99.0,0.0,-5.5276,231.289,22.0,0,15.6375,-2.26,0.0,0.1304,0.0,590,30.552,1790926307.8448
passenger,conversation,,0,1,0,9.0,-0.136,99.0,0.0,-5.5276,231.7631,22.0,0,15.5678,-2.1294,0.0,0.472,0.0,591,30.6047,1790926307.9151
passenger,conversation,,0,1,0,9.0,-0.2894,99.0,0.0,-5.5276,232.3387,22.0,0,15.6359,-1.9536,0.0,0.6843,0.0,592,30.6686,1790926307.956
passenger,conversation,,0,1,0,9.0,-0.3889,99.0,0.0,-5.5276,232.6952,22.0,0,15.7379,-1.8596,0.0,0.4781,0.0,593,30.7082,1790926308.0129
passenger,conversation,,0,1,0,9.0,-0.5382,99.0,0.0,-5.5276,233.2112,22.0,0,15.9086,-1.7694,0.0,0.2413,0.0,594,30.7656,1790926308.0587
passenger,conversation,,0,1,0,9.0,-0.6597,99.0,0.0,-5.5276,233.6195,22.0,0,16.0207,-1.7437,0.0,0.5399,0.0,595,30.8109,1790926308.1068
passenger,conversation,,0,1,0,9.0,-0.7941,99.0,0.0,-5.5276,234.0625,22.0,0,16.092,-1.7569,0.0,0.7003,0.0,596,30.8602,1790926308.1555
passenger,conversation,,0,1,0,9.0,-0.9241,99.0,0.0,-5.5276,234.4865,22.0,0,16.1102,-1.7958,0.0,0.4716,0.0,597,30.9073,1790926308.1969
passenger,conversation,,0,1,0,9.0,-1.0521,99.0,0.0,-5.5276,234.9018,22.0,0,16.0991,-1.8422,0.0,0.1501,0.0,598,30.9534,1790926308.2574
road,conversation,,0,1,0,9.0,-1.2123,99.0,0.0,-5.5276,235.4232,18.6934,0,16.0861,-1.89,0.0,0.5258,0.0,599,31.0114,1790926308.3041
road,conversation,,0,1,0,9.0,-1.3395,99.0,0.0,-5.5276,235.842,14.3246,0,1.6242,-0.1006,0.0,0.7095,0.0,600,31.0579,1790926308.3595
road,conversation,,0,1,0,9.0,-1.4886,99.0,0.0,-5.5276,236.3418,9.6285,0,0.1673,0.0832,0.0,0.5033,0.0,601,31.1134,1790926308.4022
road,conversation,,0,1,0,9.0,-1.594,99.0,0.0,-5.5276,236.7046,6.9765,0,0.2273,0.0826,0.0,0.1958,0.0,602,31.1537,1790926308.4454
road,conversation,,0,1,0,9.0,-1.7168,99.0,0.0,-5.5276,237.1397,4.6166,0,0.2843,0.0727,0.0,0.3146,0.0,603,31.2021,1790926308.5068
road,conversation,,0,1,0,9.0,-1.858,99.0,0.0,-5.5276,237.6632,2.7319,0,0.2828,0.0305,0.0,0.6709,0.0,604,31.2602,1790926308.5456
road,conversation,,0,1,0,9.0,-1.9452,99.0,0.0,-5.5276,238.0028,1.921,0,0.2231,-0.0193,0.0,0.7177,0.0,605,31.298,1790926308.6174
road,conversation,,0,1,0,9.0,-2.1026,99.0,0.0,-5.5276,238.6602,0.9512,0,-0.0139,-0.1536,0.0,0.2807,0.0,606,31.371,1790926308.6678
road,conversation,,0,1,0,9.0,-2.1988,99.0,0.0,-5.5276,239.1008,0.5865,0,-0.2132,-0.2481,0.0,0.1742,0.0,607,31.42,1790926308.7241
road,conversation,,0,1,0,9.0,-2.2989,99.0,0.0,-5.5276,239.6053,0.3338,0,-0.402,-0.3264,0.0,0.5144,0.0,608,31.476,1790926308.7715
road,conversation,,0,1,0,9.0,-2.3745,99.0,0.0,-5.5276,240.0309,0.2061,0,-0.4769,-0.3459,0.0,0.7076,0.0,609,31.5233,1790926308.8144
road,conversation,,0,1,0,9.0,-2.4365,99.0,0.0,-5.5276,240.4228,0.1316,0,-0.4562,-0.3168,0.0,0.6948,0.0,610,31.5669,1790926308.8645
road,conversation,,0,1,0,9.0,-2.5013,99.0,0.0,-5.5276,240.8957,0.0762,0,-0.3247,-0.224,0.0,0.4255,0.0,611,31.6194,1790926308.9081
road,conversation,,0,1,0,9.0,-2.5441,99.0,0.0,-5.5276,241.2658,0.0495,0,-0.1677,-0.1188,0.0,0.1574,0.0,612,31.6605,1790926308.968
road,conversation,,0,1,0,9.0,-2.5946,99.0,0.0,-5.5276,241.8145,0.026,0,0.0787,0.056,0.0,0.3382,0.0,613,31.7215,1790926309.0124
road,conversation,,0,1,0,9.0,-2.6208,99.0,0.0,-5.5276,242.2019,0.0165,0,0.214,0.167,0.0,0.5812,0.0,614,31.7645,1790926309.0656
road,conversation,,0,1,0,9.0,-2.6437,99.0,0.0,-5.5276,242.7222,0.0089,0,0.3021,0.2687,0.0,0.7877,0.0,615,31.8224,1790926309.1175
road,conversation,,0,1,0,9.0,-2.652,99.0,0.0,-5.5276,243.1571,0.0053,0,0.2917,0.2992,0.0,0.7172,0.0,616,31.8707,1790926309.1549
road,conversation,,0,1,0,9.0,-2.6482,99.0,0.0,-5.5276,243.7393,0.0026,0,0.2041,0.2671,0.0,0.343,0.0,617,31.9354,1790926309.2344
road,conversation,,0,1,0,9.0,-2.6333,99.0,0.0,-5.5276,244.1985,0.0015,0,0.1286,0.2037,0.0,0.0857,0.0,618,31.9864,1790926309.3104
road,conversation,,0,1,0,9.0,-2.5906,99.0,0.0,-5.5276,244.9138,0.0006,0,0.0775,0.0966,0.0,0.4,0.0,619,32.0659,1790926309.3373
road,conversation,,0,1,0,9.0,-2.5738,99.0,0.0,-5.5276,245.1231,0.0005,0,0.0795,0.0722,0.0,0.465,0.0,620,32.0891,1790926309.3871
road,conversation,,0,1,0,9.0,-2.5308,99.0,0.0,-5.5276,245.5798,0.0003,0,0.094,0.0364,0.0,0.6232,0.0,621,32.1399,1790926309.4273
road,conversation,,0,1,0,9.0,-2.491,99.0,0.0,-5.5276,245.9415,0.0002,0,0.0959,0.0232,0.0,0.6666,0.0,622,32.1801,1790926309.4831
road,conversation,,0,1,0,9.0,-2.4281,99.0,0.0,-5.5276,246.442,0.0001,0,0.0524,0.0155,0.0,0.5614,0.0,623,32.2357,1790926309.5232
road,conversation,,0,1,0,9.0,-2.3774,99.0,0.0,-5.5276,246.8049,0.0001,0,-0.0226,0.0064,0.0,0.3931,0.0,624,32.276,1790926309.5814
road,conversation,,0,1,0,9.0,-2.2976,99.0,0.0,-5.5276,247.329,0.0,0,-0.1802,-0.0287,0.0,0.0737,0.0,625,32.3342,1790926309.6277
road,conversation,,0,1,0,9.0,-2.2298,99.0,0.0,-5.5276,247.7425,0.0,0,-0.3103,-0.0805,0.0,0.2418,0.0,626,32.3802,1790926309.673
road,conversation,,0,1,0,9.0,-2.1608,99.0,0.0,-5.5276,248.1436,0.0,0,-0.4011,-0.1473,0.0,0.5088,0.0,627,32.4247,1790926309.7344
road,conversation,,0,1,0,9.0,-2.0612,99.0,0.0,-5.5276,248.6982,0.0,0,-0.4127,-0.2448,0.0,0.7797,0.0,628,32.4864,1790926309.7716
road,conversation,,0,1,0,9.0,-1.999,99.0,0.0,-5.5276,249.0354,0.0,0,-0.3418,-0.2911,0.0,0.2534,0.0,629,32.5238,1790926309.8277
road,conversation,,0,1,0,9.0,-1.9051,99.0,0.0,-5.5276,249.5359,0.0,0,-0.1447,-0.3179,0.0,0.0478,0.0,630,32.5794,1790926309.869
road,conversation,,0,1,0,9.0,-1.8347,99.0,0.0,-5.5276,249.9093,0.0,0,0.0405,-0.2947,0.0,0.0138,0.0,631,32.6209,1790926309.9188
road,conversation,,0,1,0,9.0,-1.748,99.0,0.0,-5.5276,250.3719,0.0,0,0.257,-0.2127,0.0,0.0029,0.0,632,32.6723,1790926309.9666
road,conversation,,0,1,0,9.0,-1.6694,99.0,0.0,-5.5276,250.7971,0.0,0,0.3934,-0.0957,0.0,0.0007,0.0,633,32.7196,1790926310.0109
road,conversation,,0,1,0,9.0,-1.5979,99.0,0.0,-5.5276,251.1935,0.0,0,0.4388,0.0312,0.0,0.0002,0.0,634,32.7636,1790926310.0695
road,conversation,,0,1,0,9.0,-1.5043,99.0,0.0,-5.5276,251.7334,0.0,0,0.3716,0.1943,0.0,0.0,0.0,635,32.8236,1790926310.1075
road,conversation,,0,1,0,9.0,-1.4121,99.0,0.0,-5.5276,252.2998,0.0,0,0.1966,0.3068,0.0,0.0,0.0,636,32.8865,1790926310.1948
road,conversation,,0,1,0,9.0,-1.3318,99.0,0.0,-5.5276,252.8378,0.0,0,0.0204,0.3311,0.0,0.0,0.0,637,32.9463,1790926310.2726
road,conversation,,0,1,0,9.0,-1.2386,99.0,0.0,-5.5276,253.5462,0.0,0,-0.1114,0.251,0.0,0.0,0.0,638,33.025,1790926310.2871
road,conversation,,0,1,0,9.0,-1.1879,99.0,0.0,-5.5276,253.9962,0.0,0,-0.1234,0.1638,0.0,0.0,0.0,639,33.075,1790926310.3638
road,conversation,,0,1,0,9.0,-1.1517,99.0,0.0,-5.5276,254.3646,0.0,0,-0.1099,0.0917,0.0,0.0,0.0,640,33.116,1790926310.4503
road,conversation,,0,1,0,9.0,-1.092,99.0,0.0,-5.5276,255.1453,0.0,0,-0.1011,-0.0165,0.0,0.0,0.0,641,33.2027,1790926310.4598
road,conversation,,0,1,0,9.0,-1.0684,99.0,0.0,-5.5276,255.5988,0.0,0,-0.1424,-0.0422,0.0,0.0,0.0,642,33.2531,1790926310.5463
road,conversation,,0,1,0,9.0,-1.0545,99.0,0.0,-5.5276,256.0039,0.0,0,-0.2023,-0.0497,0.0,0.0,0.0,643,33.2981,1790926310.6272
road,conversation,,0,1,0,9.0,-1.0467,99.0,0.0,-5.5276,256.7392,0.0,0,-0.2835,-0.0635,0.0,0.0,0.0,644,33.3798,1790926310.6396
road,conversation,,0,1,0,9.0,-1.0541,99.0,0.0,-5.5276,257.2332,0.0,0,-0.2495,-0.0968,0.0,0.5579,0.0,645,33.4347,1790926310.7317
road,conversation,,0,1,0,9.0,-1.0689,99.0,0.0,-5.5276,257.6683,0.0,0,-0.1379,-0.1461,0.0,0.3059,0.0,646,33.483,1790926310.8011
road,conversation,,0,1,0,9.0,-1.105,99.0,0.0,-5.5276,258.3206,0.0,0,0.1324,-0.2323,0.0,0.4281,0.0,647,33.5555,1790926310.8285
road,conversation,,0,1,0,9.0,-1.1224,99.0,0.0,-5.5276,258.5604,0.0,0,0.2384,-0.2577,0.0,0.5445,0.0,648,33.5822,1790926310.878
road,conversation,,0,1,0,9.0,-1.1602,99.0,0.0,-5.5276,259.0074,0.0,0,0.4011,-0.2799,0.0,0.6485,0.0,649,33.6318,1790926310.9271
road,conversation,,0,1,0,9.0,-1.2041,99.0,0.0,-5.5276,259.4475,0.0,0,0.4771,-0.2571,0.0,0.4081,0.0,650,33.6807,1790926310.9831
road,conversation,,0,1,0,9.0,-1.2605,99.0,0.0,-5.5276,259.9423,0.0,0,0.4335,-0.1723,0.0,0.174,0.0,651,33.7357,1790926311.0205
road,conversation,,0,1,0,9.0,-1.3014,99.0,0.0,-5.5276,260.2679,0.0,0,0.3358,-0.0873,0.0,0.364,0.0,652,33.7719,1790926311.0741
road,conversation,,0,1,0,9.0,-1.3685,99.0,0.0,-5.5276,260.7631,0.0,0,0.1223,0.0657,0.0,0.6636,0.0,653,33.8269,1790926311.1148
road,conversation,,0,1,0,9.0,-1.4208,99.0,0.0,-5.5276,261.1249,0.0,0,-0.0441,0.1766,0.0,0.5804,0.0,654,33.8671,1790926311.1674
road,conversation,,0,1,0,9.0,-1.4931,99.0,0.0,-5.5276,261.6021,0.0,0,-0.2212,0.2932,0.0,0.1188,0.0,655,33.9201,1790926311.2197
road,conversation,,0,1,0,9.0,-1.5675,99.0,0.0,-5.5276,262.0739,0.0,0,-0.3093,0.3516,0.0,0.5026,0.0,656,33.9726,1790926311.2685
passenger,conversation,,0,1,0,9.0,-1.6417,99.0,0.0,-5.5276,262.5337,2.7045,0,-0.3052,0.3438,0.0,0.7975,0.0,657,34.0236,1790926311.3323
passenger,conversation,,0,1,0,9.0,-1.7328,99.0,0.0,-5.5276,263.0941,8.4953,0,15.78,-1.7406,0.0,0.3983,0.0,658,34.0859,1790926311.3751
passenger,conversation,,0,1,0,9.0,-1.7935,99.0,0.0,-5.5276,263.4704,12.0047,0,15.8494,-1.8254,0.0,0.2099,0.0,659,34.1277,1790926311.4348
passenger,conversation,,0,1,0,9.0,-1.8788,99.0,0.0,-5.5276,264.0107,15.8409,0,15.9183,-1.9523,0.0,0.6311,0.0,660,34.1877,1790926311.4801
passenger,conversation,,0,1,0,9.0,-1.9408,99.0,0.0,-5.5276,264.4201,17.8492,0,15.9331,-2.031,0.0,0.67,0.0,661,34.2332,1790926311.5223
passenger,conversation,,0,1,0,9.0,-1.9966,99.0,0.0,-5.5276,264.807,19.1866,0,15.9257,-2.0811,0.0,0.3986,0.0,662,34.2762,1790926311.5834
passenger,conversation,,0,1,0,9.0,-2.0681,99.0,0.0,-5.5276,265.3414,20.3888,0,15.9179,-2.1108,0.0,0.2946,0.0,663,34.3356,1790926311.6272
passenger,conversation,,0,1,0,9.0,-2.1173,99.0,0.0,-5.5276,265.7489,20.9593,0,15.9448,-2.112,0.0,0.5714,0.0,664,34.3809,1790926311.6947
passenger,conversation,,0,1,0,9.0,-2.18,99.0,0.0,-5.5276,266.3534,21.4639,0,16.0654,-2.1075,0.0,0.5538,0.0,665,34.448,1790926311.742
passenger,conversation,,0,1,0,9.0,-2.2162,99.0,0.0,-5.5276,266.7834,21.6686,0,16.1952,-2.1168,0.0,0.1755,0.0,666,34.4958,1790926311.8117
passenger,conversation,,0,1,0,9.0,-2.2547,99.0,0.0,-5.5276,267.4123,21.8378,0,16.3703,-2.159,0.0,0.5613,0.0,667,34.5657,1790926311.8631
passenger,conversation,,0,1,0,9.0,-2.2706,99.0,0.0,-5.5276,267.8591,21.903,0,16.4198,-2.1991,0.0,0.7146,0.0,668,34.6154,1790926311.9127
passenger,conversation,,0,1,0,9.0,-2.276,99.0,0.0,-5.5276,268.3974,21.9481,0,16.348,-2.2315,0.0,0.3846,0.0,669,34.6752,1790926311.9775
passenger,conversation,,0,1,0,9.0,-2.2668,99.0,0.0,-5.5276,268.8917,21.9709,0,16.1629,-2.2199,0.0,0.2277,0.0,670,34.7301,1790926312.0221
passenger,conversation,,0,1,0,9.0,-2.2495,99.0,0.0,-5.5276,269.2838,21.9817,0,15.9707,-2.1719,0.0,0.5024,0.0,671,34.7736,1790926312.0784
passenger,conversation,,0,1,0,9.0,-2.2116,99.0,0.0,-5.5276,269.8091,21.9902,0,15.7254,-2.0553,0.0,0.7075,0.0,672,34.832,1790926312.1236
passenger,conversation,,0,1,0,9.0,-2.1715,99.0,0.0,-5.5276,270.2068,21.9939,0,15.6003,-1.9406,0.0,0.5396,0.0,673,34.8762,1790926312.1846
passenger,conversation,,0,1,0,9.0,-2.1,99.0,0.0,-5.5276,270.7538,21.9968,0,15.5607,-1.7811,0.0,0.1279,0.0,674,34.937,1790926312.2292
passenger,conversation,,0,1,0,9.0,-2.0333,99.0,0.0,-5.5276,271.166,21.9981,0,15.6306,-1.6877,0.0,0.3999,0.0,675,34.9828,1790926312.2752
passenger,conversation,,0,1,0,9.0,-1.955,99.0,0.0,-5.5276,271.5814,21.9988,0,15.7592,-1.6373,0.0,0.7004,0.0,676,35.0289,1790926312.3394
passenger,conversation,,0,1,0,9.0,-1.831,99.0,0.0,-5.5276,272.1453,21.9994,0,15.9551,-1.6537,0.0,0.6831,0.0,677,35.0916,1790926312.3795
passenger,conversation,,0,1,0,9.0,-1.7434,99.0,0.0,-5.5276,272.4969,21.9996,0,16.0521,-1.7099,0.0,0.4606,0.0,678,35.1307,1790926312.4439
passenger,conversation,,0,1,0,9.0,-1.5662,99.0,0.0,-5.5276,273.1302,21.9998,0,16.1354,-1.8666,0.0,0.2075,0.0,679,35.201,1790926312.4928
passenger,conversation,,0,1,0,9.0,-1.4418,99.0,0.0,-5.5276,273.5303,21.9999,0,16.134,-1.9742,0.0,0.4287,0.0,680,35.2455,1790926312.5368
passenger,conversation,,0,1,0,9.0,-1.3063,99.0,0.0,-5.5276,273.9359,21.9999,0,16.1144,-2.068,0.0,0.6513,0.0,681,35.2905,1790926312.5931
passenger,conversation,,0,1,0,9.0,-1.13,99.0,0.0,-5.5276,274.4271,22.0,0,16.1025,-2.1434,0.0,0.7081,0.0,682,35.3451,1790926312.6409
passenger,conversation,,0,1,0,9.0,-0.9613,99.0,0.0,-5.5276,274.8672,22.0,0,16.1257,-2.1708,0.0,0.5128,0.0,683,35.394,1790926312.705
passenger,conversation,,0,1,0,9.0,-0.7224,99.0,0.0,-5.5276,275.4531,22.0,0,16.2009,-2.1629,0.0,0.0758,0.0,684,35.4591,1790926312.7531
passenger,conversation,,0,1,0,9.0,-0.5398,99.0,0.0,-5.5276,275.878,22.0,0,16.255,-2.1445,0.0,0.2524,0.0,685,35.5063,1790926312.8013
passenger,conversation,,0,1,0,9.0,-0.3442,99.0,0.0,-5.5276,276.3162,22.0,0,16.2705,-2.1313,0.0,0.505,0.0,686,35.555,1790926312.8551
passenger,conversation,,0,1,0,9.0,-0.1304,99.0,0.0,-5.5276,276.7791,22.0,0,16.2118,-2.1335,0.0,0.6645,0.0,687,35.6065,1790926312.8983
passenger,conversation,,0,1,0,9.0,0.0618,99.0,0.0,-5.5276,277.1841,22.0,0,16.0918,-2.1487,0.0,0.6675,0.0,688,35.6515,1790926312.9633
passenger,conversation,,0,1,0,9.0,0.3569,99.0,0.0,-5.5276,277.7906,22.0,0,15.8362,-2.1755,0.0,0.4167,0.0,689,35.7189,1790926313.0188
passenger,conversation,,0,1,0,9.0,0.5926,99.0,0.0,-5.5276,278.2661,22.0,0,15.6448,-2.1753,0.0,0.1312,0.0,690,35.7717,1790926313.0638
passenger,conversation,,0,1,0,9.0,0.7969,99.0,0.0,-5.5276,278.6738,22.0,0,15.5422,-2.1449,0.0,0.1639,0.0,691,35.817,1790926313.1218
passenger,conversation,,0,1,0,9.0,1.0638,99.0,0.0,-5.5276,279.2041,22.0,0,15.5407,-2.0556,0.0,0.4613,0.0,692,35.8759,1790926313.1679
passenger,conversation,,0,1,0,9.0,1.264,99.0,0.0,-5.5276,279.6019,22.0,0,15.6402,-1.958,0.0,0.1225,0.0,693,35.9201,1790926313.2251
passenger,conversation,,0,1,0,9.0,1.5293,99.0,0.0,-5.5276,280.1324,22.0,0,15.8639,-1.8127,0.9409,0.0209,0.0,694,35.979,1790926313.2729
passenger,conversation,,0,1,0,9.0,1.7356,99.0,0.0,-5.5276,280.5495,22.0,0,16.058,-1.7125,0.2321,0.0052,0.0,695,36.0254,1790926313.3238
passenger,conversation,,0,1,0,9.0,1.9745,99.0,0.0,-5.5276,281.0409,22.0,0,16.2393,-1.641,0.0,0.001,0.0,696,36.08,1790926313.3838
passenger,conversation,,0,1,0,9.0,2.2202,99.0,0.0,-5.5276,281.5591,22.0,0,16.3254,-1.6424,0.0,0.0002,0.0,697,36.1376,1790926313.4358
passenger,conversation,,0,1,0,9.0,2.4302,99.0,0.0,-5.5276,282.0158,22.0,0,16.3076,-1.7107,0.0,0.0,0.0,698,36.1883,1790926313.4973
road,conversation,,0,1,0,9.0,2.6774,99.0,0.0,-5.5276,282.5751,18.3148,0,16.2115,-1.8555,0.0,0.0,0.0,699,36.2505,1790926313.5408
road,conversation,,0,1,0,9.0,2.8423,99.0,0.0,-5.5276,282.965,14.2343,0,2.5685,-0.2755,0.0,0.519,0.0,700,36.2938,1790926313.607
road,conversation,,0,1,0,9.0,3.0802,99.0,0.0,-5.5276,283.5581,8.8158,0,0.0652,-0.1256,0.0,0.6836,0.0,701,36.3597,1790926313.6564
road,conversation,,0,1,0,9.0,3.2481,99.0,0.0,-5.5276,284.0047,5.8646,0,0.0562,-0.1988,0.0,0.5578,0.0,702,36.4093,1790926313.713
road,conversation,,0,1,0,9.0,3.4287,99.0,0.0,-5.5276,284.5201,3.5459,0,0.0677,-0.2272,0.0,0.2347,0.0,703,36.4666,1790926313.7606
road,conversation,,0,1,0,9.0,3.5646,99.0,0.0,-5.5276,284.9391,2.3119,0,0.0615,-0.2136,0.0,0.1402,0.0,704,36.5131,1790926313.8109
road,conversation,,0,1,0,9.0,3.7054,99.0,0.0,-5.5276,285.4107,1.4064,0,0.0075,-0.1769,0.0,0.4317,0.0,705,36.5655,1790926313.8677
road,conversation,,0,1,0,9.0,3.8379,99.0,0.0,-5.5276,285.9026,0.8261,0,-0.1085,-0.1377,0.0,0.7201,0.0,706,36.6202,1790926313.9113
road,conversation,,0,1,0,9.0,3.9356,99.0,0.0,-5.5276,286.3073,0.5288,0,-0.2301,-0.1177,0.0,0.7666,0.0,707,36.6651,1790926313.9808
road,conversation,,0,1,0,9.0,4.0653,99.0,0.0,-5.5276,286.9269,0.2638,0,-0.3836,-0.1135,0.0,0.4329,0.0,708,36.734,1790926314.0234
road,conversation,,0,1,0,9.0,4.1353,99.0,0.0,-5.5276,287.3221,0.1683,0,-0.4119,-0.119,0.0,0.1472,0.0,709,36.7779,1790926314.0873
road,conversation,,0,1,0,9.0,4.2179,99.0,0.0,-5.5276,287.8858,0.0879,0,-0.3175,-0.1129,0.0,0.3856,0.0,710,36.8405,1790926314.1357
road,conversation,,0,1,0,9.0,4.2664,99.0,0.0,-5.5276,288.3048,0.054,0,-0.1543,-0.0819,0.0,0.6565,0.0,711,36.8871,1790926314.1861
road,conversation,,0,1,0,9.0,4.3111,99.0,0.0,-5.5276,288.8195,0.0295,0,0.0989,-0.0031,0.0,0.7486,0.0,712,36.9443,1790926314.2412
road,conversation,,0,1,0,9.0,4.3367,99.0,0.0,-5.5276,289.2601,0.0176,0,0.2969,0.0939,0.0,0.4886,0.0,713,36.9932,1790926314.2831
road,conversation,,0,1,0,9.0,4.3499,99.0,0.0,-5.5276,289.6469,0.0111,0,0.4121,0.1881,0.0,0.143,0.0,714,37.0362,1790926314.3505
road,conversation,,0,1,0,9.0,4.3539,99.0,0.0,-5.5276,290.251,0.0054,0,0.4356,0.3124,0.0,0.5036,0.0,715,37.1033,1790926314.3968
road,conversation,,0,1,0,9.0,4.3455,99.0,0.0,-5.5276,290.6661,0.0033,0,0.3474,0.3548,0.0,0.6724,0.0,716,37.1495,1790926314.4515
road,conversation,,0,1,0,9.0,4.3236,99.0,0.0,-5.5276,291.1759,0.0018,0,0.1732,0.338,0.0,0.5103,0.0,717,37.2061,1790926314.5025
road,conversation,,0,1,0,9.0,4.295,99.0,0.0,-5.5276,291.6193,0.001,0,0.0183,0.2611,0.0,0.158,0.0,718,37.2554,1790926314.5487
road,conversation,,0,1,0,9.0,4.259,99.0,0.0,-5.5276,292.0543,0.0006,0,-0.0934,0.1434,0.0,0.2902,0.0,719,37.3037,1790926314.6139
road,conversation,,0,1,0,9.0,4.2021,99.0,0.0,-5.5276,292.6163,0.0003,0,-0.1515,-0.0321,0.0,0.6614,0.0,720,37.3662,1790926314.6564
road,conversation,,0,1,0,9.0,4.1571,99.0,0.0,-5.5276,293.0021,0.0002,0,-0.1451,-0.1408,0.0,0.6232,0.0,721,37.409,1790926314.7159
road,conversation,,0,1,0,9.0,4.0871,99.0,0.0,-5.5276,293.542,0.0001,0,-0.1156,-0.2441,0.0,0.1202,0.0,722,37.469,1790926314.7592
road,conversation,,0,1,0,9.0,4.0332,99.0,0.0,-5.5276,293.9256,0.0001,0,-0.109,-0.2733,0.0,0.3524,0.0,723,37.5116,1790926314.8059
road,conversation,,0,1,0,9.0,3.9678,99.0,0.0,-5.5276,294.3674,0.0,0,-0.1332,-0.2635,0.0,0.7471,0.0,724,37.5607,1790926314.8631
road,conversation,,0,1,0,9.0,3.89,99.0,0.0,-5.5276,294.8697,0.0,0,-0.1941,-0.213,0.0,0.6483,0.0,725,37.6165,1790926314.9118
road,conversation,,0,1,0,9.0,3.8193,99.0,0.0,-5.5276,295.313,0.0,0,-0.2459,-0.1556,0.0,0.1727,0.0,726,37.6658,1790926314.9808
road,conversation,,0,1,0,9.0,3.7202,99.0,0.0,-5.5276,295.9258,0.0,0,-0.2437,-0.0911,0.0,0.5883,0.0,727,37.7339,1790926315.0243
road,conversation,,0,1,0,9.0,3.6596,99.0,0.0,-5.5276,296.3013,0.0,0,-0.1741,-0.0695,0.0,0.6949,0.0,728,37.7756,1790926315.0809
road,conversation,,0,1,0,9.0,3.5763,99.0,0.0,-5.5276,296.8238,0.0,0,0.0056,-0.0589,0.0,0.3469,0.0,729,37.8337,1790926315.1288
road,conversation,,0,1,0,9.0,3.5099,99.0,0.0,-5.5276,297.2523,0.0,0,0.1903,-0.0547,0.0,0.2004,0.0,730,37.8813,1790926315.1722
road,conversation,,0,1,0,9.0,3.4524,99.0,0.0,-5.5276,297.6358,0.0,0,0.3427,-0.0421,0.0,0.4439,0.0,731,37.9239,1790926315.223
road,conversation,,0,1,0,9.0,3.3848,99.0,0.0,-5.5276,298.1073,0.0,0,0.4607,-0.0024,0.0,0.6194,0.0,732,37.9763,1790926315.2687
road,conversation,,0,1,0,9.0,3.3311,99.0,0.0,-5.5276,298.5046,0.0,0,0.4704,0.0553,0.0,0.4257,0.0,733,38.0204,1790926315.3104
road,conversation,,0,1,0,9.0,3.2799,99.0,0.0,-5.5276,298.9087,0.0,0,0.3899,0.132,0.0,0.1693,0.0,734,38.0653,1790926315.3749
road,conversation,,0,1,0,9.0,3.2156,99.0,0.0,-5.5276,299.4668,0.0,0,0.1664,0.2443,0.0,0.6325,0.0,735,38.1273,1790926315.415
road,conversation,,0,1,0,9.0,3.178,99.0,0.0,-5.5276,299.8306,0.0,0,-0.0065,0.3022,0.0,0.7354,0.0,736,38.1677,1790926315.4766
road,conversation,,0,1,0,9.0,3.1277,99.0,0.0,-5.5276,300.385,0.0,0,-0.2295,0.3359,0.0,0.3176,0.0,737,38.2293,1790926315.5227
road,conversation,,0,1,0,9.0,3.0959,99.0,0.0,-5.5276,300.7986,0.0,0,-0.321,0.3049,0.0,0.2225,0.0,738,38.2753,1790926315.5648
road,conversation,,0,1,0,9.0,3.0705,99.0,0.0,-5.5276,301.1894,0.0,0,-0.3369,0.2314,0.0,0.496,0.0,739,38.3187,1790926315.6191
road,conversation,,0,1,0,9.0,3.0454,99.0,0.0,-5.5276,301.6703,0.0,0,-0.2793,0.0964,0.0,0.6894,0.0,740,38.3722,1790926315.6636
road,conversation,,0,1,0,9.0,3.0296,99.0,0.0,-5.5276,302.0732,0.0,0,-0.1973,-0.0333,0.0,0.513,0.0,741,38.4169,1790926315.7297
road,conversation,,0,1,0,9.0,3.0149,99.0,0.0,-5.5276,302.6664,0.0,0,-0.0885,-0.2043,0.0,0.2261,0.0,742,38.4828,1790926315.7747
road,conversation,,0,1,0,9.0,3.0104,99.0,0.0,-5.5276,303.0697,0.0,0,-0.0507,-0.2808,0.0,0.5289,0.0,743,38.5277,1790926315.8243
road,conversation,,0,1,0,9.0,3.0105,99.0,0.0,-5.5276,303.5302,0.0,0,-0.0448,-0.314,0.0,0.7521,0.0,744,38.5788,1790926315.8741
road,conversation,,0,1,0,9.0,3.0154,99.0,0.0,-5.5276,303.9693,0.0,0,-0.0537,-0.2933,0.0,0.5968,0.0,745,38.6276,1790926315.9181
road,conversation,,0,1,0,9.0,3.0233,99.0,0.0,-5.5276,304.3629,0.0,0,-0.0476,-0.2422,0.0,0.2639,0.0,746,38.6713,1790926315.9805
road,conversation,,0,1,0,9.0,3.0399,99.0,0.0,-5.5276,304.9274,0.0,0,0.0207,-0.1455,0.0,0.3543,0.0,747,38.7341,1790926316.0249
road,conversation,,0,1,0,9.0,3.0546,99.0,0.0,-5.5276,305.3252,0.0,0,0.1153,-0.0818,0.0,0.5988,0.0,748,38.7783,1790926316.095
road,conversation,,0,1,0,9.0,3.0813,99.0,0.0,-5.5276,305.9462,0.0,0,0.2929,-0.0161,0.0,0.6819,0.0,749,38.8473,1790926316.1351
road,conversation,,0,1,0,9.0,3.0984,99.0,0.0,-5.5276,306.3089,0.0,0,0.3727,0.0013,0.0,0.5088,0.0,750,38.8876,1790926316.1879
road,conversation,,0,1,0,9.0,3.1229,99.0,0.0,-5.5276,306.8125,0.0,0,0.4005,0.0106,0.0,0.0987,0.0,751,38.9435,1790926316.2405
road,conversation,,0,1,0,9.0,3.1443,99.0,0.0,-5.5276,307.2537,0.0,0,0.3221,0.0202,0.0,0.0227,0.0,752,38.9925,1790926316.2776
road,conversation,,0,1,0,9.0,3.1609,99.0,0.0,-5.5276,307.6099,0.0,0,0.1934,0.039,0.0,0.0069,0.0,753,39.0321,1790926316.3371
road,conversation,,0,1,0,9.0,3.183,99.0,0.0,-5.5276,308.1269,0.0,0,-0.0542,0.092,0.0,0.0012,0.0,754,39.0896,1790926316.3819
road,conversation,,0,1,0,9.0,3.1976,99.0,0.0,-5.5276,308.5251,0.0,0,-0.2437,0.151,0.0,0.0003,0.0,755,39.1338,1790926316.4291
road,conversation,,0,1,0,9.0,3.2103,99.0,0.0,-5.5276,308.9591,0.0,0,-0.3955,0.2211,0.0,0.0001,0.0,756,39.182,1790926316.4844
road,conversation,,0,1,0,9.0,3.2199,99.0,0.0,-5.5276,309.4756,0.0,0,-0.4541,0.2865,0.0,0.0,0.0,757,39.2394,1790926316.526
road,conversation,,0,1,0,9.0,3.2224,99.0,0.0,-5.5276,309.8224,0.0,0,-0.4132,0.3038,0.0,0.0,0.0,758,39.2779,1790926316.5852
road,conversation,,0,1,0,9.0,3.2187,99.0,0.0,-5.5276,310.3631,0.0,0,-0.2537,0.2694,0.0,0.0,0.0,759,39.338,1790926316.6273
road,conversation,,0,1,0,9.0,3.2102,99.0,0.0,-5.5276,310.7362,0.0,0,-0.1144,0.2001,0.0,0.0,0.0,760,39.3795,1790926316.6726
road,conversation,,0,1,0,9.0,3.1933,99.0,0.0,-5.5276,311.17,0.0,0,0.0319,0.082,0.0,0.0,0.0,761,39.4277,1790926316.7268
road,conversation,,0,1,0,9.0,3.1661,99.0,0.0,-5.5276,311.6357,0.0,0,0.1337,-0.0664,0.0,0.0,0.0,762,39.4794,1790926316.7694
passenger,conversation,,0,1,0,9.0,3.1367,99.0,0.0,-5.5276,312.0132,1.9481,0,0.165,-0.1812,0.0,0.0,0.0,763,39.5214,1790926316.8202
passenger,conversation,,0,1,0,9.0,3.0894,99.0,0.0,-5.5276,312.4886,6.7603,0,15.8577,-2.2543,0.3287,0.2391,0.0,764,39.5742,1790926316.8678
passenger,conversation,,0,1,0,9.0,3.0386,99.0,0.0,-5.5276,312.903,10.8695,0,16.1276,-2.3388,0.9796,0.4813,0.0,765,39.6202,1790926316.9064
passenger,conversation,,0,1,0,9.0,2.989,99.0,0.0,-5.5276,313.2474,13.7036,0,16.1141,-2.3395,0.6026,0.6383,0.0,766,39.6585,1790926316.9695
passenger,conversation,,0,1,0,9.0,2.8906,99.0,0.0,-5.5276,313.8255,17.1604,0,16.1353,-2.2715,0.0,0.7408,0.0,767,39.7227,1790926317.0109
passenger,conversation,,0,1,0,9.0,2.8183,99.0,0.0,-5.5276,314.19,18.6249,0,16.1748,-2.1995,0.0,0.6784,0.0,768,39.7632,1790926317.0588
passenger,conversation,,0,1,0,9.0,2.7149,99.0,0.0,-5.5276,314.6526,19.901,0,16.2282,-2.0998,0.0,0.4478,0.0,769,39.8146,1790926317.1148
passenger,conversation,,0,1,0,9.0,2.5965,99.0,0.0,-5.5276,315.1215,20.723,0,16.2461,-2.0127,0.0,0.1347,0.0,770,39.8667,1790926317.1555
passenger,conversation,,0,1,0,9.0,2.4867,99.0,0.0,-5.5276,315.5145,21.1658,0,16.206,-1.9624,0.0,0.1721,0.0,771,39.9104,1790926317.2104
passenger,conversation,,0,1,0,9.0,2.3424,99.0,0.0,-5.5276,315.9851,21.5038,0,16.0813,-1.9319,0.0,0.4436,0.0,772,39.9627,1790926317.2528
passenger,conversation,,0,1,0,9.0,2.2149,99.0,0.0,-5.5276,316.368,21.6768,0,15.9322,-1.9247,0.0,0.6227,0.0,773,40.0052,1790926317.299
passenger,conversation,,0,1,0,9.0,2.0541,99.0,0.0,-5.5276,316.8163,21.8056,0,15.7424,-1.923,0.0,0.7146,0.0,774,40.055,1790926317.3519
passenger,conversation,,0,1,0,9.0,1.8851,99.0,0.0,-5.5276,317.255,21.8824,0,15.5926,-1.9138,0.0,0.648,0.0,775,40.1038,1790926317.392
passenger,conversation,,0,1,0,9.0,1.7335,99.0,0.0,-5.5276,317.6254,21.9234,0,15.5292,-1.8928,0.0,0.4862,0.0,776,40.1449,1790926317.4552
passenger,conversation,,0,1,0,9.0,1.4873,99.0,0.0,-5.5276,318.1909,21.9604,0,15.5784,-1.837,0.0,0.0831,0.0,777,40.2078,1790926317.5014
passenger,conversation,,0,1,0,9.0,1.2914,99.0,0.0,-5.5276,318.6149,21.9759,0,15.7213,-1.7876,0.0,0.2456,0.0,778,40.2549,1790926317.5598
passenger,conversation,,0,1,0,9.0,1.0387,99.0,0.0,-5.5276,319.1351,21.987,0,15.963,-1.7437,0.0,0.5874,0.0,779,40.3127,1790926317.6082
passenger,conversation,,0,1,0,9.0,0.8149,99.0,0.0,-5.5276,319.5757,21.9923,0,16.1605,-1.7424,0.0,0.7112,0.0,780,40.3616,1790926317.6582
passenger,conversation,,0,1,0,9.0,0.582,99.0,0.0,-5.5276,320.0182,21.9955,0,16.2984,-1.7873,0.0,0.6315,0.0,781,40.4108,1790926317.7087
passenger,conversation,,0,1,0,9.0,0.3361,99.0,0.0,-5.5276,320.4707,21.9974,0,16.3492,-1.8816,0.0,0.3538,0.0,782,40.4611,1790926317.7553
passenger,conversation,,0,1,0,9.0,0.1065,99.0,0.0,-5.5276,320.8823,21.9984,0,16.3198,-1.9988,0.0,0.1214,0.0,783,40.5068,1790926317.8149
passenger,conversation,,0,1,0,9.0,-0.2048,99.0,0.0,-5.5276,321.4276,21.9992,0,16.2131,-2.1666,0.0,0.4803,0.0,784,40.5674,1790926317.8651
passenger,conversation,,0,1,0,9.0,-0.4712,99.0,0.0,-5.5276,321.8852,21.9995,0,16.1162,-2.2839,0.0,0.7163,0.0,785,40.6182,1790926317.9147
passenger,conversation,,0,1,0,9.0,-0.7318,99.0,0.0,-5.5276,322.3271,21.9997,0,16.0532,-2.3504,0.0,0.666,0.0,786,40.6673,1790926317.975
passenger,conversation,,0,1,0,9.0,-1.0534,99.0,0.0,-5.5276,322.8681,21.9999,0,16.0307,-2.3516,0.0,0.2507,0.0,787,40.7275,1790926318.0295
passenger,conversation,,0,1,0,9.0,-1.3465,99.0,0.0,-5.5276,323.3595,21.9999,0,16.0388,-2.2814,0.0,0.2645,0.0,788,40.7821,1790926318.094
passenger,conversation,,0,1,0,9.0,-1.6976,99.0,0.0,-5.5276,323.95,22.0,0,16.0232,-2.1427,0.0,0.6986,0.0,789,40.8477,1790926318.1445
passenger,conversation,,0,1,0,9.0,-1.9604,99.0,0.0,-5.5276,324.3959,22.0,0,15.9605,-2.0323,0.0,0.7027,0.0,790,40.8972,1790926318.1994
passenger,conversation,,0,1,0,9.0,-2.2483,99.0,0.0,-5.5276,324.891,22.0,0,15.8398,-1.9344,0.0,0.2904,0.0,791,40.9522,1790926318.2448
passenger,conversation,,0,1,0,9.0,-2.4817,99.0,0.0,-5.5276,325.2996,22.0,0,15.7258,-1.8851,0.0,0.2282,0.0,792,40.9976,1790926318.2873
passenger,conversation,,0,1,0,9.0,-2.7028,99.0,0.0,-5.5276,325.6947,22.0,0,15.6379,-1.8648,0.0,0.4846,0.0,793,41.0415,1790926318.349
passenger,conversation,,0,1,0,9.0,-2.9942,99.0,0.0,-5.5276,326.2301,22.0,0,15.6084,-1.8671,0.0,0.5997,0.0,794,41.101,1790926318.3903
passenger,conversation,,0,1,0,9.0,-3.1898,99.0,0.0,-5.5276,326.6018,22.0,0,15.6694,-1.8754,0.0,0.4126,0.0,795,41.1423,1790926318.4507
passenger,conversation,,0,1,0,9.0,-3.4755,99.0,0.0,-5.5276,327.1667,22.0,0,15.8796,-1.8765,0.0,0.2399,0.0,796,41.2051,1790926318.4947
passenger,conversation,,0,1,0,9.0,-3.6609,99.0,0.0,-5.5276,327.5511,22.0,0,16.0678,-1.8621,0.0,0.5159,0.0,797,41.2478,1790926318.5397
passenger,conversation,,0,1,0,9.0,-3.8438,99.0,0.0,-5.5276,327.9473,22.0,0,16.2548,-1.8364,0.0,0.6941,0.0,798,41.2918,1790926318.6027
passenger,conversation,,0,1,0,9.0,-4.093,99.0,0.0,-5.5276,328.5221,22.0,0,16.4332,-1.7975,0.9966,0.3069,0.0,799,41.3557,1790926318.6413
passenger,conversation,,0,1,0,9.0,-4.2328,99.0,0.0,-5.5276,328.8666,22.0,0,16.459,-1.7876,0.6809,0.0973,0.0,800,41.394,1790926318.692
passenger,conversation,,0,1,0,9.0,-4.4041,99.0,0.0,-5.5276,329.3175,22.0,0,16.3971,-1.8055,0.0804,0.0217,0.0,801,41.4441,1790926318.7372
passenger,conversation,,0,1,0,9.0,-4.5486,99.0,0.0,-5.5276,329.7287,22.0,0,16.2693,-1.8598,0.0,0.0055,0.0,802,41.4897,1790926318.7787
road,conversation,,0,1,0,9.0,-4.671,99.0,0.0,-5.5276,330.1065,20.0493,0,16.1255,-1.9408,0.0,0.0016,0.0,803,41.5317,1790926318.8396
road,conversation,,0,1,0,9.0,-4.8334,99.0,0.0,-5.5276,330.6646,14.3726,0,-0.0646,-0.0957,0.0,0.0002,0.0,804,41.5937,1790926318.8918
road,conversation,,0,1,0,9.0,-4.9496,99.0,0.0,-5.5276,331.1219,10.023,0,-0.1561,-0.2247,0.0,0.0001,0.0,805,41.6445,1790926318.9339
road,conversation,,0,1,0,9.0,-5.0338,99.0,0.0,-5.5276,331.498,7.1959,0,-0.18,-0.3094,0.0,0.0,0.0,806,41.6863,1790926318.9935
road,conversation,,0,1,0,9.0,-5.1363,99.0,0.0,-5.5276,332.0368,4.3098,0,-0.1575,-0.3686,0.0,0.0,0.0,807,41.7462,1790926319.0361
road,conversation,,0,1,0,9.0,-5.1961,99.0,0.0,-5.5276,332.4193,2.9382,0,-0.1302,-0.3564,0.0,0.0,0.0,808,41.7887,1790926319.083
road,conversation,,0,1,0,9.0,-5.2517,99.0,0.0,-5.5276,332.8588,1.8633,0,-0.1171,-0.2897,0.0,0.0,0.0,809,41.8375,1790926319.1361
road,conversation,,0,1,0,9.0,-5.2954,99.0,0.0,-5.5276,333.3234,1.1353,0,-0.1395,-0.1753,0.0,0.2226,0.0,810,41.8892,1790926319.1883
road,conversation,,0,1,0,9.0,-5.3241,99.0,0.0,-5.5276,333.7897,0.6826,0,-0.1888,-0.0436,0.0,0.6208,0.0,811,41.941,1790926319.2365
road,conversation,,0,1,0,9.0,-5.3377,99.0,0.0,-5.5276,334.2332,0.4171,0,-0.2289,0.0694,0.0,0.6722,0.0,812,41.9902,1790926319.2868
road,conversation,,0,1,0,9.0,-5.3383,99.0,0.0,-5.5276,334.6844,0.2509,0,-0.2249,0.1511,0.0,0.3265,0.0,813,42.0404,1790926319.3649
road,conversation,,0,1,0,9.0,-5.3142,99.0,0.0,-5.5276,335.3853,0.1127,0,-0.076,0.1952,0.0,0.5364,0.0,814,42.1183,1790926319.4061
road,conversation,,0,1,0,9.0,-5.2903,99.0,0.0,-5.5276,335.7513,0.0738,0,0.0623,0.1858,0.0,0.7321,0.0,815,42.1589,1790926319.4642
road,conversation,,0,1,0,9.0,-5.2434,99.0,0.0,-5.5276,336.2763,0.04,0,0.2793,0.1559,0.0,0.6249,0.0,816,42.2173,1790926319.5119
road,conversation,,0,1,0,9.0,-5.1952,99.0,0.0,-5.5276,336.7028,0.0242,0,0.4164,0.135,0.0,0.2566,0.0,817,42.2646,1790926319.5617
road,conversation,,0,1,0,9.0,-5.1346,99.0,0.0,-5.5276,337.1584,0.0141,0,0.4733,0.1277,0.0,0.271,0.0,818,42.3153,1790926319.6094
road,conversation,,0,1,0,9.0,-5.0711,99.0,0.0,-5.5276,337.5793,0.0086,0,0.4234,0.1355,0.0,0.5496,0.0,819,42.362,1790926319.6523
road,conversation,,0,1,0,9.0,-5.0082,99.0,0.0,-5.5276,337.9588,0.0054,0,0.3012,0.1482,0.0,0.7013,0.0,820,42.4042,1790926319.7092
road,conversation,,0,1,0,9.0,-4.9127,99.0,0.0,-5.5276,338.4893,0.0029,0,0.0576,0.1554,0.0,0.5345,0.0,821,42.4632,1790926319.7571
road,conversation,,0,1,0,9.0,-4.8322,99.0,0.0,-5.5276,338.9067,0.0017,0,-0.1363,0.1362,0.0,0.2022,0.0,822,42.5095,1790926319.8005
road,conversation,,0,1,0,9.0,-4.7539,99.0,0.0,-5.5276,339.2945,0.0011,0,-0.2748,0.09,0.0,0.221,0.0,823,42.5526,1790926319.8608
road,conversation,,0,1,0,9.0,-4.6353,99.0,0.0,-5.5276,339.8593,0.0005,0,-0.359,-0.0252,0.0,0.5869,0.0,824,42.6154,1790926319.9054
road,conversation,,0,1,0,9.0,-4.5534,99.0,0.0,-5.5276,340.2384,0.0003,0,-0.3357,-0.1229,0.0,0.6736,0.0,825,42.6575,1790926319.9494
road,conversation,,0,1,0,9.0,-4.4612,99.0,0.0,-5.5276,340.6598,0.0002,0,-0.2577,-0.2313,0.0,0.5823,0.0,826,42.7043,1790926320.0177
road,conversation,,0,1,0,9.0,-4.3326,99.0,0.0,-5.5276,341.2431,0.0001,0,-0.1245,-0.3407,0.0,0.2201,0.0,827,42.7691,1790926320.0561
road,conversation,,0,1,0,9.0,-4.2539,99.0,0.0,-5.5276,341.6014,0.0001,0,-0.0618,-0.3656,0.0,0.1033,0.0,828,42.8089,1790926320.119
road,conversation,,0,1,0,9.0,-4.1332,99.0,0.0,-5.5276,342.1584,0.0,0,-0.019,-0.3257,0.0,0.4189,0.0,829,42.8708,1790926320.1583
road,conversation,,0,1,0,9.0,-4.058,99.0,0.0,-5.5276,342.5127,0.0,0,-0.0195,-0.2547,0.0,0.6135,0.0,830,42.9102,1790926320.2158
road,conversation,,0,1,0,9.0,-3.9482,99.0,0.0,-5.5276,343.0457,0.0,0,-0.0251,-0.105,0.0,0.7781,0.0,831,42.9694,1790926320.2651
road,conversation,,0,1,0,9.0,-3.8622,99.0,0.0,-5.5276,343.481,0.0,0,-0.0007,0.0268,0.0,0.6917,0.0,832,43.0178,1790926320.3085
road,conversation,,0,1,0,9.0,-3.7851,99.0,0.0,-5.5276,343.8882,0.0,0,0.0622,0.1337,0.0,0.4497,0.0,833,43.063,1790926320.3628
road,conversation,,0,1,0,9.0,-3.7005,99.0,0.0,-5.5276,344.3596,0.0,0,0.1766,0.2167,0.0,0.0968,0.0,834,43.1154,1790926320.4003
road,conversation,,0,1,0,9.0,-3.6222,99.0,0.0,-5.5276,344.826,0.0,0,0.299,0.2469,0.0,0.266,0.0,835,43.1672,1790926320.4732
road,conversation,,0,1,0,9.0,-3.5403,99.0,0.0,-5.5276,345.3552,0.0,0,0.3837,0.2273,0.0,0.5628,0.0,836,43.226,1790926320.5578
road,conversation,,0,1,0,9.0,-3.4335,99.0,0.0,-5.5276,346.139,0.0,0,0.2858,0.151,0.0,0.6927,0.0,837,43.3131,1790926320.5789
road,conversation,,0,1,0,9.0,-3.3893,99.0,0.0,-5.5276,346.5087,0.0,0,0.1438,0.12,0.0,0.6157,0.0,838,43.3542,1790926320.6401
road,conversation,,0,1,0,9.0,-3.3516,99.0,0.0,-5.5276,346.8528,0.0,0,-0.0204,0.1021,0.0,0.4751,0.0,839,43.3924,1790926320.7271
road,conversation,,0,1,0,9.0,-3.2788,99.0,0.0,-5.5276,347.633,0.0,0,-0.3642,0.095,0.0,0.0725,0.0,840,43.4791,1790926320.737
road,conversation,,0,1,0,9.0,-3.2394,99.0,0.0,-5.5276,348.153,0.0,0,-0.4617,0.0914,0.0,0.3322,0.0,841,43.5369,1790926320.8284
road,conversation,,0,1,0,9.0,-3.2141,99.0,0.0,-5.5276,348.5467,0.0,0,-0.4368,0.0714,0.0,0.5442,0.0,842,43.5806,1790926320.9159
road,conversation,,0,1,0,9.0,-3.174,99.0,0.0,-5.5276,349.3393,0.0,0,-0.1915,-0.0402,0.0,0.7352,0.0,843,43.6687,1790926320.9305
road,conversation,,0,1,0,9.0,-3.1537,99.0,0.0,-5.5276,349.8818,0.0,0,0.0138,-0.1596,0.0,0.5494,0.0,844,43.729,1790926321.0233
road,conversation,,0,1,0,9.0,-3.1411,99.0,0.0,-5.5276,350.3063,0.0,0,0.1308,-0.253,0.0,0.2932,0.0,845,43.7762,1790926321.1024
road,conversation,,0,1,0,9.0,-3.1248,99.0,0.0,-5.5276,351.0189,0.0,0,0.193,-0.3472,0.0,0.2697,0.0,846,43.8553,1790926321.1266
road,conversation,,0,1,0,9.0,-3.1204,99.0,0.0,-5.5276,351.2482,0.0,0,0.1836,-0.3498,0.0,0.361,0.0,847,43.8808,1790926321.18
road,conversation,,0,1,0,9.0,-3.1123,99.0,0.0,-5.5276,351.7096,0.0,0,0.1475,-0.307,0.0,0.6399,0.0,848,43.9321,1790926321.2275
road,conversation,,0,1,0,9.0,-3.1049,99.0,0.0,-5.5276,352.1409,0.0,0,0.1218,-0.2141,0.0,0.7601,0.0,849,43.98,1790926321.2807
road,conversation,,0,1,0,9.0,-3.0959,99.0,0.0,-5.5276,352.6243,0.0,0,0.1281,-0.0702,0.0,0.6373,0.0,850,44.0337,1790926321.3229
road,conversation,,0,1,0,9.0,-3.0876,99.0,0.0,-5.5276,353.0046,0.0,0,0.159,0.0507,0.0,0.3843,0.0,851,44.076,1790926321.3673
road,conversation,,0,1,0,9.0,-3.0775,99.0,0.0,-5.5276,353.3916,0.0,0,0.1979,0.1605,0.0,0.1245,0.0,852,44.119,1790926321.4256
road,conversation,,0,1,0,9.0,-3.0599,99.0,0.0,-5.5276,353.9214,0.0,0,0.2209,0.2623,0.0,0.4211,0.0,853,44.1778,1790926321.4707
road,conversation,,0,1,0,9.0,-3.042,99.0,0.0,-5.5276,354.3433,0.0,0,0.181,0.2913,0.0,0.6409,0.0,854,44.2247,1790926321.5281
road,conversation,,0,1,0,9.0,-3.0149,99.0,0.0,-5.5276,354.8494,0.0,0,0.0493,0.2689,0.0,0.6362,0.0,855,44.2809,1790926321.572
road,conversation,,0,1,0,9.0,-2.9886,99.0,0.0,-5.5276,355.2448,0.0,0,-0.1019,0.2211,0.0,0.4308,0.0,856,44.3249,1790926321.6181
road,conversation,,0,1,0,9.0,-2.9545,99.0,0.0,-5.5276,355.6742,0.0,0,-0.2761,0.1579,0.0,0.1098,0.0,857,44.3726,1790926321.6772
road,conversation,,0,1,0,9.0,-2.9048,99.0,0.0,-5.5276,356.1896,0.0,0,-0.4321,0.0905,0.0,0.3681,0.0,858,44.4299,1790926321.7174
road,conversation,,0,1,0,9.0,-2.8631,99.0,0.0,-5.5276,356.5562,0.0,0,-0.4706,0.0583,0.0,0.5991,0.0,859,44.4706,1790926321.7759
road,conversation,,0,1,0,9.0,-2.7919,99.0,0.0,-5.5276,357.0916,0.0,0,-0.3929,0.0361,0.0,0.6543,0.0,860,44.5301,1790926321.8209
road,conversation,,0,1,0,9.0,-2.7316,99.0,0.0,-5.5276,357.4831,0.0,0,-0.2486,0.0306,0.0,0.3967,0.0,861,44.5736,1790926321.8679
road,conversation,,0,1,0,9.0,-2.6554,99.0,0.0,-5.5276,357.9215,0.0,0,-0.0404,0.0213,0.0,0.1997,0.0,862,44.6223,1790926321.9252
road,conversation,,0,1,0,9.0,-2.558,99.0,0.0,-5.5276,358.4158,0.0,0,0.1851,-0.0099,0.0,0.0384,0.0,863,44.6772,1790926321.966
road,conversation,,0,1,0,9.0,-2.4764,99.0,0.0,-5.5276,358.7871,0.0,0,0.3059,-0.054,0.0,0.0111,0.0,864,44.7185,1790926322.024
road,conversation,,0,1,0,9.0,-2.3496,99.0,0.0,-5.5276,359.3084,0.0,0,0.3689,-0.1419,0.0,0.002,0.0,865,44.7764,1790926322.0642
road,conversation,,0,1,0,9.0,-2.2543,99.0,0.0,-5.5276,359.665,0.0,0,0.3417,-0.2091,0.0,0.0006,0.0,866,44.816,1790926322.1139
road,conversation,,0,1,0,9.0,-2.1248,99.0,0.0,-5.5276,360.1127,0.0,0,0.2526,-0.2825,0.0,0.0001,0.0,867,44.8657,1790926322.1606
road,conversation,,0,1,0,9.0,-1.9944,99.0,0.0,-5.5276,360.5294,0.0,0,0.1509,-0.3209,0.0,0.0,0.0,868,44.9121,1790926322.2048
road,conversation,,0,1,0,9.0,-1.8505,99.0,0.0,-5.5276,360.9582,0.0,0,0.0636,-0.3146,0.0,0.0,0.0,869,44.9597,1790926322.267
passenger,conversation,,0,1,0,9.0,-1.659,99.0,0.0,-5.5276,361.4878,3.3879,0,0.0094,-0.2354,0.0,0.0,0.0,870,45.0185,1790926322.3055
passenger,conversation,,0,1,0,9.0,-1.521,99.0,0.0,-5.5276,361.8465,7.1319,0,12.4156,-1.6944,0.0,0.0,0.0,871,45.0584,1790926322.3617
passenger,conversation,,0,1,0,9.0,-1.3179,99.0,0.0,-5.5276,362.3463,11.9346,0,16.0115,-1.9859,0.0,0.0,0.0,872,45.1139,1790926322.4071
passenger,conversation,,0,1,0,9.0,-1.1396,99.0,0.0,-5.5276,362.7624,15.0325,0,16.0006,-1.8557,0.0,0.0,0.0,873,45.1602,1790926322.4526
passenger,conversation,,0,1,0,9.0,-0.9562,99.0,0.0,-5.5276,363.1724,17.2752,0,15.9544,-1.752,0.0,0.0,0.0,874,45.2057,1790926322.5124
passenger,conversation,,0,1,0,9.0,-0.7016,99.0,0.0,-5.5276,363.7167,19.2596,0,15.8373,-1.6786,0.0,0.0,0.0,875,45.2662,1790926322.5604
passenger,conversation,,0,1,0,9.0,-0.4959,99.0,0.0,-5.5276,364.1394,20.2349,0,15.7291,-1.6796,0.0,0.0,0.0,876,45.3132,1790926322.6257
passenger,conversation,,0,1,0,9.0,-0.2031,99.0,0.0,-5.5276,364.7206,21.0537,0,15.6279,-1.7495,0.0,0.0,0.0,877,45.3777,1790926322.6681
passenger,conversation,,0,1,0,9.0,0.0014,99.0,0.0,-5.5276,365.1151,21.386,0,15.632,-1.8222,0.0,0.0,0.0,878,45.4216,1790926322.7258
passenger,conversation,,0,1,0,9.0,0.2788,99.0,0.0,-5.5276,365.6389,21.6578,0,15.7525,-1.9192,0.0,0.0,0.0,879,45.4798,1790926322.7686
passenger,conversation,,0,1,0,9.0,0.4759,99.0,0.0,-5.5276,366.0049,21.7737,0,15.9028,-1.9728,0.0,0.4011,0.0,880,45.5204,1790926322.812
passenger,conversation,,0,1,0,9.0,0.7001,99.0,0.0,-5.5276,366.4166,21.8586,0,16.103,-2.0121,0.908,0.6775,0.0,881,45.5662,1790926322.8649
passenger,conversation,,0,1,0,9.0,0.9548,99.0,0.0,-5.5276,366.8807,21.9172,0,16.3118,-2.032,0.6588,0.5114,0.0,882,45.6177,1790926322.908
passenger,conversation,,0,1,0,9.0,1.1657,99.0,0.0,-5.5276,367.2634,21.947,0,16.4275,-2.0375,0.1047,0.16,0.0,883,45.6603,1790926322.9676
passenger,conversation,,0,1,0,9.0,1.4598,99.0,0.0,-5.5276,367.7977,21.9717,0,16.46,-2.0486,0.0,0.4844,0.0,884,45.7196,1790926323.0092
passenger,conversation,,0,1,0,9.0,1.6649,99.0,0.0,-5.5276,368.1724,21.9818,0,16.3917,-2.0698,0.0,0.6871,0.0,885,45.7613,1790926323.0531
passenger,conversation,,0,1,0,9.0,1.8813,99.0,0.0,-5.5276,368.571,21.9887,0,16.2591,-2.109,0.0,0.6426,0.0,886,45.8056,1790926323.1087
passenger,conversation,,0,1,0,9.0,2.1469,99.0,0.0,-5.5276,369.0674,21.9937,0,16.0615,-2.1763,0.0,0.2073,0.0,887,45.8607,1790926323.1507
passenger,conversation,,0,1,0,9.0,2.3431,99.0,0.0,-5.5276,369.4409,21.996,0,15.93,-2.2292,0.0,0.2342,0.0,888,45.9022,1790926323.2037
passenger,conversation,,0,1,0,9.0,2.6007,99.0,0.0,-5.5276,369.9433,21.9978,0,15.8188,-2.2799,0.0,0.5791,0.0,889,45.958,1790926323.2539
passenger,conversation,HAZARD_ONSET_2,0,1,1,9.0,2.8158,21.3673,12.1938,6.7279,370.3761,21.9987,0,15.7929,-2.285,0.0,0.654,0.0,890,46.0061,1790926323.3002
passenger,conversation,,0,1,1,9.0,3.0221,20.9374,12.2439,6.6562,370.8059,21.9992,0,15.815,-2.2429,0.0,0.4544,0.0,891,46.0539,1790926323.3542
passenger,conversation,,0,1,1,9.0,3.2419,20.4597,12.3018,6.5766,371.2836,21.9996,0,15.8576,-2.1416,0.0,0.1114,0.0,892,46.107,1790926323.3968
passenger,conversation,,0,1,1,9.0,3.4065,20.085,12.3489,6.5142,371.6584,21.9997,0,15.8782,-2.0327,0.0,0.3106,0.0,893,46.1486,1790926323.4464
passenger,conversation,,0,1,1,9.0,3.6006,19.6195,12.4097,6.4366,372.1239,21.9998,0,15.8706,-1.885,0.0,0.6694,0.0,894,46.2003,1790926323.4966
passenger,conversation,,0,1,1,9.0,3.7699,19.1872,12.4684,6.3645,372.5562,21.9999,0,15.836,-1.7625,0.0,0.7686,0.0,895,46.2484,1790926323.534
passenger,conversation,,0,1,1,9.0,3.901,18.8305,12.5187,6.3051,372.9129,21.9999,0,15.8049,-1.6896,0.0,0.6364,0.0,896,46.288,1790926323.5972
passenger,conversation,,0,1,1,9.0,4.0915,18.2671,12.6016,6.2112,373.4762,22.0,0,15.7987,-1.6479,0.0,0.144,0.0,897,46.3506,1790926323.6443
passenger,conversation,,0,1,1,9.0,4.22,17.8465,12.6665,6.1411,373.8969,22.0,0,15.8583,-1.6777,0.0,0.2364,0.0,898,46.3973,1790926323.7217
passenger,conversation,,0,1,1,9.0,4.4095,17.133,12.7829,6.0222,374.6103,22.0,0,16.0888,-1.813,0.0,0.6887,0.0,899,46.4766,1790926323.7675
passenger,conversation,,0,1,1,9.0,4.4979,16.7416,12.8504,5.9569,375.0017,22.0,0,16.2458,-1.9037,0.0,0.748,0.0,900,46.5201,1790926323.8289
passenger,conversation,,0,1,1,9.0,4.6063,16.1729,12.9536,5.8621,375.5705,22.0,0,16.4244,-2.0164,0.0,0.5492,0.0,901,46.5833,1790926323.8787
passenger,conversation,,0,1,1,9.0,4.6721,15.7436,13.0357,5.7906,375.9998,22.0,0,16.4672,-2.0705,0.0,0.2604,0.0,902,46.631,1790926323.9283
passenger,conversation,,0,1,1,9.0,4.7281,15.2768,13.1295,5.7128,376.4666,22.0,0,16.3984,-2.0968,0.0,0.1711,0.0,903,46.6828,1790926323.9925
passenger,conversation,,0,1,1,9.0,4.7737,14.7206,13.2479,5.6201,377.0228,22.0,0,16.1843,-2.0996,0.0,0.491,0.0,904,46.7446,1790926324.0337
passenger,conversation,,0,1,1,9.0,4.7919,14.3395,13.3335,5.5566,377.4039,22.0,0,15.9983,-2.0985,0.0,0.6487,0.0,905,46.787,1790926324.0935
passenger,conversation,,0,1,1,9.0,4.7997,13.7992,13.4618,5.4665,377.9442,22.0,0,15.7618,-2.1119,0.0,0.6858,0.0,906,46.847,1790926324.1391
passenger,conversation,,0,1,1,9.0,4.792,13.3875,13.5653,5.3979,378.3558,22.0,0,15.6517,-2.1398,0.0,0.5651,0.0,907,46.8928,1790926324.1914
passenger,conversation,,0,1,1,9.0,4.7668,12.879,13.7009,5.3132,378.8643,22.0,0,15.6272,-2.1885,0.0,0.2973,0.0,908,46.9493,1790926324.2607
passenger,conversation,,0,1,1,9.0,4.7177,12.2977,13.8672,5.2163,379.4456,22.0,0,15.7243,-2.2357,0.0,0.0962,0.0,909,47.0139,1790926324.3043
hazard_right,conversation,,0,1,1,9.0,4.6733,11.9074,13.9864,5.1512,379.8359,20.3857,0,15.8235,-2.242,0.0,0.2575,0.0,910,47.0572,1790926324.3644
hazard_right,conversation,,0,1,1,9.0,4.5978,11.3681,14.162,5.0614,380.3752,16.077,0,8.8005,-0.1964,0.0,0.5931,0.0,911,47.1171,1790926324.4067
hazard_right,conversation,,0,1,1,9.0,4.5365,10.994,14.2921,4.999,380.7494,13.2408,0,8.849,-0.1248,0.0,0.7407,0.0,912,47.1587,1790926324.4547
hazard_right,conversation,,0,1,1,9.0,4.4555,10.5524,14.4552,4.9254,381.1909,10.5638,0,8.8668,-0.0071,0.0,0.7829,0.0,913,47.2078,1790926324.5149
hazard_right,conversation,,0,1,1,9.0,4.3467,10.0203,14.667,4.8367,381.7231,8.3171,0,8.8598,0.1537,0.0,0.1328,0.0,914,47.2669,1790926324.5594
hazard_right,conversation,,0,1,1,8.7471,4.2546,9.618,14.8305,4.7677,382.1253,7.1733,0,8.8658,0.2647,0.0,0.0334,0.0,915,47.3129,1790926324.6248
hazard_right,conversation,,0,1,1,8.389,4.1147,9.0718,15.052,4.6701,382.6715,6.1781,0,8.9325,0.3577,0.0,0.0047,0.0,916,47.378,1790926324.6722
hazard_right,conversation,,0,1,1,8.1334,4.0092,8.6939,15.2075,4.6004,383.0495,5.7708,0,9.0229,0.3616,0.0,0.0012,0.0,917,47.4245,1790926324.7287
hazard_right,conversation,,0,1,1,7.8176,3.8737,8.2449,15.3895,4.5142,383.4984,5.486,0,9.8606,0.2955,0.0,0.0002,0.0,918,47.4819,1790926324.7817
hazard_right,conversation,,0,1,1,7.5316,3.7474,7.8534,15.5461,4.4362,383.89,5.3568,0,9.933,0.1875,0.0,0.0,0.0,919,47.5339,1790926324.8195
hazard_right,conversation,,0,1,1,7.3181,3.6517,7.5692,15.6585,4.378,384.1741,5.314,0,9.9332,0.0946,0.0,0.0,0.0,920,47.5727,1790926324.877
hazard_right,conversation,,0,1,1,7.008,3.5114,7.1742,15.8056,4.2934,384.5691,5.296,0,9.8309,-0.0306,0.0,0.0,0.0,921,47.6291,1790926324.9223
hazard_right,conversation,,0,1,1,6.7535,3.3962,6.8616,15.9163,4.224,384.8817,5.304,0,9.667,-0.1062,0.0,0.0,0.0,922,47.6754,1790926324.973
hazard_right,conversation,,0,1,1,6.4658,3.267,6.5235,16.0246,4.1456,385.2199,5.3274,0,9.4399,-0.1521,0.0,0.0,0.0,923,47.7277,1790926325.0212
hazard_right,conversation,,0,1,1,6.2115,3.1544,6.2362,16.1063,4.0762,385.5071,5.3546,0,9.2551,-0.1608,0.0,0.3771,0.0,924,47.7739,1790926325.0649
hazard_right,conversation,,0,1,1,5.9682,3.049,5.9722,16.1696,4.0099,385.7711,5.3845,0,9.1362,-0.1514,0.0,0.2278,0.0,925,47.8181,1790926325.1253
hazard_right,conversation,,0,1,1,5.6404,2.9113,5.6361,16.2236,3.9204,386.1073,5.4162,0,9.739,-0.133,0.0,0.2304,0.0,926,47.8777,1790926325.1656
hazard_right,conversation,,0,1,1,5.4182,2.8215,5.4172,16.2448,3.8599,386.3261,5.4363,0,9.8081,-0.1287,0.0,0.4599,0.0,927,47.9181,1790926325.2069
hazard_right,conversation,,0,1,1,5.18,2.7289,5.1929,16.2476,3.7949,386.5505,5.4592,0,9.94,-0.1363,0.0,0.6949,0.0,928,47.9614,1790926325.2653
hazard_right,conversation,,0,1,1,4.8635,1.7868,4.913,16.2127,3.7086,386.8304,5.4756,0,10.1503,-0.1622,0.0,0.6787,0.0,929,48.019,1790926325.307
hazard_right,conversation,,0,1,1,4.6426,1.7694,4.7265,16.1672,3.6483,387.0168,5.4825,0,10.2801,-0.1813,0.0,0.4509,0.0,930,48.0592,1790926325.3657
hazard_right,conversation,,0,1,1,4.3127,1.7529,4.4678,16.0496,3.5584,387.2755,5.4784,0,10.3991,-0.1886,0.0,0.1814,0.0,931,48.1191,1790926325.4115
hazard_right,conversation,,0,1,1,4.0682,1.7484,4.2869,15.9313,3.4917,387.4564,5.468,0,10.4206,-0.163,0.0,0.4122,0.0,932,48.1636,1790926325.4577
hazard_right,conversation,,0,1,1,3.8162,1.7507,4.1121,15.7749,3.4229,387.6312,5.4529,0,10.3979,-0.102,0.0,0.6317,0.0,933,48.2094,1790926325.5243
hazard_right,conversation,,0,1,1,3.4485,1.767,3.8816,15.4713,3.3227,387.8618,5.3993,0,10.34,0.0414,0.0,0.4925,0.0,934,48.2763,1790926325.5682
hazard_right,conversation,,0,1,1,3.2047,1.7862,3.7395,15.2303,3.2562,388.0038,5.3553,0,10.3204,0.1534,0.0,0.1764,0.0,935,48.3206,1790926325.6338
hazard_right,conversation,,0,1,1,2.8446,1.8268,3.5533,14.7943,3.158,388.1901,5.2663,0,10.3409,0.2984,0.0,0.4866,0.0,936,48.3861,1790926325.6851
hazard_right,conversation,,0,1,1,2.5509,1.8703,3.4171,14.378,3.0779,388.3263,5.1781,0,9.5102,0.3628,0.0,0.7135,0.0,937,48.4395,1790926325.7361
hazard_right,conversation,,0,1,1,2.2665,1.9211,3.2999,13.9185,3.0003,388.4435,5.0808,0,9.5252,0.3592,0.0,0.5262,0.0,938,48.4912,1790926325.7946
hazard_right,conversation,,0,0,1,1.9608,1.9845,3.1909,13.36,2.9169,388.5524,4.9559,0,9.4745,0.2834,0.0,0.0993,0.0,939,48.5468,1790926325.8351
hazard_right,conversation,,0,0,1,1.7355,2.0367,3.1198,12.9106,2.8555,388.6235,4.8552,0,8.5717,0.1915,0.0,0.0291,0.0,940,48.5877,1790926325.8947
hazard_right,conversation,,0,0,1,1.4062,2.1206,3.0356,12.1853,2.7657,388.7077,4.6786,0,8.3756,0.035,0.0,0.0048,0.0,941,48.6476,1790926325.9426
hazard_right,conversation,,0,0,1,1.1462,2.1927,2.9814,11.5666,2.6948,388.7619,4.5236,0,7.4933,-0.0789,0.0,0.0012,0.0,942,48.6949,1790926325.9849
hazard_right,conversation,,0,0,1,0.9055,2.2633,2.9418,10.9582,2.6291,388.8016,4.3735,0,7.3805,-0.1583,0.0,0.0003,0.0,943,48.7386,1790926326.041
hazard_right,conversation,,0,0,1,0.6058,2.3558,2.9087,10.1527,2.5474,388.8346,4.2049,0,6.6881,-0.2102,0.0,0.0001,0.0,944,48.7931,1790926326.0835
hazard_right,conversation,,0,0,1,0.3659,2.4327,2.8928,9.4784,2.482,388.8506,4.1004,0,6.7497,-0.2154,0.0,0.0,0.0,945,48.8367,1790926326.1474
hazard_right,conversation,,0,0,1,0.0192,2.5471,2.8916,8.4565,2.3874,388.8518,3.9953,0,6.965,-0.1849,0.0,0.0,0.0,946,48.8998,1790926326.1889
hazard_right,conversation,,0,0,1,0.0,2.6231,2.8916,7.7844,2.3256,388.8518,3.95,0,7.1466,-0.1566,0.0,0.0,0.0,947,48.941,1790926326.2308
road,conversation,,0,0,1,0.0,2.6999,2.8916,7.1075,2.2636,388.8518,3.5852,0,7.3207,-0.133,0.0,0.0,0.0,948,48.9823,1790926326.2875
road,conversation,,0,0,1,0.0,2.8073,2.8916,6.1526,2.1764,388.8518,2.628,0,0.3419,-0.1189,0.0,0.0,0.0,949,49.0404,1790926326.3318
road,conversation,,0,0,1,0.0,2.8875,2.8916,5.4261,2.1103,388.8518,1.9341,0,0.3869,-0.1223,0.0,0.0,0.0,950,49.0845,1790926326.3887
road,conversation,,0,0,1,0.0,2.9873,2.8916,4.4963,2.0259,388.8518,1.2403,0,0.3394,-0.1316,0.0,0.0,0.0,951,49.1408,1790926326.4307
road,conversation,,0,0,1,0.0,3.0601,2.8916,3.7902,1.9619,388.8518,0.8626,0,0.2506,-0.1288,0.0,0.0,0.0,952,49.1834,1790926326.4752
road,conversation,,0,0,1,0.0,3.1319,2.8916,3.06,1.8959,388.8518,0.5824,0,0.1447,-0.1055,0.0,0.0,0.0,953,49.2274,1790926326.526
road,conversation,,0,0,1,0.0,3.2085,2.8916,2.2308,1.8211,388.8518,0.3668,0,0.0441,-0.0462,0.0,0.0,0.0,954,49.2773,1790926326.5661
road,conversation,,0,0,1,0.0,3.2662,2.8916,1.5578,1.7604,388.8518,0.2496,0,-0.0049,0.0266,0.0,0.0,0.0,955,49.3178,1790926326.6249
road,conversation,,0,0,1,0.0,3.343,2.8916,0.5637,1.6708,388.8518,0.1394,0,-0.024,0.1578,0.0,0.0,0.0,956,49.3775,1790926326.6707
road,conversation,,0,0,1,0.0,3.3939,2.8916,-0.1901,1.6029,388.8518,0.0889,0,-0.0174,0.2548,0.9239,0.0,0.0,957,49.4228,1790926326.7167
road,conversation,,0,0,1,0.0,3.4387,2.8916,-0.965,1.5331,388.8518,0.0556,0,-0.0206,0.3295,0.6919,0.0,0.0,958,49.4693,1790926326.7773
road,conversation,,0,0,1,0.0,3.4848,2.8916,-1.9679,1.4426,388.8518,0.03,0,-0.0733,0.3602,0.0036,0.0,0.0,959,49.5296,1790926326.8172
road,conversation,,0,0,1,0.0,3.5072,2.8916,-2.6298,1.3829,388.8518,0.0199,0,-0.1418,0.3314,0.0,0.0,0.0,960,49.5694,1790926326.8731
road,conversation,,0,0,1,0.0,3.5272,2.8916,-3.5516,1.2996,388.8518,0.0111,0,-0.2579,0.2313,0.0,0.0,0.0,961,49.6249,1790926326.9155
road,conversation,,0,0,1,0.0,3.5332,2.8916,-4.2692,1.2347,388.8518,0.0071,0,-0.332,0.1197,0.0,0.0,0.0,962,49.6682,1790926326.9568
road,conversation,,0,0,1,0.0,3.5217,2.8916,-5.5662,1.117,388.8518,0.0031,0,-0.335,-0.0946,0.0,0.0,0.0,963,49.7467,1790926327.038
road,conversation,,0,0,1,0.0,3.5027,2.8916,-6.2753,1.0524,388.8518,0.0019,0,-0.2402,-0.1868,0.0,0.0,0.0,964,49.7898,1790926327.114
road,conversation,,0,0,1,0.0,3.4458,2.8916,-7.543,0.9365,388.8518,0.0008,0,0.0602,-0.2646,0.0,0.0,0.0,965,49.867,1790926327.1273
road,conversation,,0,0,1,0.0,3.4051,2.8916,-8.1891,0.8772,388.8518,0.0006,0,0.2293,-0.2597,0.0,0.0,0.0,966,49.9066,1790926327.1914
road,conversation,,0,0,1,0.0,3.3586,2.8916,-8.8084,0.8202,388.8518,0.0004,0,0.3646,-0.2336,0.0,0.0,0.0,967,49.9446,1790926327.2769
road,recovery,,0,0,1,0.0,3.2306,2.8916,-10.1682,0.6943,388.8518,0.0001,0,0.4682,-0.1456,0.0,0.0,0.0,968,50.0285,1790926327.2871
road,recovery,,0,0,1,0.0,3.1133,2.8916,-11.1722,0.6006,388.8518,0.0001,0,0.3483,-0.0947,0.0,0.0,0.0,969,50.091,1790926327.3889
road,recovery,,0,0,1,0.0,3.0068,2.8916,-11.9667,0.526,388.8518,0.0,0,0.1753,-0.0758,0.0,0.0,0.0,970,50.1407,1790926327.474
road,recovery,,0,0,1,0.2146,2.7973,2.8731,-13.3734,0.3973,388.8702,0.0,0,-0.1182,-0.0689,0.0,0.0,0.0,971,50.2265,1790926327.4893
road,recovery,,0,0,1,0.2554,2.7539,2.8689,-13.642,0.3728,388.8744,0.0,0,-0.157,-0.0663,0.0,0.0,0.0,972,50.2429,1790926327.5346
road,recovery,,0,0,1,0.3643,2.6331,2.8531,-14.3702,0.3075,388.8903,0.0,0,-0.2214,-0.0494,0.0,0.0,0.0,973,50.2864,1790926327.5961
road,recovery,,0,0,1,0.5192,2.4489,2.8209,-15.4339,0.2145,388.9224,0.0,0,-0.2224,0.0105,0.0,0.0,0.0,974,50.3484,1790926327.6413
road,recovery,,0,0,1,0.6306,2.3083,2.7928,-16.2156,0.1476,388.9505,0.0,0,-0.1832,0.0806,0.0,0.0,0.0,975,50.393,1790926327.6869
road,recovery,,0,0,1,0.7545,2.1449,2.7554,-17.1069,0.0733,388.9879,0.0,0,-0.1374,0.174,0.0,0.0,0.0,976,50.4425,1790926327.7526
road,recovery,,0,0,1,0.9093,1.9314,2.6991,-18.2607,-0.0196,389.0443,0.0,0,-0.1179,0.2828,0.0,0.0,0.0,977,50.5044,1790926327.7919
road,recovery,,0,0,1,1.0116,1.7856,2.6577,-19.0436,-0.0809,389.0856,0.0,0,-0.1337,0.3287,0.0,0.0,0.0,978,50.5453,1790926327.8594
road,recovery,,0,0,1,1.1812,1.5369,2.5776,-20.3988,-0.1827,389.1657,0.0,0,-0.1758,0.3272,0.0,0.0,0.0,979,50.6132,1790926327.905
road,recovery,,0,0,1,1.2918,1.3712,2.5204,-21.314,-0.2491,389.2229,0.0,0,-0.1781,0.2677,0.0,0.0,0.0,980,50.6574,1790926327.9479
road,recovery,,0,0,1,1.3994,1.2082,2.4602,-22.2339,-0.3136,389.2831,0.0,0,-0.1369,0.1719,0.0,0.0,0.0,981,50.7005,1790926327.9943
road,recovery,,0,0,1,1.5136,1.034,2.3911,-23.2457,-0.3821,389.3523,0.0,0,-0.0384,0.0451,0.0,0.0,0.0,982,50.7461,1790926328.0403
road,recovery,,0,0,1,1.6271,0.8605,2.3172,-24.2901,-0.4502,389.4261,0.0,0,0.1038,-0.0851,0.0,0.0,0.0,983,50.7915,1790926328.0945
road,recovery,,0,0,1,1.7659,0.6489,2.2191,-25.6279,-0.5335,389.5242,0.0,0,0.2929,-0.2181,0.0,0.0,0.0,984,50.8471,1790926328.1426
road,recovery,,0,0,1,1.8866,0.4665,2.1281,-26.8447,-0.6059,389.6153,0.0,0,0.4174,-0.288,0.0,0.0,0.0,985,50.8953,1790926328.1864
road,recovery,,0,0,1,1.9985,0.2996,2.0386,-28.0225,-0.6731,389.7047,0.0,0,0.4599,-0.3069,0.0,0.0,0.0,986,50.9401,1790926328.2427
road,recovery,,0,0,1,2.1371,0.097,1.9201,-29.5575,-0.7562,389.8232,0.0,0,0.3903,-0.2745,0.0,0.0,0.0,987,50.9955,1790926328.2811
road,recovery,,0,0,1,2.2295,-0.0349,1.8378,-30.6242,-0.8117,389.9056,0.0,0,0.2749,-0.2288,0.0,0.0,0.0,988,51.0325,1790926328.3331
road,recovery,,0,0,1,2.3615,-0.2182,1.713,-32.2271,-0.8909,390.0303,0.0,0,0.0521,-0.1507,0.0,0.0,0.0,989,51.0853,1790926328.3833
road,recovery,,0,0,1,2.489,-0.3886,1.5861,-33.8612,-0.9674,390.1573,0.0,0,-0.168,-0.082,0.0,0.0,0.0,990,51.1363,1790926328.4304
road,recovery,,0,0,1,2.6025,-0.5339,1.4679,-35.3904,-1.0355,390.2754,0.0,0,-0.3165,-0.0389,0.0,0.0,0.0,991,51.1817,1790926328.4887
road,recovery,,0,0,1,2.7553,-0.7193,1.2995,-37.5833,-1.1272,390.4439,0.0,0,-0.3956,-0.0108,0.0,0.0,0.0,992,51.2428,1790926328.5309
road,recovery,,0,0,1,2.8565,-0.8348,1.1839,-39.1099,-1.1879,390.5594,0.0,0,-0.3679,-0.0042,0.0,0.0,0.0,993,51.2833,1790926328.5912
road,recovery,,0,0,1,3.0089,-0.9974,1.0004,-41.5577,-1.2793,390.7429,0.0,0,-0.2435,0.0077,0.0,0.0,0.0,994,51.3443,1790926328.638
road,recovery,,0,0,1,3.1255,-1.112,0.8547,-43.5391,-1.3493,390.8886,0.0,0,-0.1269,0.0332,0.0,0.0,0.0,995,51.3909,1790926328.6857
road,recovery,,0,0,1,3.2502,-1.2247,0.6925,-45.7787,-1.4241,391.0508,0.0,0,-0.0259,0.0838,0.0,0.0,0.0,996,51.4408,1790926328.7382
road,recovery,,0,0,1,3.3741,-1.3261,0.5253,-48.1276,-1.4985,391.218,0.0,0,0.0277,0.1541,0.0,0.0,0.0,997,51.4903,1790926328.7866
road,recovery,,0,0,1,3.495,-1.4149,0.3563,-50.5442,-1.571,391.387,0.0,0,0.0382,0.2279,0.0,0.0,0.0,998,51.5387,1790926328.8408
road,recovery,,0,0,1,3.6367,-1.5058,0.1501,-53.5456,-1.656,391.5932,0.0,0,0.0296,0.2941,0.0,0.0,0.0,999,51.5954,1790926328.8845
road,recovery,,0,0,1,3.7394,-1.5629,-0.0035,-55.8202,-1.7176,391.7468,0.0,0,0.0357,0.3112,0.0,0.0,0.0,1000,51.6365,1790926328.9392
road,recovery,,0,0,1,3.8787,-1.6284,-0.2196,-59.0648,-1.8012,391.9629,0.0,0,0.0865,0.2768,0.0,0.0,0.0,1001,51.6922,1790926328.984
road,recovery,,0,0,1,3.9891,-1.6708,-0.3957,-61.745,-1.8675,392.1391,0.0,0,0.1619,0.2012,0.0,0.0,0.0,1002,51.7363,1790926329.0256
road,recovery,,0,0,1,4.0928,-1.703,-0.5654,-64.3495,-1.9297,392.3088,0.0,0,0.2451,0.0993,0.0,0.0,0.0,1003,51.7778,1790926329.0852
road,recovery,,0,0,1,4.2401,-1.7367,-0.8153,-68.2059,-2.018,392.5587,0.0,0,0.3364,-0.0699,0.0,0.0,0.0,1004,51.8367,1790926329.1288
road,recovery,,0,0,1,4.35,-1.7528,-1.0065,-71.1642,-2.084,392.7498,0.0,0,0.3466,-0.1886,0.0,0.0,0.0,1005,51.8807,1790926329.1845
road,recovery,,0,0,1,4.4934,-1.7629,-1.2644,-75.1401,-2.1701,393.0077,0.0,0,0.2545,-0.3001,0.0,0.0,0.0,1006,51.9381,1790926329.2278
road,recovery,,0,0,1,4.6,-1.7629,-1.4605,-78.1383,-2.234,393.2039,0.0,0,0.1134,-0.3361,0.0,0.0,0.0,1007,51.9807,1790926329.2724
road,recovery,,0,0,1,4.7079,-1.7568,-1.6636,-81.2034,-2.2987,393.4069,0.0,0,-0.0671,-0.3289,0.0,0.0,0.0,1008,52.0239,1790926329.3213
road,recovery,,0,0,1,4.8339,-1.7426,-1.9072,-84.8107,-2.3743,393.6506,0.0,0,-0.277,-0.2731,0.0,0.0,0.0,1009,52.0743,1790926329.3638
road,recovery,,0,0,1,4.9404,-1.7251,-2.1177,-87.8501,-2.4382,393.861,0.0,0,-0.4102,-0.2004,0.0,0.0,0.0,1010,52.1168,1790926329.4203
road,recovery,,0,0,1,5.0838,-1.6946,-2.4093,-91.9245,-2.5242,394.1526,0.0,0,-0.4749,-0.0937,0.0,0.0,0.0,1011,52.1742,1790926329.468
road,recovery,,0,0,1,5.1968,-1.6658,-2.6442,-95.0765,-2.592,394.3875,0.0,0,-0.4213,-0.0223,0.0,0.0,0.0,1012,52.2194,1790926329.5111
road,recovery,,0,0,1,5.3061,-1.6345,-2.8763,-98.0667,-2.6577,394.6196,0.0,0,-0.2975,0.0259,0.0,0.0,0.0,1013,52.2631,1790926329.5641
road,recovery,,0,0,1,5.4415,-1.5921,-3.1709,-101.6777,-2.7389,394.9142,0.0,0,-0.0949,0.0556,0.0,0.0,0.0,1014,52.3173,1790926329.6046
road,recovery,,0,0,1,5.5414,-1.5588,-3.3925,-104.2527,-2.7989,395.1358,0.0,0,0.05,0.0623,0.0,0.0,0.0,1015,52.3573,1790926329.6659
road,recovery,,0,0,1,5.697,-1.5052,-3.7469,-108.1237,-2.8922,395.4902,0.0,0,0.2054,0.0675,0.0,0.0,0.0,1016,52.4195,1790926329.7163
road,recovery,,0,0,1,5.8195,-1.4622,-4.0321,-111.0194,-2.9657,395.7754,0.0,0,0.2458,0.0835,0.0,0.0,0.0,1017,52.4685,1790926329.7554
road,recovery,,0,0,1,5.9158,-1.4288,-4.2601,-113.199,-3.0235,396.0034,0.0,0,0.233,0.1096,0.0,0.0,0.0,1018,52.507,1790926329.8128
road,recovery,,0,0,1,6.0704,-1.3768,-4.6353,-116.5376,-3.1162,396.3786,0.0,0,0.1711,0.1728,0.0,0.0,0.0,1019,52.5688,1790926329.8645
road,recovery,,0,0,1,6.192,-1.3383,-4.9366,-119.0072,-3.1892,396.6799,0.0,0,0.1275,0.2268,0.0,0.0,0.0,1020,52.6175,1790926329.9174
road,recovery,,0,0,1,6.3343,-1.2972,-5.2971,-121.7354,-3.2746,397.0405,0.0,0,0.1152,0.2678,0.0,0.0,0.0,1021,52.6744,1790926329.9672
road,recovery,,0,0,1,6.4457,-1.2687,-5.5845,-123.7446,-3.3414,397.3278,0.0,0,0.1342,0.2654,0.0,0.0,0.0,1022,52.719,1790926330.0052
road,recovery,,0,0,1,6.5414,-1.2474,-5.8346,-125.3845,-3.3988,397.578,0.0,0,0.1567,0.2318,0.0,0.0,0.0,1023,52.7572,1790926330.0629
road,recovery,,0,0,1,6.6886,-1.221,-6.2286,-127.7795,-3.4872,397.9719,0.0,0,0.1637,0.1236,0.0,0.0,0.0,1024,52.8161,1790926330.1081
road,recovery,,0,0,1,6.8019,-1.2067,-6.5368,-129.5051,-3.5551,398.2802,0.0,0,0.1185,0.0059,0.0,0.0,0.0,1025,52.8615,1790926330.165
road,recovery,,0,0,1,6.9418,-1.1967,-6.9253,-131.5148,-3.6391,398.6686,0.0,0,-0.0107,-0.151,0.0,0.0,0.0,1026,52.9174,1790926330.2124
road,recovery,,0,0,1,7.061,-1.1957,-7.2621,-133.1217,-3.7106,399.0054,0.0,0,-0.1652,-0.2658,0.0,0.0,0.0,1027,52.9651,1790926330.2547
left_mirror,recovery,,0,0,1,7.1681,-1.2009,-7.5692,-134.4872,-3.7749,399.3125,-0.826,0,-0.3057,-0.3342,0.0,0.0,0.0,1028,53.008,1790926330.3128
left_mirror,recovery,,0,0,1,7.3103,-1.2172,-7.985,-136.2015,-3.8602,399.7283,-2.9572,0,-19.3843,-1.3051,0.0,0.0,0.0,1029,53.0648,1790926330.3535
left_mirror,recovery,,0,0,1,7.4119,-1.2357,-8.286,-137.3529,-3.9211,400.0293,-4.4298,0,-20.4534,-1.3265,0.0,0.0,0.0,1030,53.1054,1790926330.4125
left_mirror,recovery,,0,0,1,7.5609,-1.2733,-8.7368,-138.9545,-4.0105,400.4802,-6.1372,0,-20.3499,-1.2254,0.0,0.0,0.0,1031,53.1651,1790926330.4646
left_mirror,recovery,,0,0,1,7.6939,-1.3175,-9.1461,-140.2918,-4.0903,400.8895,-7.1847,0,-20.1509,-1.1088,0.0,0.0,0.0,1032,53.2183,1790926330.5278
left_mirror,recovery,,0,0,1,7.85,-1.3823,-9.6361,-141.7645,-4.184,401.3795,-7.9693,0,-19.8745,-0.9834,0.0,0.0,0.0,1033,53.2807,1790926330.5785
left_mirror,recovery,,0,0,1,7.9761,-1.4447,-10.0385,-142.8794,-4.2596,401.7818,-8.3594,0,-19.6944,-0.9144,0.0,0.0,0.0,1034,53.3311,1790926330.621
left_mirror,recovery,,0,0,1,8.0855,-1.5059,-10.3924,-143.7971,-4.3253,402.1357,-8.5803,0,-19.6095,-0.8834,0.0,0.0,0.0,1035,53.3749,1790926330.6823
left_mirror,recovery,,0,0,1,8.2375,-1.6014,-10.8932,-145.0069,-4.4165,402.6366,-8.7698,0,-19.6195,-0.8756,0.0,0.0,0.0,1036,53.4357,1790926330.7245
left_mirror,recovery,,0,0,1,8.4026,-1.7182,-11.448,-146.2371,-4.5155,403.1913,-8.8816,0,-19.7562,-0.8844,0.0,0.0,0.0,1037,53.5017,1790926330.7982
left_mirror,recovery,,0,0,1,8.5276,-1.815,-11.8743,-147.1116,-4.5905,403.6176,-8.929,0,-19.8857,-0.8813,0.0,0.0,0.0,1038,53.5517,1790926330.8804
left_mirror,recovery,,0,0,1,8.7375,-1.9919,-12.6081,-148.4947,-4.7165,404.3514,-8.9702,0,-20.0313,-0.8386,0.0,0.0,0.0,1039,53.6357,1790926330.9042
left_mirror,recovery,,0,0,1,8.8409,-2.0848,-12.9737,-149.1295,-4.7785,404.717,-8.9807,0,-20.0519,-0.8083,0.0,0.0,0.0,1040,53.6771,1790926330.9657
left_mirror,recovery,,0,0,1,8.9442,-2.1808,-13.3432,-149.7391,-4.8405,405.0865,-8.9875,0,-20.0494,-0.7843,0.0,0.0,0.0,1041,53.7184,1790926331.0575
left_mirror,recovery,,0,0,1,9.0,-2.4013,-14.1622,-150.9814,-4.977,405.9055,-8.9952,0,-20.0538,-0.805,0.0,0.0,0.0,1042,53.8094,1790926331.0673
left_mirror,recovery,,0,0,1,9.0,-2.5377,-14.6537,-151.6606,-5.0589,406.397,-8.9974,0,-20.112,-0.8868,0.0,0.0,0.0,1043,53.864,1790926331.1669
left_mirror,recovery,,0,0,1,9.0,-2.6739,-15.1388,-152.2879,-5.1398,406.8822,-8.9985,0,-20.208,-1.0116,0.0,0.0,0.0,1044,53.9179,1790926331.2439
left_mirror,recovery,,0,0,1,9.0,-2.8743,-15.8522,-153.1402,-5.2587,407.5955,-8.9994,0,-20.3301,-1.2182,0.0,0.0,0.0,1045,53.9971,1790926331.2581
left_mirror,recovery,,0,0,1,9.0,-3.0029,-16.3161,-153.6542,-5.336,408.0594,-8.9996,0,-20.3279,-1.3208,0.0,0.0,0.0541,1046,54.0487,1790926331.3349
left_mirror,recovery,,0,0,1,9.0,-3.0985,-16.6668,-154.0236,-5.3944,408.4101,-8.9998,0,-20.2628,-1.3623,0.0,0.0,0.0974,1047,54.0877,1790926331.4145
left_mirror,recovery,,0,0,0,9.0,-3.2861,99.0,0.0,-5.5132,409.1225,-8.9999,0,-19.9857,-1.3305,0.0,0.0,0.1853,1048,54.1668,1790926331.426
road,recovery,,0,0,0,9.0,-3.4043,99.0,0.0,-5.5132,409.5963,-7.8384,0,-19.763,-1.2341,0.0,0.0,0.2438,1049,54.2195,1790926331.5118
road,recovery,,0,0,0,9.0,-3.5005,99.0,0.0,-5.5132,410.0028,-6.116,0,-4.3429,-0.3619,0.0,0.0,0.294,1050,54.2646,1790926331.6074
road,recovery,,0,0,0,9.0,-3.6924,99.0,0.0,-5.5132,410.9008,-2.9403,0,0.4442,0.0978,0.0,0.0,0.4049,1051,54.3644,1790926331.6252
road,recovery,,0,0,0,9.0,-3.715,99.0,0.0,-5.5132,411.017,-2.6418,0,0.4189,0.1181,0.0,0.0,0.4192,1052,54.3773,1790926331.6735
road,recovery,,0,0,0,9.0,-3.8027,99.0,0.0,-5.5132,411.5041,-1.6521,0,0.2541,0.173,0.0,0.0,0.4794,1053,54.4314,1790926331.7521
road,recovery,,0,0,0,9.0,-3.9021,99.0,0.0,-5.5132,412.1538,-0.852,0,-0.0221,0.1789,0.0,0.0,0.5596,1054,54.5036,1790926331.7909
road,recovery,,0,0,0,9.0,-3.9472,99.0,0.0,-5.5132,412.5087,-0.5857,0,-0.1462,0.163,0.0,0.0,0.6034,1055,54.5431,1790926331.8521
road,recovery,,0,0,0,9.0,-4.0039,99.0,0.0,-5.5132,413.0653,-0.3205,0,-0.2503,0.1368,0.0,0.0,0.6721,1056,54.6049,1790926331.8936
road,recovery,,0,0,0,9.0,-4.0317,99.0,0.0,-5.5132,413.4359,-0.213,0,-0.2551,0.1296,0.0,0.0,0.7179,1057,54.6461,1790926331.9383
road,recovery,,0,0,0,9.0,-4.0549,99.0,0.0,-5.5132,413.8981,-0.1269,0,-0.2114,0.1368,0.0,0.0,0.7749,1058,54.6974,1790926331.9942
road,recovery,,0,0,0,9.0,-4.0647,99.0,0.0,-5.5132,414.3427,-0.0766,0,-0.1539,0.1542,0.0,0.0,0.8298,1059,54.7468,1790926332.0348
road,recovery,,0,0,0,9.0,-4.0635,99.0,0.0,-5.5132,414.709,-0.0503,0,-0.1198,0.1661,0.0,0.0,0.875,1060,54.7875,1790926332.0984
road,recovery,,0,0,0,9.0,-4.0442,99.0,0.0,-5.5132,415.2859,-0.0258,0,-0.1134,0.1556,0.0,0.0,0.9463,1061,54.8516,1790926332.1409
road,recovery,,0,0,0,9.0,-4.0205,99.0,0.0,-5.5132,415.6579,-0.0167,0,-0.1328,0.1183,0.0,0.0,0.9922,1062,54.893,1790926332.1817
road,recovery,,0,0,0,9.0,-3.9863,99.0,0.0,-5.5132,416.0463,-0.0106,0,-0.1519,0.0505,0.0,0.0,1.0,1063,54.9361,1790926332.2363
road,recovery,,0,0,0,9.0,-3.9322,99.0,0.0,-5.5132,416.5157,-0.0061,0,-0.1412,-0.0627,0.0,0.0,1.0,1064,54.9883,1790926332.2744
road,recovery,,0,0,0,9.0,-3.8832,99.0,0.0,-5.5132,416.8642,-0.004,0,-0.0924,-0.1567,0.0,0.0,1.0,1065,55.027,1790926332.3194
road,recovery,,0,0,0,9.0,-3.8132,99.0,0.0,-5.5132,417.2897,-0.0024,0,0.0181,-0.2634,0.0,0.0,1.0,1066,55.0743,1790926332.3757
road,recovery,,0,0,0,9.0,-3.7195,99.0,0.0,-5.5132,417.7792,-0.0013,0,0.1906,-0.3473,0.0,0.0,1.0,1067,55.1287,1790926332.4231
road,recovery,,0,0,0,9.0,-3.6258,99.0,0.0,-5.5132,418.2093,-0.0008,0,0.3383,-0.3669,0.9944,0.0,1.0,1068,55.1765,1790926332.4903
road,recovery,,0,0,0,9.0,-3.4797,99.0,0.0,-5.5132,418.8049,-0.0004,0,0.4486,-0.3005,0.2292,0.0,1.0,1069,55.2426,1790926332.5372
road,recovery,,0,0,0,9.0,-3.3651,99.0,0.0,-5.5132,419.2282,-0.0002,0,0.419,-0.1989,0.0,0.0,1.0,1070,55.2897,1790926332.5769
road,recovery,,0,0,0,9.0,-3.259,99.0,0.0,-5.5132,419.5948,-0.0001,0,0.3171,-0.0911,0.0,0.0,1.0,1071,55.3304,1790926332.6301
road,recovery,,0,0,0,9.0,-3.1135,99.0,0.0,-5.5132,420.0685,-0.0001,0,0.109,0.0484,0.0,0.0,1.0,1072,55.383,1790926332.6709
road,recovery,,0,0,0,9.0,-2.9951,99.0,0.0,-5.5132,420.4341,-0.0001,0,-0.0736,0.1383,0.0,0.0,1.0,1073,55.4237,1790926332.7283
road,recovery,,0,0,0,9.0,-2.8111,99.0,0.0,-5.5132,420.9761,0.0,0,-0.3024,0.2204,0.0,0.0,1.0,1074,55.4839,1790926332.7839
road,recovery,,0,0,0,9.0,-2.642,99.0,0.0,-5.5132,421.4534,0.0,0,-0.4036,0.2368,0.0,0.0,1.0,1075,55.5369,1790926332.8283
road,recovery,,0,0,0,9.0,-2.4922,99.0,0.0,-5.5132,421.8634,0.0,0,-0.3986,0.2176,0.0,0.0,1.0,1076,55.5825,1790926332.8843
road,recovery,,0,0,0,9.0,-2.3098,99.0,0.0,-5.5132,422.3515,0.0,0,-0.3015,0.1744,0.0,0.0,1.0,1077,55.6367,1790926332.9244
road,recovery,,0,0,0,9.0,-2.1688,99.0,0.0,-5.5132,422.7226,0.0,0,-0.1926,0.1412,0.0,0.0,1.0,1078,55.6779,1790926332.9697
road,recovery,,0,0,0,9.0,-2.003,99.0,0.0,-5.5132,423.1548,0.0,0,-0.0682,0.1143,0.0,0.0,1.0,1079,55.726,1790926333.027
road,recovery,,0,0,0,9.0,-1.8155,99.0,0.0,-5.5132,423.6414,0.0,0,0.0293,0.1038,0.0,0.0,1.0,1080,55.78,1790926333.0698
road,recovery,,0,0,0,9.0,-1.6671,99.0,0.0,-5.5132,424.0269,0.0,0,0.0628,0.1059,0.0,0.0,1.0,1081,55.8229,1790926333.1142
road,recovery,,0,0,0,9.0,-1.5191,99.0,0.0,-5.5132,424.4135,0.0,0,0.0657,0.1076,0.0,0.0,1.0,1082,55.8658,1790926333.1738
road,recovery,,0,0,0,9.0,-1.3161,99.0,0.0,-5.5132,424.9511,0.0,0,0.0544,0.0892,0.0,0.0,1.0,1083,55.9255,1790926333.2158
road,recovery,,0,0,0,9.0,-1.1697,99.0,0.0,-5.5132,425.3462,0.0,0,0.0642,0.049,0.0,0.0,1.0,1084,55.9694,1790926333.2692
road,recovery,,0,0,0,9.0,-0.9958,99.0,0.0,-5.5132,425.8273,0.0,0,0.1173,-0.0341,0.0,0.0,1.0,1085,56.0229,1790926333.3188
road,recovery,,0,0,0,9.0,-0.8448,99.0,0.0,-5.5132,426.2589,0.0,0,0.1972,-0.1315,0.0,0.0,1.0,1086,56.0708,1790926333.3589
road,recovery,,0,0,0,9.0,-0.7191,99.0,0.0,-5.5132,426.6301,0.0,0,0.2695,-0.2184,0.0,0.0,0.9866,1087,56.1121,1790926333.4182
road,recovery,,0,0,0,9.0,-0.5483,99.0,0.0,-5.5132,427.158,0.0,0,0.3287,-0.3177,0.0,0.0,0.9214,1088,56.1708,1790926333.4609
road,recovery,,0,0,0,9.0,-0.4291,99.0,0.0,-5.5132,427.5461,0.0,0,0.3079,-0.3525,0.0,0.0,0.8735,1089,56.2139,1790926333.5062
road,recovery,,0,0,0,9.0,-0.3008,99.0,0.0,-5.5132,427.9875,0.0,0,0.2033,-0.3387,0.0,0.0,0.819,1090,56.2629,1790926333.581
road,recovery,,0,0,0,9.0,-0.1324,99.0,0.0,-5.5132,428.6161,0.0,0,-0.0603,-0.2221,0.0,0.0,0.7414,1091,56.3328,1790926333.6219
road,recovery,,0,0,0,9.0,-0.0406,99.0,0.0,-5.5132,428.9904,0.0,0,-0.2345,-0.1139,0.0,0.0,0.6952,1092,56.3744,1790926333.6763
road,recovery,,0,0,0,9.0,0.0717,99.0,0.0,-5.5132,429.4899,0.0,0,-0.4153,0.0437,0.0,0.0,0.6335,1093,56.4299,1790926333.7216
road,recovery,,0,0,0,9.0,0.154,99.0,0.0,-5.5132,429.896,0.0,0,-0.4772,0.1575,0.0,0.0,0.5834,1094,56.475,1790926333.7621
road,recovery,,0,0,0,9.0,0.2195,99.0,0.0,-5.5132,430.2517,0.0,0,-0.4549,0.2313,0.0,0.0,0.5395,1095,56.5145,1790926333.8229
road,recovery,,0,0,0,9.0,0.3093,99.0,0.0,-5.5132,430.8087,0.0,0,-0.2939,0.2826,0.0,0.0,0.4707,1096,56.5764,1790926333.8719
road,recovery,,0,0,0,9.0,0.3677,99.0,0.0,-5.5132,431.2363,0.0,0,-0.1111,0.2703,0.0,0.0,0.4179,1097,56.6239,1790926333.9178
road,recovery,,0,0,0,9.0,0.4187,99.0,0.0,-5.5132,431.6786,0.0,0,0.0743,0.2239,0.0,0.0,0.3633,1098,56.673,1790926333.9779
road,recovery,,0,0,0,9.0,0.4666,99.0,0.0,-5.5132,432.1987,0.0,0,0.2251,0.1523,0.0,0.0,0.2991,1099,56.7308,1790926334.0167
road,recovery,,0,0,0,9.0,0.4913,99.0,0.0,-5.5132,432.5436,0.0,0,0.2671,0.1092,0.0,0.0,0.2565,1100,56.7692,1790926334.0744
road,recovery,,0,0,0,9.0,0.5184,99.0,0.0,-5.5132,433.0647,0.0,0,0.2502,0.0653,0.0,0.0,0.1922,1101,56.8271,1790926334.1157
road,recovery,,0,0,0,9.0,0.5306,99.0,0.0,-5.5132,433.433,0.0,0,0.2031,0.0509,0.0,0.0,0.1467,1102,56.868,1790926334.1604
road,recovery,,0,0,0,9.0,0.5378,99.0,0.0,-5.5132,433.8513,0.0,0,0.1457,0.0449,0.0,0.0,0.0951,1103,56.9144,1790926334.214
road,recovery,,0,0,0,9.0,0.5379,99.0,0.0,-5.5132,434.3264,0.0,0,0.1069,0.0366,0.0,0.0,0.0364,1104,56.9672,1790926334.2559
road,recovery,,0,0,0,9.0,0.5327,99.0,0.0,-5.5132,434.6952,0.0,0,0.1049,0.0178,0.0,0.0,0.0,1105,57.0082,1790926334.3151
road,recovery,,0,0,0,9.0,0.5171,99.0,0.0,-5.5132,435.2445,0.0,0,0.1298,-0.043,0.0,0.0,0.0,1106,57.0693,1790926334.3621
road,recovery,,0,0,0,9.0,0.5004,99.0,0.0,-5.5132,435.6506,0.0,0,0.1399,-0.1122,0.0,0.0,0.0,1107,57.1144,1790926334.4031
road,recovery,,0,0,0,9.0,0.4816,99.0,0.0,-5.5132,436.0263,0.0,0,0.1185,-0.1858,0.0,0.0,0.0,1108,57.1561,1790926334.4545
road,recovery,,0,0,0,9.0,0.4551,99.0,0.0,-5.5132,436.4834,0.0,0,0.0356,-0.2692,0.0,0.0,0.0,1109,57.2069,1790926334.4987
road,recovery,,0,0,0,9.0,0.4301,99.0,0.0,-5.5132,436.8735,0.0,0,-0.081,-0.3173,0.0,0.0,0.0,1110,57.2503,1790926334.5483
road,recovery,,0,0,0,9.0,0.3914,99.0,0.0,-5.5132,437.4373,0.0,0,-0.2789,-0.3216,0.0,0.0,0.0,1111,57.3129,1790926334.6096
road,recovery,,0,0,0,9.0,0.3598,99.0,0.0,-5.5132,437.8807,0.0,0,-0.4017,-0.2613,0.0,0.0,0.0,1112,57.3622,1790926334.6507
road,recovery,,0,0,0,9.0,0.3314,99.0,0.0,-5.5132,438.2791,0.0,0,-0.4451,-0.1647,0.0,0.0,0.0,1113,57.4064,1790926334.7241
road,recovery,,0,0,0,9.0,0.2877,99.0,0.0,-5.5132,438.9181,0.0,0,-0.3407,0.0355,0.0,0.0,0.0,1114,57.4774,1790926334.7665
road,recovery,,0,0,0,9.0,0.2638,99.0,0.0,-5.5132,439.2961,0.0,0,-0.1898,0.1514,0.0,0.0,0.0,1115,57.5194,1790926334.8277
road,recovery,,0,0,0,9.0,0.2334,99.0,0.0,-5.5132,439.8377,0.0,0,0.0773,0.2745,0.0,0.0,0.0,1116,57.5796,1790926334.8708
road,recovery,,0,0,0,9.0,0.2153,99.0,0.0,-5.5132,440.2231,0.0,0,0.251,0.3159,0.0,0.0,0.0,1117,57.6224,1790926334.9133
road,recovery,,0,0,0,9.0,0.2003,99.0,0.0,-5.5132,440.6225,0.0,0,0.3746,0.3148,0.0,0.0,0.0,1118,57.6668,1790926334.9671
road,recovery,,0,0,0,9.0,0.1882,99.0,0.0,-5.5132,441.0963,0.0,0,0.4181,0.2647,0.0,0.0,0.0,1119,57.7195,1790926335.0042
road,recovery,,0,0,0,9.0,0.1839,99.0,0.0,-5.5132,441.4228,0.0,0,0.3834,0.2105,0.0,0.0,0.0,1120,57.7557,1790926335.0585
road,recovery,,0,0,0,9.0,0.1844,99.0,0.0,-5.5132,441.9267,0.0,0,0.2567,0.1187,0.0,0.0,0.0,1121,57.8117,1790926335.1033
road,recovery,,0,0,0,9.0,0.1914,99.0,0.0,-5.5132,442.3254,0.0,0,0.1323,0.0561,0.0,0.0,0.0,1122,57.856,1790926335.1495
